ISO-10303-21;
HEADER;
FILE_DESCRIPTION (( 'STEP AP214' ),
    '1' );
FILE_NAME ('ио©г.STEP',
    '2023-09-10T09:36:31',
    ( '' ),
    ( '' ),
    'SwSTEP 2.0',
    'SolidWorks 2022',
    '' );
FILE_SCHEMA (( 'AUTOMOTIVE_DESIGN' ));
ENDSEC;

DATA;
#1 = ADVANCED_FACE ( 'NONE', ( #2037 ), #1093, .T. ) ;
#2 = DIRECTION ( 'NONE',  ( 0.000000000000000000, 0.000000000000000000, 1.000000000000000000 ) ) ;
#3 = VECTOR ( 'NONE', #3691, 1000.000000000000000 ) ;
#4 = CARTESIAN_POINT ( 'NONE',  ( -20.00000000000000711, 14.00000000000000000, 28.44999999999999929 ) ) ;
#5 = CARTESIAN_POINT ( 'NONE',  ( -13.02968331415716818, 11.70000000000000107, 8.036288141110496497 ) ) ;
#6 = VECTOR ( 'NONE', #679, 1000.000000000000000 ) ;
#7 = ADVANCED_FACE ( 'NONE', ( #4652 ), #3326, .F. ) ;
#8 = ORIENTED_EDGE ( 'NONE', *, *, #2533, .F. ) ;
#9 = DIRECTION ( 'NONE',  ( 0.000000000000000000, 1.000000000000000000, -2.443272501375785867E-14 ) ) ;
#10 = CIRCLE ( 'NONE', #2793, 2.599999999999998312 ) ;
#11 = CARTESIAN_POINT ( 'NONE',  ( -19.54563100190903313, 12.50000000000000000, -30.26302832007985089 ) ) ;
#12 = EDGE_CURVE ( 'NONE', #721, #1343, #519, .T. ) ;
#13 = ORIENTED_EDGE ( 'NONE', *, *, #3234, .F. ) ;
#14 = CARTESIAN_POINT ( 'NONE',  ( 18.19999999999999574, 1.855257548757038855, -32.04999999999999005 ) ) ;
#15 = LINE ( 'NONE', #3391, #147 ) ;
#16 = DIRECTION ( 'NONE',  ( 0.000000000000000000, 0.000000000000000000, -1.000000000000000000 ) ) ;
#17 = DIRECTION ( 'NONE',  ( 0.000000000000000000, 0.000000000000000000, 1.000000000000000000 ) ) ;
#18 = DIRECTION ( 'NONE',  ( 1.000000000000000000, 0.000000000000000000, 0.000000000000000000 ) ) ;
#19 = ORIENTED_EDGE ( 'NONE', *, *, #610, .F. ) ;
#20 = VERTEX_POINT ( 'NONE', #4574 ) ;
#21 = ORIENTED_EDGE ( 'NONE', *, *, #3049, .F. ) ;
#22 = ORIENTED_EDGE ( 'NONE', *, *, #4476, .T. ) ;
#23 = DIRECTION ( 'NONE',  ( 0.000000000000000000, 0.000000000000000000, -1.000000000000000000 ) ) ;
#24 = CYLINDRICAL_SURFACE ( 'NONE', #5199, 3.799999999999980282 ) ;
#25 = CARTESIAN_POINT ( 'NONE',  ( 7.949999999963791808, 13.19999999999999929, 8.700000000000104095 ) ) ;
#26 = CARTESIAN_POINT ( 'NONE',  ( -19.20000000000000284, 14.00000000000000000, 28.45000000000000284 ) ) ;
#27 = CARTESIAN_POINT ( 'NONE',  ( 16.39999999999999503, 14.00000000000000000, -31.24999999999998934 ) ) ;
#28 = DIRECTION ( 'NONE',  ( 0.000000000000000000, -0.000000000000000000, 1.000000000000000000 ) ) ;
#29 = DIRECTION ( 'NONE',  ( -0.7057733216852292157, 0.000000000000000000, 0.7084377307833045201 ) ) ;
#30 = EDGE_CURVE ( 'NONE', #2989, #2875, #4981, .T. ) ;
#31 = DIRECTION ( 'NONE',  ( -2.287444056218751836E-17, -0.9063077870366479383, -0.4226182617407038267 ) ) ;
#32 = ORIENTED_EDGE ( 'NONE', *, *, #539, .F. ) ;
#33 = DIRECTION ( 'NONE',  ( 0.000000000000000000, 0.000000000000000000, 1.000000000000000000 ) ) ;
#34 = FACE_OUTER_BOUND ( 'NONE', #1405, .T. ) ;
#35 = FACE_OUTER_BOUND ( 'NONE', #4893, .T. ) ;
#36 = EDGE_CURVE ( 'NONE', #2736, #2966, #113, .T. ) ;
#37 = EDGE_CURVE ( 'NONE', #792, #2984, #1763, .T. ) ;
#38 = ORIENTED_EDGE ( 'NONE', *, *, #2605, .T. ) ;
#39 = DIRECTION ( 'NONE',  ( 1.000000000000000000, -0.000000000000000000, -0.000000000000000000 ) ) ;
#40 = DIRECTION ( 'NONE',  ( -0.000000000000000000, 0.000000000000000000, -1.000000000000000000 ) ) ;
#41 = CARTESIAN_POINT ( 'NONE',  ( -18.00000000000000355, 1.855257548757081265, 12.51701856276042335 ) ) ;
#42 = PLANE ( 'NONE',  #5028 ) ;
#43 = EDGE_CURVE ( 'NONE', #3344, #508, #4195, .T. ) ;
#44 = CARTESIAN_POINT ( 'NONE',  ( -12.07500000000022844, 5.099999999857725008, -30.24999999999999289 ) ) ;
#45 = EDGE_LOOP ( 'NONE', ( #330, #4832, #181, #4869 ) ) ;
#46 = ORIENTED_EDGE ( 'NONE', *, *, #1453, .F. ) ;
#47 = ORIENTED_EDGE ( 'NONE', *, *, #3606, .T. ) ;
#48 = ORIENTED_EDGE ( 'NONE', *, *, #4385, .T. ) ;
#49 = DIRECTION ( 'NONE',  ( -0.000000000000000000, 1.000000000000000000, -0.000000000000000000 ) ) ;
#50 = CARTESIAN_POINT ( 'NONE',  ( 16.39999999999999503, 14.00000000000000000, -31.24999999999998934 ) ) ;
#51 = EDGE_CURVE ( 'NONE', #2406, #3725, #86, .T. ) ;
#52 = CYLINDRICAL_SURFACE ( 'NONE', #2947, 3.599999999999999201 ) ;
#53 = CARTESIAN_POINT ( 'NONE',  ( 16.29999999999999716, 8.250000000000000000, 26.24999999999998934 ) ) ;
#54 = CARTESIAN_POINT ( 'NONE',  ( -18.20000000000000284, 10.85525754875699711, -32.04999999999999005 ) ) ;
#55 = CARTESIAN_POINT ( 'NONE',  ( -18.20000000000000284, 10.09999999985903862, 21.74264564540182576 ) ) ;
#56 = CARTESIAN_POINT ( 'NONE',  ( 19.19999999999999929, 14.00000000000000000, 9.483333333333339610 ) ) ;
#57 = ORIENTED_EDGE ( 'NONE', *, *, #3606, .F. ) ;
#58 = PLANE ( 'NONE',  #2677 ) ;
#59 = DIRECTION ( 'NONE',  ( 0.000000000000000000, 1.000000000000000000, 0.000000000000000000 ) ) ;
#60 = CARTESIAN_POINT ( 'NONE',  ( -19.99999999999364775, 14.00000000000000000, -28.92132385417754037 ) ) ;
#61 = CIRCLE ( 'NONE', #1356, 3.599999999999999201 ) ;
#62 = EDGE_CURVE ( 'NONE', #4461, #393, #1245, .T. ) ;
#63 = ORIENTED_EDGE ( 'NONE', *, *, #5159, .F. ) ;
#64 = VECTOR ( 'NONE', #5209, 1000.000000000000114 ) ;
#65 = VECTOR ( 'NONE', #3719, 1000.000000000000000 ) ;
#66 = CARTESIAN_POINT ( 'NONE',  ( -18.00000000000000355, 1.855257548756997554, -0.9829814372395776489 ) ) ;
#67 = DIRECTION ( 'NONE',  ( 1.000000000000000000, 0.000000000000000000, -5.412553747197527263E-17 ) ) ;
#68 =( LENGTH_UNIT ( ) NAMED_UNIT ( * ) SI_UNIT ( .MILLI., .METRE. ) );
#69 = LINE ( 'NONE', #98, #2424 ) ;
#70 = DIRECTION ( 'NONE',  ( 0.000000000000000000, 1.000000000000000000, 0.000000000000000000 ) ) ;
#71 = VECTOR ( 'NONE', #1284, 1000.000000000000000 ) ;
#72 = EDGE_LOOP ( 'NONE', ( #3486, #1796, #1152, #2370 ) ) ;
#73 = ADVANCED_FACE ( 'NONE', ( #3351 ), #2986, .T. ) ;
#74 = ORIENTED_EDGE ( 'NONE', *, *, #3375, .F. ) ;
#75 = EDGE_LOOP ( 'NONE', ( #3397, #5359, #448, #3125, #1954 ) ) ;
#76 = DIRECTION ( 'NONE',  ( 0.000000000000000000, 0.000000000000000000, 1.000000000000000000 ) ) ;
#77 = VECTOR ( 'NONE', #879, 1000.000000000000000 ) ;
#78 = CARTESIAN_POINT ( 'NONE',  ( 16.39999999999999503, 12.50000000000000000, -32.04999999999999005 ) ) ;
#79 = VECTOR ( 'NONE', #1709, 1000.000000000000000 ) ;
#80 = ORIENTED_EDGE ( 'NONE', *, *, #2410, .T. ) ;
#81 = EDGE_CURVE ( 'NONE', #2470, #1457, #1492, .T. ) ;
#82 = CARTESIAN_POINT ( 'NONE',  ( 20.00000000000000355, 1.855257548757081265, 11.01701856276042335 ) ) ;
#83 = LINE ( 'NONE', #2998, #754 ) ;
#84 = DIRECTION ( 'NONE',  ( -1.000000000000000000, -0.000000000000000000, 1.654744174222709448E-16 ) ) ;
#85 = VECTOR ( 'NONE', #1592, 1000.000000000000114 ) ;
#86 = LINE ( 'NONE', #2100, #3709 ) ;
#87 = PLANE ( 'NONE',  #3392 ) ;
#88 = AXIS2_PLACEMENT_3D ( 'NONE', #4713, #3910, #3063 ) ;
#89 = VERTEX_POINT ( 'NONE', #4814 ) ;
#90 = CARTESIAN_POINT ( 'NONE',  ( 6.591820935136431636, 13.19999999999999929, 26.78531431339454727 ) ) ;
#91 = DIRECTION ( 'NONE',  ( -1.654744174222709448E-16, -2.443272501375785867E-14, -1.000000000000000000 ) ) ;
#92 = CARTESIAN_POINT ( 'NONE',  ( -18.21302832008003847, 14.00000000000031797, -31.59563100190819540 ) ) ;
#93 = VECTOR ( 'NONE', #137, 1000.000000000000000 ) ;
#94 = VERTEX_POINT ( 'NONE', #1434 ) ;
#95 = CIRCLE ( 'NONE', #526, 4.600000000000003197 ) ;
#96 = FACE_OUTER_BOUND ( 'NONE', #2185, .T. ) ;
#97 = CARTESIAN_POINT ( 'NONE',  ( -18.19999999999999574, 11.69999999999999929, -26.24999999999998934 ) ) ;
#98 = CARTESIAN_POINT ( 'NONE',  ( -8.050000000036208192, 11.70000000000000107, 8.700000000000104095 ) ) ;
#99 = CYLINDRICAL_SURFACE ( 'NONE', #4091, 1.749999999999977351 ) ;
#100 = EDGE_CURVE ( 'NONE', #4517, #3441, #2619, .T. ) ;
#101 = VECTOR ( 'NONE', #4300, 1000.000000000000000 ) ;
#102 = EDGE_LOOP ( 'NONE', ( #5039, #2887, #1292, #218, #3989, #3132, #490, #5334, #1485, #3307, #2714, #1422, #3487, #2449, #3524 ) ) ;
#103 = ORIENTED_EDGE ( 'NONE', *, *, #546, .T. ) ;
#104 = ORIENTED_EDGE ( 'NONE', *, *, #1165, .T. ) ;
#105 = FACE_OUTER_BOUND ( 'NONE', #4859, .T. ) ;
#106 = PLANE ( 'NONE',  #156 ) ;
#107 = ADVANCED_FACE ( 'NONE', ( #3138 ), #160, .F. ) ;
#108 = EDGE_CURVE ( 'NONE', #883, #875, #4744, .T. ) ;
#109 = ORIENTED_EDGE ( 'NONE', *, *, #2669, .F. ) ;
#110 = CARTESIAN_POINT ( 'NONE',  ( 18.44999999999970441, 4.000000000000000000, -27.24999999999998934 ) ) ;
#111 = CYLINDRICAL_SURFACE ( 'NONE', #1542, 0.5000000000000004441 ) ;
#112 = CARTESIAN_POINT ( 'NONE',  ( -18.12073082143905722, 14.00000000000000000, 30.68906715320497725 ) ) ;
#113 = LINE ( 'NONE', #3381, #2316 ) ;
#114 = CARTESIAN_POINT ( 'NONE',  ( 18.00000000000000355, 1.855257548757081265, 12.51701856276042335 ) ) ;
#115 = ADVANCED_FACE ( 'NONE', ( #3896 ), #4278, .F. ) ;
#116 = DIRECTION ( 'NONE',  ( -1.000000000000000000, -0.000000000000000000, 5.412553747197527263E-17 ) ) ;
#117 = DIRECTION ( 'NONE',  ( 0.000000000000000000, 1.000000000000000000, 0.000000000000000000 ) ) ;
#118 = DIRECTION ( 'NONE',  ( 0.000000000000000000, 1.000000000000000000, 0.000000000000000000 ) ) ;
#119 = ORIENTED_EDGE ( 'NONE', *, *, #3842, .F. ) ;
#120 = CARTESIAN_POINT ( 'NONE',  ( -9.074999999958757613, 0.000000000000000000, -30.94999999999998863 ) ) ;
#121 = DIRECTION ( 'NONE',  ( -1.000000000000000000, -0.000000000000000000, 1.654744174222709448E-16 ) ) ;
#122 = CARTESIAN_POINT ( 'NONE',  ( -16.40000000000000568, 14.00000000000000000, -31.24999999999998934 ) ) ;
#123 = CARTESIAN_POINT ( 'NONE',  ( -16.07815178400701228, 8.750000000000000000, 29.30094095281597433 ) ) ;
#124 = ORIENTED_EDGE ( 'NONE', *, *, #669, .F. ) ;
#125 = ORIENTED_EDGE ( 'NONE', *, *, #5057, .F. ) ;
#126 = EDGE_LOOP ( 'NONE', ( #2140, #5064, #4948, #4266 ) ) ;
#127 = CARTESIAN_POINT ( 'NONE',  ( 18.19999999999999929, 9.632466196467996511, -4.869667632591993645 ) ) ;
#128 = FACE_OUTER_BOUND ( 'NONE', #313, .T. ) ;
#129 = ADVANCED_FACE ( 'NONE', ( #3458 ), #1818, .F. ) ;
#130 = DIRECTION ( 'NONE',  ( 5.412553747197527263E-17, 0.000000000000000000, 1.000000000000000000 ) ) ;
#131 = CARTESIAN_POINT ( 'NONE',  ( -18.44999999999969731, 4.000000000000000000, -27.74999999999999289 ) ) ;
#132 = CARTESIAN_POINT ( 'NONE',  ( 17.04999999999970939, -4.162030754331431659, -26.24999999999998934 ) ) ;
#133 = CARTESIAN_POINT ( 'NONE',  ( -20.00000000000000000, 12.50000000000000178, -28.92123889803845671 ) ) ;
#134 = DIRECTION ( 'NONE',  ( -0.000000000000000000, 1.000000000000000000, 0.000000000000000000 ) ) ;
#135 = EDGE_CURVE ( 'NONE', #602, #5104, #394, .T. ) ;
#136 = CARTESIAN_POINT ( 'NONE',  ( 18.00000000000000355, 10.85525754875699711, 4.713787486155460726 ) ) ;
#137 = DIRECTION ( 'NONE',  ( -0.000000000000000000, 1.000000000000000000, -0.000000000000000000 ) ) ;
#138 = CARTESIAN_POINT ( 'NONE',  ( 18.19999999999999574, 0.000000000000000000, 26.24999999999998934 ) ) ;
#139 = EDGE_CURVE ( 'NONE', #3990, #1560, #471, .T. ) ;
#140 = ORIENTED_EDGE ( 'NONE', *, *, #5310, .F. ) ;
#141 = DIRECTION ( 'NONE',  ( -0.000000000000000000, 1.000000000000000000, -0.000000000000000000 ) ) ;
#142 = CARTESIAN_POINT ( 'NONE',  ( -19.93804677753133703, 5.494999999859252249, 29.11500000000011568 ) ) ;
#143 = AXIS2_PLACEMENT_3D ( 'NONE', #1759, #4978, #2204 ) ;
#144 =( NAMED_UNIT ( * ) PLANE_ANGLE_UNIT ( ) SI_UNIT ( $, .RADIAN. ) );
#145 = DIRECTION ( 'NONE',  ( -0.000000000000000000, -1.000000000000000000, -0.000000000000000000 ) ) ;
#146 = CARTESIAN_POINT ( 'NONE',  ( -18.20000000000000284, 1.855257548756997776, -0.9829814372395822009 ) ) ;
#147 = VECTOR ( 'NONE', #2518, 1000.000000000000000 ) ;
#148 = VERTEX_POINT ( 'NONE', #1690 ) ;
#149 = ORIENTED_EDGE ( 'NONE', *, *, #1398, .F. ) ;
#150 = DIRECTION ( 'NONE',  ( 1.000000000000000000, -0.000000000000000000, -0.000000000000000000 ) ) ;
#151 = CARTESIAN_POINT ( 'NONE',  ( -5.466666666666672114, 12.50000000000000000, -32.04999999999999005 ) ) ;
#152 = VECTOR ( 'NONE', #2694, 1000.000000000000000 ) ;
#153 = AXIS2_PLACEMENT_3D ( 'NONE', #870, #3058, #2542 ) ;
#154 = ORIENTED_EDGE ( 'NONE', *, *, #447, .F. ) ;
#155 = ORIENTED_EDGE ( 'NONE', *, *, #4226, .T. ) ;
#156 = AXIS2_PLACEMENT_3D ( 'NONE', #2200, #1320, #2557 ) ;
#157 = DIRECTION ( 'NONE',  ( 0.000000000000000000, 0.000000000000000000, 1.000000000000000000 ) ) ;
#158 = FACE_OUTER_BOUND ( 'NONE', #5220, .T. ) ;
#159 = FACE_OUTER_BOUND ( 'NONE', #4363, .T. ) ;
#160 = CYLINDRICAL_SURFACE ( 'NONE', #3201, 0.5000000000000004441 ) ;
#161 = DIRECTION ( 'NONE',  ( -0.000000000000000000, 1.000000000000000000, -0.000000000000000000 ) ) ;
#162 = VECTOR ( 'NONE', #216, 1000.000000000000000 ) ;
#163 = EDGE_CURVE ( 'NONE', #1330, #1597, #5012, .T. ) ;
#164 = CYLINDRICAL_SURFACE ( 'NONE', #4845, 3.000000000041469495 ) ;
#165 = AXIS2_PLACEMENT_3D ( 'NONE', #3594, #1819, #4402 ) ;
#166 = CARTESIAN_POINT ( 'NONE',  ( -15.07500000004169749, 0.000000000000000000, -30.94999999999998863 ) ) ;
#167 = CARTESIAN_POINT ( 'NONE',  ( -16.32500000000116813, 13.19999999999999929, -26.24999999999998934 ) ) ;
#168 = EDGE_CURVE ( 'NONE', #4434, #3365, #4155, .T. ) ;
#169 = ORIENTED_EDGE ( 'NONE', *, *, #5061, .F. ) ;
#170 = EDGE_CURVE ( 'NONE', #4379, #4725, #5103, .T. ) ;
#171 = ORIENTED_EDGE ( 'NONE', *, *, #3042, .F. ) ;
#172 = CARTESIAN_POINT ( 'NONE',  ( 8.297907058017150561, 11.70000000000000107, 30.03188675837486699 ) ) ;
#173 = DIRECTION ( 'NONE',  ( -0.000000000000000000, 1.000000000000000000, -0.000000000000000000 ) ) ;
#174 = VECTOR ( 'NONE', #4151, 1000.000000000000000 ) ;
#175 = DIRECTION ( 'NONE',  ( 0.000000000000000000, 1.000000000000000000, 0.000000000000000000 ) ) ;
#176 = CARTESIAN_POINT ( 'NONE',  ( 18.19999999999999929, 1.855257548757038855, 6.517018562760418021 ) ) ;
#177 = ADVANCED_FACE ( 'NONE', ( #1912 ), #1339, .F. ) ;
#178 = VECTOR ( 'NONE', #4177, 1000.000000000000000 ) ;
#179 = ORIENTED_EDGE ( 'NONE', *, *, #472, .F. ) ;
#180 = EDGE_LOOP ( 'NONE', ( #5328, #4430, #5266, #4826 ) ) ;
#181 = ORIENTED_EDGE ( 'NONE', *, *, #3347, .F. ) ;
#182 = FACE_OUTER_BOUND ( 'NONE', #2684, .T. ) ;
#183 = DIRECTION ( 'NONE',  ( -0.000000000000000000, -0.000000000000000000, -1.000000000000000000 ) ) ;
#184 = VECTOR ( 'NONE', #929, 1000.000000000000000 ) ;
#185 = ORIENTED_EDGE ( 'NONE', *, *, #4014, .T. ) ;
#186 = ORIENTED_EDGE ( 'NONE', *, *, #135, .T. ) ;
#187 = ORIENTED_EDGE ( 'NONE', *, *, #2039, .T. ) ;
#188 = LINE ( 'NONE', #4380, #5375 ) ;
#189 = DIRECTION ( 'NONE',  ( -1.000000000000000000, 2.736911063134408342E-48, 1.654744174222709694E-16 ) ) ;
#190 = CARTESIAN_POINT ( 'NONE',  ( 15.07623566518830138, 11.70000000000000107, 23.22796885807552414 ) ) ;
#191 = DIRECTION ( 'NONE',  ( 5.412553747197527263E-17, 0.000000000000000000, 1.000000000000000000 ) ) ;
#192 = EDGE_CURVE ( 'NONE', #1457, #4403, #580, .T. ) ;
#193 = LINE ( 'NONE', #2318, #93 ) ;
#194 = PLANE ( 'NONE',  #4768 ) ;
#195 = ORIENTED_EDGE ( 'NONE', *, *, #1157, .T. ) ;
#196 = ORIENTED_EDGE ( 'NONE', *, *, #4829, .F. ) ;
#197 = EDGE_CURVE ( 'NONE', #4296, #918, #4664, .T. ) ;
#198 = CARTESIAN_POINT ( 'NONE',  ( -19.00000000000000000, 14.00000000000000000, 28.45000000000000284 ) ) ;
#199 = LINE ( 'NONE', #1363, #2667 ) ;
#200 = DIRECTION ( 'NONE',  ( -1.000000000000000000, -0.000000000000000000, 1.654744174222709448E-16 ) ) ;
#201 = DIRECTION ( 'NONE',  ( 0.000000000000000000, 1.000000000000000000, 0.000000000000000000 ) ) ;
#202 = EDGE_LOOP ( 'NONE', ( #1779, #4319, #5054, #3009 ) ) ;
#203 = ORIENTED_EDGE ( 'NONE', *, *, #4731, .F. ) ;
#204 = EDGE_LOOP ( 'NONE', ( #74, #5007, #1974, #3969 ) ) ;
#205 = EDGE_CURVE ( 'NONE', #508, #1050, #3041, .T. ) ;
#206 = FACE_OUTER_BOUND ( 'NONE', #3700, .T. ) ;
#207 = CARTESIAN_POINT ( 'NONE',  ( -13.53232484621986131, 11.70000000000000107, 7.700000000000102318 ) ) ;
#208 = ORIENTED_EDGE ( 'NONE', *, *, #1026, .F. ) ;
#209 = ORIENTED_EDGE ( 'NONE', *, *, #1783, .F. ) ;
#210 = EDGE_LOOP ( 'NONE', ( #4269, #4488, #1076, #2387 ) ) ;
#211 = DIRECTION ( 'NONE',  ( -0.000000000000000000, 1.000000000000000000, -0.000000000000000000 ) ) ;
#212 = CARTESIAN_POINT ( 'NONE',  ( 15.25402600187435809, 13.19999999999999929, 19.58934830313743802 ) ) ;
#213 = LINE ( 'NONE', #1381, #1046 ) ;
#214 = LINE ( 'NONE', #4792, #3898 ) ;
#215 = PLANE ( 'NONE',  #3667 ) ;
#216 = DIRECTION ( 'NONE',  ( 1.000000000000000000, 0.000000000000000000, 0.000000000000000000 ) ) ;
#217 = EDGE_LOOP ( 'NONE', ( #2763, #2846, #924, #3678 ) ) ;
#218 = ORIENTED_EDGE ( 'NONE', *, *, #3947, .F. ) ;
#219 = DIRECTION ( 'NONE',  ( -0.000000000000000000, 1.000000000000000000, -0.000000000000000000 ) ) ;
#220 = LINE ( 'NONE', #2503, #3021 ) ;
#221 = FACE_OUTER_BOUND ( 'NONE', #4932, .T. ) ;
#222 = CARTESIAN_POINT ( 'NONE',  ( -9.223942020710227396, 11.70000000000000107, 7.700000000000102318 ) ) ;
#223 = EDGE_CURVE ( 'NONE', #1746, #3261, #2702, .T. ) ;
#224 = ORIENTED_EDGE ( 'NONE', *, *, #2839, .F. ) ;
#225 = ORIENTED_EDGE ( 'NONE', *, *, #1427, .T. ) ;
#226 = CARTESIAN_POINT ( 'NONE',  ( 19.90630163600593860, 12.50000000000000178, 29.39229238369341601 ) ) ;
#227 = FACE_OUTER_BOUND ( 'NONE', #1085, .T. ) ;
#228 = CIRCLE ( 'NONE', #836, 2.599999999999998312 ) ;
#229 = ADVANCED_FACE ( 'NONE', ( #785 ), #807, .F. ) ;
#230 = ORIENTED_EDGE ( 'NONE', *, *, #3899, .T. ) ;
#231 = ORIENTED_EDGE ( 'NONE', *, *, #1095, .F. ) ;
#232 = ORIENTED_EDGE ( 'NONE', *, *, #4506, .F. ) ;
#233 = DIRECTION ( 'NONE',  ( -1.000000000000000000, -0.000000000000000000, 5.412553747197527263E-17 ) ) ;
#234 = VECTOR ( 'NONE', #3846, 1000.000000000000000 ) ;
#235 = VECTOR ( 'NONE', #354, 1000.000000000000000 ) ;
#236 = CARTESIAN_POINT ( 'NONE',  ( 2.332400340011097621E-12, 13.19999999999999929, 18.88178248604694787 ) ) ;
#237 = DIRECTION ( 'NONE',  ( 0.000000000000000000, 0.000000000000000000, 1.000000000000000000 ) ) ;
#238 = DIRECTION ( 'NONE',  ( -1.000000000000000000, 0.000000000000000000, 5.412553747197527263E-17 ) ) ;
#239 = EDGE_CURVE ( 'NONE', #1236, #1587, #4842, .T. ) ;
#240 = VECTOR ( 'NONE', #4375, 1000.000000000000000 ) ;
#241 = VECTOR ( 'NONE', #1431, 1000.000000000000000 ) ;
#242 = DIRECTION ( 'NONE',  ( -1.000000000000000000, 0.000000000000000000, 5.412553747197527263E-17 ) ) ;
#243 = DIRECTION ( 'NONE',  ( 0.000000000000000000, 0.9063077870366478273, 0.4226182617407038267 ) ) ;
#244 = AXIS2_PLACEMENT_3D ( 'NONE', #305, #5263, #1920 ) ;
#245 = CARTESIAN_POINT ( 'NONE',  ( 16.39999999999999503, 14.00000000000000000, -32.04999999999999005 ) ) ;
#246 = ORIENTED_EDGE ( 'NONE', *, *, #3339, .T. ) ;
#247 = AXIS2_PLACEMENT_3D ( 'NONE', #406, #4929, #2072 ) ;
#248 = VERTEX_POINT ( 'NONE', #1994 ) ;
#249 = CARTESIAN_POINT ( 'NONE',  ( -20.00000000000000000, 10.09999999985903862, 21.74264564540182576 ) ) ;
#250 = CARTESIAN_POINT ( 'NONE',  ( -18.63850636870002120, 14.00000000000000000, 30.17119064447791388 ) ) ;
#251 = VECTOR ( 'NONE', #3092, 1000.000000000000000 ) ;
#252 = ORIENTED_EDGE ( 'NONE', *, *, #4399, .T. ) ;
#253 = ORIENTED_EDGE ( 'NONE', *, *, #2753, .T. ) ;
#254 = VECTOR ( 'NONE', #2191, 1000.000000000000114 ) ;
#255 = ORIENTED_EDGE ( 'NONE', *, *, #3529, .F. ) ;
#256 = FACE_OUTER_BOUND ( 'NONE', #587, .T. ) ;
#257 = LINE ( 'NONE', #1452, #2334 ) ;
#258 = ADVANCED_FACE ( 'NONE', ( #4043 ), #4928, .F. ) ;
#259 = CARTESIAN_POINT ( 'NONE',  ( 8.949999999963793584, 11.70000000000000107, 7.700000000000102318 ) ) ;
#260 = VECTOR ( 'NONE', #4122, 1000.000000000000000 ) ;
#261 = VERTEX_POINT ( 'NONE', #356 ) ;
#262 = VERTEX_POINT ( 'NONE', #5367 ) ;
#263 = VERTEX_POINT ( 'NONE', #4473 ) ;
#264 = ORIENTED_EDGE ( 'NONE', *, *, #1060, .T. ) ;
#265 = CARTESIAN_POINT ( 'NONE',  ( -13.17605797928974454, 11.70000000000000107, 7.700000000000102318 ) ) ;
#266 = PRESENTATION_LAYER_ASSIGNMENT (  '', '', ( #4963 ) ) ;
#267 = DIRECTION ( 'NONE',  ( 1.000000000000000000, -0.000000000000000000, 5.412553747197527263E-17 ) ) ;
#268 = EDGE_CURVE ( 'NONE', #2272, #2481, #1631, .T. ) ;
#269 = CARTESIAN_POINT ( 'NONE',  ( 18.00000000000000355, 10.85525754875699711, 3.213787486155459838 ) ) ;
#270 = EDGE_CURVE ( 'NONE', #4808, #1135, #1448, .T. ) ;
#271 = LINE ( 'NONE', #1412, #3028 ) ;
#272 = ADVANCED_FACE ( 'NONE', ( #4880 ), #3661, .T. ) ;
#273 = DIRECTION ( 'NONE',  ( 4.905439608839507105E-17, -0.4226182617407037712, 0.9063077870366480493 ) ) ;
#274 = CARTESIAN_POINT ( 'NONE',  ( -18.20000000000000284, 7.454999999859222015, 27.86500000000006594 ) ) ;
#275 = CARTESIAN_POINT ( 'NONE',  ( 20.00000000000000355, 1.855257548757081265, 12.51701856276042335 ) ) ;
#276 = ORIENTED_EDGE ( 'NONE', *, *, #81, .F. ) ;
#277 = ORIENTED_EDGE ( 'NONE', *, *, #4036, .T. ) ;
#278 = ADVANCED_FACE ( 'NONE', ( #4444 ), #1963, .F. ) ;
#279 = DIRECTION ( 'NONE',  ( -4.905439608839507105E-17, 0.4226182617407037712, -0.9063077870366480493 ) ) ;
#280 = LINE ( 'NONE', #1151, #1446 ) ;
#281 = DIRECTION ( 'NONE',  ( 0.000000000000000000, 0.000000000000000000, 1.000000000000000000 ) ) ;
#282 = EDGE_LOOP ( 'NONE', ( #3123, #5165, #290, #2494 ) ) ;
#283 = EDGE_LOOP ( 'NONE', ( #3924, #4005, #2003, #3620 ) ) ;
#284 = VERTEX_POINT ( 'NONE', #3254 ) ;
#285 = CARTESIAN_POINT ( 'NONE',  ( -19.93804677753134058, 6.204999999859253101, 29.11500000000009791 ) ) ;
#286 = DIRECTION ( 'NONE',  ( 0.000000000000000000, -1.000000000000000000, 0.000000000000000000 ) ) ;
#287 = CARTESIAN_POINT ( 'NONE',  ( 18.44999999999969731, 4.000000000000000000, 27.74999999999999645 ) ) ;
#288 = ORIENTED_EDGE ( 'NONE', *, *, #3732, .T. ) ;
#289 = ORIENTED_EDGE ( 'NONE', *, *, #192, .F. ) ;
#290 = ORIENTED_EDGE ( 'NONE', *, *, #432, .F. ) ;
#291 = ORIENTED_EDGE ( 'NONE', *, *, #1907, .T. ) ;
#292 = CARTESIAN_POINT ( 'NONE',  ( 18.44999999999970441, 0.000000000000000000, -27.74999999999998934 ) ) ;
#293 = FACE_BOUND ( 'NONE', #4674, .T. ) ;
#294 = CARTESIAN_POINT ( 'NONE',  ( 16.40000000000000213, 14.00000000000000000, 31.25000000000000000 ) ) ;
#295 = ADVANCED_FACE ( 'NONE', ( #3688 ), #2813, .T. ) ;
#296 = CARTESIAN_POINT ( 'NONE',  ( -20.00000000000000355, 12.50000000000000000, -28.44999999999998863 ) ) ;
#297 = EDGE_CURVE ( 'NONE', #602, #668, #4496, .T. ) ;
#298 = CARTESIAN_POINT ( 'NONE',  ( -9.074999999958757613, 5.200000000000000178, -30.94999999999998863 ) ) ;
#299 = DIRECTION ( 'NONE',  ( -0.000000000000000000, -1.000000000000000000, -0.000000000000000000 ) ) ;
#300 = DIRECTION ( 'NONE',  ( -5.412553747197527263E-17, 0.000000000000000000, -1.000000000000000000 ) ) ;
#301 = EDGE_CURVE ( 'NONE', #3130, #4089, #1464, .T. ) ;
#302 = ORIENTED_EDGE ( 'NONE', *, *, #3111, .F. ) ;
#303 = DIRECTION ( 'NONE',  ( -0.000000000000000000, 1.000000000000000000, -0.000000000000000000 ) ) ;
#304 = CARTESIAN_POINT ( 'NONE',  ( 8.297907058017150561, 11.70000000000000107, 30.03188675837486699 ) ) ;
#305 = CARTESIAN_POINT ( 'NONE',  ( -13.17605797928974454, 11.70000000000000107, 7.900000000000103384 ) ) ;
#306 = EDGE_CURVE ( 'NONE', #1161, #2221, #1765, .T. ) ;
#307 = EDGE_LOOP ( 'NONE', ( #1205, #1573, #255, #4858 ) ) ;
#308 = EDGE_LOOP ( 'NONE', ( #2794, #710, #881, #4917 ) ) ;
#309 = CARTESIAN_POINT ( 'NONE',  ( -18.44999999999969731, 4.000000000000000000, -27.74999999999999289 ) ) ;
#310 = CARTESIAN_POINT ( 'NONE',  ( 16.76658521991563333, 14.00000000000000000, 31.24999999999618439 ) ) ;
#311 = CARTESIAN_POINT ( 'NONE',  ( 16.22500000000117026, 11.70000000000000107, 7.700000000000102318 ) ) ;
#312 = DIRECTION ( 'NONE',  ( -0.000000000000000000, 1.000000000000000000, -0.000000000000000000 ) ) ;
#313 = EDGE_LOOP ( 'NONE', ( #4487, #2707, #2796, #1650 ) ) ;
#314 = ORIENTED_EDGE ( 'NONE', *, *, #3961, .F. ) ;
#315 = ORIENTED_EDGE ( 'NONE', *, *, #2809, .F. ) ;
#316 = EDGE_LOOP ( 'NONE', ( #1770, #2804 ) ) ;
#317 = DIRECTION ( 'NONE',  ( -0.000000000000000000, -0.000000000000000000, -1.000000000000000000 ) ) ;
#318 = LINE ( 'NONE', #1217, #4755 ) ;
#319 = CARTESIAN_POINT ( 'NONE',  ( -18.00000000000000355, 10.85525754875703797, 9.213787486155460726 ) ) ;
#320 = VECTOR ( 'NONE', #121, 1000.000000000000000 ) ;
#321 = AXIS2_PLACEMENT_3D ( 'NONE', #3655, #4898, #2398 ) ;
#322 = AXIS2_PLACEMENT_3D ( 'NONE', #3982, #238, #566 ) ;
#323 = DIRECTION ( 'NONE',  ( 0.000000000000000000, 0.000000000000000000, 1.000000000000000000 ) ) ;
#324 = PLANE ( 'NONE',  #868 ) ;
#325 = DIRECTION ( 'NONE',  ( -0.000000000000000000, 1.000000000000000000, -0.000000000000000000 ) ) ;
#326 = CARTESIAN_POINT ( 'NONE',  ( -16.32500000000116813, 13.19999999999999929, -30.24999999999999289 ) ) ;
#327 = EDGE_CURVE ( 'NONE', #248, #3129, #2128, .T. ) ;
#328 = CIRCLE ( 'NONE', #3376, 0.5000000000000004441 ) ;
#329 = VECTOR ( 'NONE', #1849, 1000.000000000000000 ) ;
#330 = ORIENTED_EDGE ( 'NONE', *, *, #2666, .T. ) ;
#331 = AXIS2_PLACEMENT_3D ( 'NONE', #4823, #1524, #2409 ) ;
#332 = LINE ( 'NONE', #361, #3484 ) ;
#333 = CARTESIAN_POINT ( 'NONE',  ( -20.00000000000000000, 12.50000000000000000, 9.483333333333339610 ) ) ;
#334 =( NAMED_UNIT ( * ) SI_UNIT ( $, .STERADIAN. ) SOLID_ANGLE_UNIT ( ) );
#335 = EDGE_CURVE ( 'NONE', #5205, #986, #3377, .T. ) ;
#336 = EDGE_CURVE ( 'NONE', #1890, #875, #1273, .T. ) ;
#337 = EDGE_LOOP ( 'NONE', ( #315, #777, #4111, #3016 ) ) ;
#338 = ORIENTED_EDGE ( 'NONE', *, *, #3500, .T. ) ;
#339 = ORIENTED_EDGE ( 'NONE', *, *, #1630, .T. ) ;
#340 = DIRECTION ( 'NONE',  ( 0.000000000000000000, 1.000000000000000000, -0.000000000000000000 ) ) ;
#341 = DIRECTION ( 'NONE',  ( -0.000000000000000000, 1.000000000000000000, -0.000000000000000000 ) ) ;
#342 = AXIS2_PLACEMENT_3D ( 'NONE', #758, #3583, #3549 ) ;
#343 = LINE ( 'NONE', #4864, #2594 ) ;
#344 = EDGE_CURVE ( 'NONE', #4395, #697, #443, .T. ) ;
#345 = CARTESIAN_POINT ( 'NONE',  ( 20.00000000000000000, 14.00000000000000000, -28.44999999999999218 ) ) ;
#346 = ORIENTED_EDGE ( 'NONE', *, *, #163, .F. ) ;
#347 = ORIENTED_EDGE ( 'NONE', *, *, #2131, .T. ) ;
#348 = ORIENTED_EDGE ( 'NONE', *, *, #1660, .T. ) ;
#349 = ORIENTED_EDGE ( 'NONE', *, *, #859, .T. ) ;
#350 = DIRECTION ( 'NONE',  ( 0.000000000000000000, 0.000000000000000000, 1.000000000000000000 ) ) ;
#351 = CARTESIAN_POINT ( 'NONE',  ( -20.00000000000000000, 4.443730933577795028, 28.55081966167704977 ) ) ;
#352 = VECTOR ( 'NONE', #5299, 1000.000000000000000 ) ;
#353 = AXIS2_PLACEMENT_3D ( 'NONE', #4098, #2982, #1713 ) ;
#354 = DIRECTION ( 'NONE',  ( -0.000000000000000000, -1.000000000000000000, -0.000000000000000000 ) ) ;
#355 = CARTESIAN_POINT ( 'NONE',  ( 20.00000000000000355, 1.855257548756997554, -0.9829814372395776489 ) ) ;
#356 = CARTESIAN_POINT ( 'NONE',  ( 16.39999999999999858, 14.00000000000000000, -31.04999999999998650 ) ) ;
#357 = CARTESIAN_POINT ( 'NONE',  ( 0.000000000000000000, 8.250000000000000000, 0.000000000000000000 ) ) ;
#358 = AXIS2_PLACEMENT_3D ( 'NONE', #2206, #4325, #4382 ) ;
#359 = ADVANCED_FACE ( 'NONE', ( #2950 ), #3791, .T. ) ;
#360 = ORIENTED_EDGE ( 'NONE', *, *, #1571, .F. ) ;
#361 = CARTESIAN_POINT ( 'NONE',  ( -18.19999999999999929, -2.941151369209639821, 4.280416352669597302 ) ) ;
#362 = CARTESIAN_POINT ( 'NONE',  ( -18.20000000000000284, 4.244999999859064843, 21.42500000000014282 ) ) ;
#363 = CARTESIAN_POINT ( 'NONE',  ( -19.27880063263345889, 12.50000000000000178, -30.66236819190967822 ) ) ;
#364 = ADVANCED_FACE ( 'NONE', ( #839 ), #58, .F. ) ;
#365 = ORIENTED_EDGE ( 'NONE', *, *, #2236, .T. ) ;
#366 = ORIENTED_EDGE ( 'NONE', *, *, #1407, .F. ) ;
#367 = CARTESIAN_POINT ( 'NONE',  ( -11.19999999999998685, 13.19999999999999929, 12.23988990499034557 ) ) ;
#368 = CARTESIAN_POINT ( 'NONE',  ( 16.40000000000000213, 14.00000000000000000, 32.05000000000000426 ) ) ;
#369 = EDGE_CURVE ( 'NONE', #1176, #2775, #3822, .T. ) ;
#370 = DIRECTION ( 'NONE',  ( 0.000000000000000000, -0.000000000000000000, -1.000000000000000000 ) ) ;
#371 = DIRECTION ( 'NONE',  ( -1.000000000000000000, 0.000000000000000000, -0.000000000000000000 ) ) ;
#372 = ORIENTED_EDGE ( 'NONE', *, *, #1352, .F. ) ;
#373 = EDGE_LOOP ( 'NONE', ( #4621, #1813, #460, #2856 ) ) ;
#374 = ADVANCED_FACE ( 'NONE', ( #1712 ), #951, .T. ) ;
#375 = ORIENTED_EDGE ( 'NONE', *, *, #51, .T. ) ;
#376 = ORIENTED_EDGE ( 'NONE', *, *, #1960, .F. ) ;
#377 = DIRECTION ( 'NONE',  ( 0.000000000000000000, -1.000000000000000000, 0.000000000000000000 ) ) ;
#378 = DIRECTION ( 'NONE',  ( -1.000000000000000000, -0.000000000000000000, 5.412553747197527263E-17 ) ) ;
#379 = EDGE_CURVE ( 'NONE', #4032, #4050, #5008, .T. ) ;
#380 = CARTESIAN_POINT ( 'NONE',  ( 16.40000000000000213, 14.00000000000000000, 32.05000000000000426 ) ) ;
#381 = PLANE ( 'NONE',  #440 ) ;
#382 = DIRECTION ( 'NONE',  ( 0.000000000000000000, 0.000000000000000000, 1.000000000000000000 ) ) ;
#383 = DIRECTION ( 'NONE',  ( -0.000000000000000000, 1.000000000000000000, -0.000000000000000000 ) ) ;
#384 = ORIENTED_EDGE ( 'NONE', *, *, #3234, .T. ) ;
#385 = CARTESIAN_POINT ( 'NONE',  ( 16.22500000000117026, 11.70000000000000107, 7.700000000000102318 ) ) ;
#386 = DIRECTION ( 'NONE',  ( 1.654744174222709448E-16, 0.000000000000000000, 1.000000000000000000 ) ) ;
#387 = ORIENTED_EDGE ( 'NONE', *, *, #3347, .T. ) ;
#388 = DIRECTION ( 'NONE',  ( 4.905439608839507721E-17, -0.4226182617407039377, 0.9063077870366479383 ) ) ;
#389 = CARTESIAN_POINT ( 'NONE',  ( 6.949999999963791808, 11.70000000000000107, 11.90000000000010338 ) ) ;
#390 = DIRECTION ( 'NONE',  ( 0.000000000000000000, 0.000000000000000000, 1.000000000000000000 ) ) ;
#391 = FACE_OUTER_BOUND ( 'NONE', #4222, .T. ) ;
#392 = ADVANCED_FACE ( 'NONE', ( #3004 ), #1385, .F. ) ;
#393 = VERTEX_POINT ( 'NONE', #2510 ) ;
#394 = B_SPLINE_CURVE_WITH_KNOTS ( 'NONE', 3,
 ( #3872, #133, #4866, #2897, #363, #1201, #812, #1664, #2514, #4580 ),
 .UNSPECIFIED., .F., .F.,
 ( 4, 2, 2, 2, 4 ),
 ( 0.000000000000000000, 0.2500000000000000000, 0.5000000000000000000, 0.7500000000000000000, 1.000000000000000000 ),
 .UNSPECIFIED. ) ;
#395 = VERTEX_POINT ( 'NONE', #547 ) ;
#396 = VERTEX_POINT ( 'NONE', #4253 ) ;
#397 = VECTOR ( 'NONE', #3737, 1000.000000000000000 ) ;
#398 = ORIENTED_EDGE ( 'NONE', *, *, #5188, .T. ) ;
#399 = CARTESIAN_POINT ( 'NONE',  ( 5.466666666666670338, 14.00000000000000000, 31.25000000000000000 ) ) ;
#400 = CARTESIAN_POINT ( 'NONE',  ( -19.97499368098935335, 4.753550611825049899, 28.87760026677837999 ) ) ;
#401 = ADVANCED_FACE ( 'NONE', ( #3852 ), #491, .F. ) ;
#402 = DIRECTION ( 'NONE',  ( 0.000000000000000000, 1.000000000000000000, 0.000000000000000000 ) ) ;
#403 = CIRCLE ( 'NONE', #5200, 4.599999999999999645 ) ;
#404 = FACE_OUTER_BOUND ( 'NONE', #3353, .T. ) ;
#405 = CARTESIAN_POINT ( 'NONE',  ( 19.90630163217231541, 14.00000000000000000, -29.39229239294886753 ) ) ;
#406 = CARTESIAN_POINT ( 'NONE',  ( 10.83402830016236251, 11.70000000000000107, 25.00664158573503215 ) ) ;
#407 = ADVANCED_FACE ( 'NONE', ( #3437 ), #5088, .T. ) ;
#408 = AXIS2_PLACEMENT_3D ( 'NONE', #4367, #631, #4714 ) ;
#409 = VECTOR ( 'NONE', #31, 1000.000000000000000 ) ;
#410 = EDGE_LOOP ( 'NONE', ( #1753, #769, #2061, #642, #47, #230, #1100, #4516, #2963, #2720, #2491, #5307, #3014, #3834, #3124, #4798, #4486, #3320, #4481, #3280, #4975, #3389, #3311, #2655, #1261, #3561, #384, #3690, #4660, #2450, #4669, #971, #1915, #1077, #4314, #3766, #4950, #3653, #387, #3612 ) ) ;
#411 = FACE_OUTER_BOUND ( 'NONE', #4480, .T. ) ;
#412 = CIRCLE ( 'NONE', #1106, 0.2000000000000005107 ) ;
#413 = AXIS2_PLACEMENT_3D ( 'NONE', #523, #2155, #5065 ) ;
#414 = CARTESIAN_POINT ( 'NONE',  ( -20.00000000000000711, 14.00000000000000000, -28.44999999999998508 ) ) ;
#415 = VECTOR ( 'NONE', #772, 1000.000000000000000 ) ;
#416 = VECTOR ( 'NONE', #49, 1000.000000000000000 ) ;
#417 = ORIENTED_EDGE ( 'NONE', *, *, #955, .F. ) ;
#418 = CARTESIAN_POINT ( 'NONE',  ( 13.37014954230762065, 11.70000000000000107, 19.98139641309527548 ) ) ;
#419 = CARTESIAN_POINT ( 'NONE',  ( -16.39999999999999503, 14.00000000000000000, 31.25000000000000000 ) ) ;
#420 = LINE ( 'NONE', #3393, #3469 ) ;
#421 = VECTOR ( 'NONE', #118, 1000.000000000000000 ) ;
#422 = DIRECTION ( 'NONE',  ( -0.000000000000000000, 1.000000000000000000, -0.000000000000000000 ) ) ;
#423 = ORIENTED_EDGE ( 'NONE', *, *, #663, .F. ) ;
#424 = ORIENTED_EDGE ( 'NONE', *, *, #1466, .T. ) ;
#425 = ORIENTED_EDGE ( 'NONE', *, *, #4471, .F. ) ;
#426 = VECTOR ( 'NONE', #5256, 1000.000000000000000 ) ;
#427 = VERTEX_POINT ( 'NONE', #5040 ) ;
#428 = ADVANCED_FACE ( 'NONE', ( #2210 ), #4223, .F. ) ;
#429 = DIRECTION ( 'NONE',  ( 1.000000000000000000, -0.000000000000000000, 5.412553747197527263E-17 ) ) ;
#430 = DIRECTION ( 'NONE',  ( 1.000000000000000000, 0.000000000000000000, -6.097446312748004835E-17 ) ) ;
#431 = CIRCLE ( 'NONE', #3826, 4.600000000000003197 ) ;
#432 = EDGE_CURVE ( 'NONE', #3862, #2048, #760, .T. ) ;
#433 = DIRECTION ( 'NONE',  ( 0.000000000000000000, -0.9063077870366479383, -0.4226182617407037156 ) ) ;
#434 = VECTOR ( 'NONE', #1225, 1000.000000000000000 ) ;
#435 = DIRECTION ( 'NONE',  ( -0.000000000000000000, 1.000000000000000000, -0.000000000000000000 ) ) ;
#436 = CARTESIAN_POINT ( 'NONE',  ( -19.54563100190907221, 14.00000000000000000, 30.26302832008140342 ) ) ;
#437 = EDGE_CURVE ( 'NONE', #1504, #2805, #2186, .T. ) ;
#438 = CARTESIAN_POINT ( 'NONE',  ( 18.84660189037341382, 14.00000000000000000, -29.86013313783967149 ) ) ;
#439 = DIRECTION ( 'NONE',  ( -0.000000000000000000, -1.000000000000000000, -0.000000000000000000 ) ) ;
#440 = AXIS2_PLACEMENT_3D ( 'NONE', #3626, #4879, #1169 ) ;
#441 = EDGE_CURVE ( 'NONE', #3214, #1094, #1937, .T. ) ;
#442 = VERTEX_POINT ( 'NONE', #2725 ) ;
#443 = LINE ( 'NONE', #4609, #4504 ) ;
#444 = DIRECTION ( 'NONE',  ( 0.000000000000000000, 0.000000000000000000, 1.000000000000000000 ) ) ;
#445 = CIRCLE ( 'NONE', #1391, 0.2000000000000005107 ) ;
#446 = CARTESIAN_POINT ( 'NONE',  ( 16.22500000000117382, 13.19999999999999929, -30.24999999999998934 ) ) ;
#447 = EDGE_CURVE ( 'NONE', #853, #1615, #842, .T. ) ;
#448 = ORIENTED_EDGE ( 'NONE', *, *, #821, .F. ) ;
#449 = DIRECTION ( 'NONE',  ( 1.000000000000000000, -0.000000000000000000, -5.412553747197527263E-17 ) ) ;
#450 = LINE ( 'NONE', #5047, #2937 ) ;
#451 = CARTESIAN_POINT ( 'NONE',  ( -16.29999999999999716, 10.09999999985903862, 21.24264564540181865 ) ) ;
#452 = CARTESIAN_POINT ( 'NONE',  ( -18.20000000000000284, 9.599999999859038624, 21.24264564540182576 ) ) ;
#453 = VERTEX_POINT ( 'NONE', #4709 ) ;
#454 = EDGE_LOOP ( 'NONE', ( #1526, #2990, #3114, #155 ) ) ;
#455 = ORIENTED_EDGE ( 'NONE', *, *, #3460, .T. ) ;
#456 = ORIENTED_EDGE ( 'NONE', *, *, #3328, .T. ) ;
#457 = CARTESIAN_POINT ( 'NONE',  ( -20.00000000000000355, 10.85525754875703797, 9.213787486155460726 ) ) ;
#458 = LINE ( 'NONE', #483, #1194 ) ;
#459 = B_SPLINE_CURVE_WITH_KNOTS ( 'NONE', 3,
 ( #3704, #1512, #3188, #4037 ),
 .UNSPECIFIED., .F., .F.,
 ( 4, 4 ),
 ( 0.000000000000000000, 1.000000000000000000 ),
 .UNSPECIFIED. ) ;
#460 = ORIENTED_EDGE ( 'NONE', *, *, #4201, .F. ) ;
#461 = DIRECTION ( 'NONE',  ( -4.905439608839507105E-17, -0.4226182617407037712, 0.9063077870366480493 ) ) ;
#462 = CARTESIAN_POINT ( 'NONE',  ( 17.80945419391404627, 14.00000000000000000, -30.89680584213708059 ) ) ;
#463 = CYLINDRICAL_SURFACE ( 'NONE', #782, 0.3000000000000016542 ) ;
#464 = CARTESIAN_POINT ( 'NONE',  ( 18.61236819899338002, 14.00000000000000355, -31.32880062554975353 ) ) ;
#465 = LINE ( 'NONE', #4551, #79 ) ;
#466 = EDGE_CURVE ( 'NONE', #3909, #4887, #4733, .T. ) ;
#467 = ORIENTED_EDGE ( 'NONE', *, *, #1407, .T. ) ;
#468 = DIRECTION ( 'NONE',  ( 0.000000000000000000, 0.000000000000000000, -1.000000000000000000 ) ) ;
#469 = FACE_BOUND ( 'NONE', #2422, .T. ) ;
#470 = CARTESIAN_POINT ( 'NONE',  ( -20.00000000000000355, 12.50000000000000000, -28.92132385417734497 ) ) ;
#471 = LINE ( 'NONE', #4986, #2673 ) ;
#472 = EDGE_CURVE ( 'NONE', #4089, #846, #3957, .T. ) ;
#473 = ORIENTED_EDGE ( 'NONE', *, *, #4784, .T. ) ;
#474 = DIRECTION ( 'NONE',  ( -0.000000000000000000, 1.000000000000000000, -0.000000000000000000 ) ) ;
#475 = CARTESIAN_POINT ( 'NONE',  ( 19.99999999999999289, 8.259612155171570436, -16.46929045201742881 ) ) ;
#476 = LINE ( 'NONE', #1255, #2676 ) ;
#477 = FACE_OUTER_BOUND ( 'NONE', #75, .T. ) ;
#478 = EDGE_CURVE ( 'NONE', #1560, #820, #271, .T. ) ;
#479 = EDGE_LOOP ( 'NONE', ( #417, #3682, #2509, #4667, #2638, #5236, #4161, #2197, #3803, #5376, #4398, #1181 ) ) ;
#480 = ORIENTED_EDGE ( 'NONE', *, *, #1326, .T. ) ;
#481 = ORIENTED_EDGE ( 'NONE', *, *, #2894, .T. ) ;
#482 = CARTESIAN_POINT ( 'NONE',  ( 18.00000000000000355, 10.85525754875703797, 10.71378748615546250 ) ) ;
#483 = CARTESIAN_POINT ( 'NONE',  ( 20.00000000000000355, 10.85525754875708060, 16.71378748615546073 ) ) ;
#484 = ORIENTED_EDGE ( 'NONE', *, *, #2400, .T. ) ;
#485 = FACE_OUTER_BOUND ( 'NONE', #1902, .T. ) ;
#486 = PLANE ( 'NONE',  #3112 ) ;
#487 = DIRECTION ( 'NONE',  ( 0.000000000000000000, 0.000000000000000000, 1.000000000000000000 ) ) ;
#488 = CARTESIAN_POINT ( 'NONE',  ( 18.12073082143936276, 14.00000000000000000, -30.68906715320529344 ) ) ;
#489 = CARTESIAN_POINT ( 'NONE',  ( -18.00000000000000355, 10.85525754875699711, 3.213787486155459838 ) ) ;
#490 = ORIENTED_EDGE ( 'NONE', *, *, #1565, .F. ) ;
#491 = PLANE ( 'NONE',  #5194 ) ;
#492 = EDGE_CURVE ( 'NONE', #1503, #4447, #5201, .T. ) ;
#493 = DIRECTION ( 'NONE',  ( 0.000000000000000000, 0.000000000000000000, 1.000000000000000000 ) ) ;
#494 = LINE ( 'NONE', #2159, #1198 ) ;
#495 = VECTOR ( 'NONE', #2384, 1000.000000000000000 ) ;
#496 = ORIENTED_EDGE ( 'NONE', *, *, #4892, .F. ) ;
#497 = VECTOR ( 'NONE', #4299, 1000.000000000000000 ) ;
#498 = CIRCLE ( 'NONE', #3988, 0.5000000000000004441 ) ;
#499 = EDGE_CURVE ( 'NONE', #3843, #3045, #678, .T. ) ;
#500 = PLANE ( 'NONE',  #4013 ) ;
#501 = CARTESIAN_POINT ( 'NONE',  ( -19.99573355576276867, 7.189527799524512375, 28.64333683199798841 ) ) ;
#502 = CARTESIAN_POINT ( 'NONE',  ( -18.19999999999999929, 10.85525754875708060, 16.71378748615546073 ) ) ;
#503 = CARTESIAN_POINT ( 'NONE',  ( 13.53605915637520063, 11.70000000000000107, 15.82704321637290157 ) ) ;
#504 = ADVANCED_FACE ( 'NONE', ( #1515 ), #164, .F. ) ;
#505 = AXIS2_PLACEMENT_3D ( 'NONE', #4484, #2391, #2881 ) ;
#506 = VECTOR ( 'NONE', #2502, 1000.000000000000000 ) ;
#507 = ORIENTED_EDGE ( 'NONE', *, *, #4036, .F. ) ;
#508 = VERTEX_POINT ( 'NONE', #2317 ) ;
#509 = ORIENTED_EDGE ( 'NONE', *, *, #2734, .F. ) ;
#510 = ADVANCED_FACE ( 'NONE', ( #2266 ), #647, .F. ) ;
#511 = LINE ( 'NONE', #2092, #416 ) ;
#512 = CARTESIAN_POINT ( 'NONE',  ( -5.466666666666688990, 12.50000000000000000, -32.04999999999999005 ) ) ;
#513 = AXIS2_PLACEMENT_3D ( 'NONE', #489, #5245, #4730 ) ;
#514 = EDGE_LOOP ( 'NONE', ( #5023, #5273, #347, #3400 ) ) ;
#515 = CARTESIAN_POINT ( 'NONE',  ( 18.00000000000000355, 10.85525754875708060, 16.71378748615546073 ) ) ;
#516 = CARTESIAN_POINT ( 'NONE',  ( 16.40000000000000213, 14.00000000000000000, 31.05000000000000071 ) ) ;
#517 = CARTESIAN_POINT ( 'NONE',  ( -16.87132385417768532, 12.50000000000000000, 32.05000000000000426 ) ) ;
#518 = CIRCLE ( 'NONE', #601, 0.5000000000000004441 ) ;
#519 = LINE ( 'NONE', #2182, #2748 ) ;
#520 = CARTESIAN_POINT ( 'NONE',  ( 18.19999999999999574, 8.259612155171570436, -16.96929045201742881 ) ) ;
#521 = VECTOR ( 'NONE', #219, 1000.000000000000000 ) ;
#522 = EDGE_LOOP ( 'NONE', ( #798, #2280, #4174 ) ) ;
#523 = CARTESIAN_POINT ( 'NONE',  ( 20.00100000000000833, 4.244999999859064843, 21.42500000000013927 ) ) ;
#524 = DIRECTION ( 'NONE',  ( -1.000000000000000000, 0.000000000000000000, -0.000000000000000000 ) ) ;
#525 = DIRECTION ( 'NONE',  ( 0.000000000000000000, 0.000000000000000000, 1.000000000000000000 ) ) ;
#526 = AXIS2_PLACEMENT_3D ( 'NONE', #4331, #3496, #1876 ) ;
#527 = ORIENTED_EDGE ( 'NONE', *, *, #1726, .F. ) ;
#528 = VECTOR ( 'NONE', #2112, 1000.000000000000000 ) ;
#529 = CARTESIAN_POINT ( 'NONE',  ( 18.19999999999999929, 8.759612155171568659, -5.369667632591993645 ) ) ;
#530 = CARTESIAN_POINT ( 'NONE',  ( 0.000000000000000000, 8.250000000000000000, 0.000000000000000000 ) ) ;
#531 = DIRECTION ( 'NONE',  ( -1.000000000000000000, -0.000000000000000000, 1.654744174222709448E-16 ) ) ;
#532 = CYLINDRICAL_SURFACE ( 'NONE', #1032, 0.3000000000000016542 ) ;
#533 = ORIENTED_EDGE ( 'NONE', *, *, #2929, .T. ) ;
#534 = ADVANCED_FACE ( 'NONE', ( #568, #5145, #3084, #2237, #3141 ), #1082, .T. ) ;
#535 = VERTEX_POINT ( 'NONE', #3900 ) ;
#536 = VERTEX_POINT ( 'NONE', #1821 ) ;
#537 = LINE ( 'NONE', #4316, #2240 ) ;
#538 = CYLINDRICAL_SURFACE ( 'NONE', #3116, 2.499999999999969358 ) ;
#539 = EDGE_CURVE ( 'NONE', #1942, #4296, #2749, .T. ) ;
#540 = EDGE_LOOP ( 'NONE', ( #3878, #3429, #2285, #1127 ) ) ;
#541 = DIRECTION ( 'NONE',  ( 0.000000000000000000, 0.000000000000000000, 1.000000000000000000 ) ) ;
#542 = DIRECTION ( 'NONE',  ( 0.000000000000000000, -1.000000000000000000, 0.000000000000000000 ) ) ;
#543 = DIRECTION ( 'NONE',  ( 0.000000000000000000, 1.000000000000000000, 0.000000000000000000 ) ) ;
#544 = CARTESIAN_POINT ( 'NONE',  ( -8.050000000036208192, 11.70000000000000107, 7.700000000000102318 ) ) ;
#545 = LINE ( 'NONE', #520, #3659 ) ;
#546 = EDGE_CURVE ( 'NONE', #620, #535, #3931, .T. ) ;
#547 = CARTESIAN_POINT ( 'NONE',  ( 18.19999999999999574, 8.759612155171570436, -16.96929045201742881 ) ) ;
#548 = LINE ( 'NONE', #2211, #2357 ) ;
#549 = PLANE ( 'NONE',  #1908 ) ;
#550 = EDGE_LOOP ( 'NONE', ( #119, #5139, #1042, #3478, #3523, #3036, #4270, #3712 ) ) ;
#551 = DIRECTION ( 'NONE',  ( -0.000000000000000000, 1.000000000000000000, -0.000000000000000000 ) ) ;
#552 = DIRECTION ( 'NONE',  ( -0.000000000000000000, 0.000000000000000000, -1.000000000000000000 ) ) ;
#553 = CARTESIAN_POINT ( 'NONE',  ( -19.20000000000000639, 14.00000000000000000, -28.44999999999998508 ) ) ;
#554 = CARTESIAN_POINT ( 'NONE',  ( 18.21302832933523419, 12.49999999999999822, -31.59563099807531117 ) ) ;
#555 = ORIENTED_EDGE ( 'NONE', *, *, #2666, .F. ) ;
#556 = EDGE_LOOP ( 'NONE', ( #4035, #4158, #4831, #3585 ) ) ;
#557 = CARTESIAN_POINT ( 'NONE',  ( -16.40000000000000213, 13.19999999999999929, 31.05000000000000071 ) ) ;
#558 = CARTESIAN_POINT ( 'NONE',  ( 13.53605915637520063, 11.70000000000000107, 15.82704321637290157 ) ) ;
#559 = EDGE_CURVE ( 'NONE', #89, #5265, #214, .T. ) ;
#560 = ORIENTED_EDGE ( 'NONE', *, *, #4540, .T. ) ;
#561 = EDGE_LOOP ( 'NONE', ( #2613, #1651, #473, #1214 ) ) ;
#562 = CARTESIAN_POINT ( 'NONE',  ( 10.83402830016236251, 13.19999999999999929, 25.00664158573503215 ) ) ;
#563 = CARTESIAN_POINT ( 'NONE',  ( 19.99999999999999289, 8.759612155171570436, -16.46929045201742881 ) ) ;
#564 = ADVANCED_FACE ( 'NONE', ( #998 ), #5171, .F. ) ;
#565 = CARTESIAN_POINT ( 'NONE',  ( -16.40000000000000568, 12.50000000000000000, -32.04999999999999005 ) ) ;
#566 = DIRECTION ( 'NONE',  ( 0.000000000000000000, 0.000000000000000000, 1.000000000000000000 ) ) ;
#567 = LINE ( 'NONE', #3001, #4953 ) ;
#568 = FACE_BOUND ( 'NONE', #1930, .T. ) ;
#569 = VECTOR ( 'NONE', #3848, 1000.000000000000000 ) ;
#570 = EDGE_CURVE ( 'NONE', #4424, #2161, #3108, .T. ) ;
#571 = DIRECTION ( 'NONE',  ( 0.000000000000000000, 0.000000000000000000, 1.000000000000000000 ) ) ;
#572 = DIRECTION ( 'NONE',  ( 0.000000000000000000, 0.000000000000000000, 1.000000000000000000 ) ) ;
#573 = EDGE_LOOP ( 'NONE', ( #635, #4212, #4027, #906 ) ) ;
#574 = CARTESIAN_POINT ( 'NONE',  ( 9.071352992877987020, 11.70000000000000107, 29.25552093929285746 ) ) ;
#575 = DIRECTION ( 'NONE',  ( 0.000000000000000000, 0.000000000000000000, 1.000000000000000000 ) ) ;
#576 = VECTOR ( 'NONE', #2134, 1000.000000000000000 ) ;
#577 = DIRECTION ( 'NONE',  ( -0.000000000000000000, -0.000000000000000000, -1.000000000000000000 ) ) ;
#578 = CARTESIAN_POINT ( 'NONE',  ( 17.34229238369340820, 12.50000000000000178, -31.95630163600592155 ) ) ;
#579 = VECTOR ( 'NONE', #1483, 1000.000000000000000 ) ;
#580 = CIRCLE ( 'NONE', #837, 3.000000000041469495 ) ;
#581 = VERTEX_POINT ( 'NONE', #4359 ) ;
#582 = VERTEX_POINT ( 'NONE', #624 ) ;
#583 = CARTESIAN_POINT ( 'NONE',  ( -16.40000000000000568, 0.000000000000000000, -28.44999999999998863 ) ) ;
#584 = CARTESIAN_POINT ( 'NONE',  ( 18.19999999999999574, 0.000000000000000000, 26.24999999999998934 ) ) ;
#585 = AXIS2_PLACEMENT_3D ( 'NONE', #2261, #5226, #1490 ) ;
#586 = CIRCLE ( 'NONE', #1276, 0.5000000000000004441 ) ;
#587 = EDGE_LOOP ( 'NONE', ( #4058, #5329, #3944, #1928 ) ) ;
#588 = VERTEX_POINT ( 'NONE', #783 ) ;
#589 = EDGE_CURVE ( 'NONE', #262, #2844, #1543, .T. ) ;
#590 = CIRCLE ( 'NONE', #3031, 3.000000000041469495 ) ;
#591 = VECTOR ( 'NONE', #2496, 1000.000000000000000 ) ;
#592 = FACE_OUTER_BOUND ( 'NONE', #5181, .T. ) ;
#593 = LINE ( 'NONE', #1934, #3810 ) ;
#594 = CARTESIAN_POINT ( 'NONE',  ( -18.19999999999999574, 11.69999999999999929, 26.24999999999998934 ) ) ;
#595 = EDGE_CURVE ( 'NONE', #1474, #4644, #498, .T. ) ;
#596 = DIRECTION ( 'NONE',  ( 0.000000000000000000, 0.000000000000000000, 1.000000000000000000 ) ) ;
#597 = CIRCLE ( 'NONE', #1202, 0.5000000000000004441 ) ;
#598 = EDGE_CURVE ( 'NONE', #1588, #3130, #2863, .T. ) ;
#599 = CARTESIAN_POINT ( 'NONE',  ( 19.99999999999999645, 12.50000000000000000, -28.44999999999998863 ) ) ;
#600 = CARTESIAN_POINT ( 'NONE',  ( 16.22500000000117026, 11.70000000000000107, 7.700000000000102318 ) ) ;
#601 = AXIS2_PLACEMENT_3D ( 'NONE', #1646, #2469, #2825 ) ;
#602 = VERTEX_POINT ( 'NONE', #296 ) ;
#603 = ADVANCED_FACE ( 'NONE', ( #729 ), #3625, .F. ) ;
#604 = ORIENTED_EDGE ( 'NONE', *, *, #1795, .F. ) ;
#605 = CARTESIAN_POINT ( 'NONE',  ( 17.04999999999980176, -4.162030754331431659, 26.24999999999998934 ) ) ;
#606 = CARTESIAN_POINT ( 'NONE',  ( -18.44999999999969731, 0.000000000000000000, -27.74999999999999289 ) ) ;
#607 = VECTOR ( 'NONE', #474, 1000.000000000000000 ) ;
#608 = CARTESIAN_POINT ( 'NONE',  ( -17.04999999999999716, -1.734723475976807094E-15, -26.24999999999998934 ) ) ;
#609 = LINE ( 'NONE', #3504, #251 ) ;
#610 = EDGE_CURVE ( 'NONE', #2251, #4350, #2940, .T. ) ;
#611 = ORIENTED_EDGE ( 'NONE', *, *, #4900, .T. ) ;
#612 = ORIENTED_EDGE ( 'NONE', *, *, #4824, .F. ) ;
#613 = ORIENTED_EDGE ( 'NONE', *, *, #2537, .F. ) ;
#614 = DIRECTION ( 'NONE',  ( -0.000000000000000000, -1.000000000000000000, -0.000000000000000000 ) ) ;
#615 = CARTESIAN_POINT ( 'NONE',  ( -18.20000000000000284, -0.6430180398526910146, -0.6479464763899724922 ) ) ;
#616 = VECTOR ( 'NONE', #960, 1000.000000000000000 ) ;
#617 = ORIENTED_EDGE ( 'NONE', *, *, #1288, .T. ) ;
#618 = ORIENTED_EDGE ( 'NONE', *, *, #1767, .T. ) ;
#619 = ORIENTED_EDGE ( 'NONE', *, *, #5264, .F. ) ;
#620 = VERTEX_POINT ( 'NONE', #4901 ) ;
#621 = CARTESIAN_POINT ( 'NONE',  ( 16.40000000000000213, 12.50000000000000000, 32.05000000000000426 ) ) ;
#622 = LINE ( 'NONE', #1052, #3550 ) ;
#623 = CARTESIAN_POINT ( 'NONE',  ( -8.050000000036208192, 13.19999999999999929, 8.700000000000104095 ) ) ;
#624 = CARTESIAN_POINT ( 'NONE',  ( 18.44999999999969731, 4.000000000000000000, 27.24999999999999645 ) ) ;
#625 = CARTESIAN_POINT ( 'NONE',  ( -11.19999999999998685, 11.70000000000000107, 9.739889904990375769 ) ) ;
#626 = CARTESIAN_POINT ( 'NONE',  ( -18.20000000000000284, 6.204999999859395210, 21.42499999999976978 ) ) ;
#627 = EDGE_CURVE ( 'NONE', #393, #3843, #586, .T. ) ;
#628 = ORIENTED_EDGE ( 'NONE', *, *, #2459, .F. ) ;
#629 = ORIENTED_EDGE ( 'NONE', *, *, #1021, .F. ) ;
#630 = LINE ( 'NONE', #980, #3137 ) ;
#631 = DIRECTION ( 'NONE',  ( 0.000000000000000000, -1.000000000000000000, 0.000000000000000000 ) ) ;
#632 = LINE ( 'NONE', #1419, #1458 ) ;
#633 = EDGE_CURVE ( 'NONE', #918, #3778, #2217, .T. ) ;
#634 = CARTESIAN_POINT ( 'NONE',  ( -16.40000000000000568, 14.00000000000000000, -32.04999999999999005 ) ) ;
#635 = ORIENTED_EDGE ( 'NONE', *, *, #3536, .T. ) ;
#636 = ORIENTED_EDGE ( 'NONE', *, *, #595, .F. ) ;
#637 = ORIENTED_EDGE ( 'NONE', *, *, #2108, .T. ) ;
#638 = CARTESIAN_POINT ( 'NONE',  ( -9.076667129850491733, 5.200000000000000178, 32.05100000000000193 ) ) ;
#639 = DIRECTION ( 'NONE',  ( 5.412553747197527263E-17, 0.000000000000000000, 1.000000000000000000 ) ) ;
#640 = EDGE_CURVE ( 'NONE', #2966, #427, #1889, .T. ) ;
#641 = ORIENTED_EDGE ( 'NONE', *, *, #2861, .F. ) ;
#642 = ORIENTED_EDGE ( 'NONE', *, *, #2439, .T. ) ;
#643 = ORIENTED_EDGE ( 'NONE', *, *, #2170, .T. ) ;
#644 = CARTESIAN_POINT ( 'NONE',  ( 17.04999999999980176, -4.162030754331431659, 30.24999999999998934 ) ) ;
#645 = CARTESIAN_POINT ( 'NONE',  ( -20.00000000000000355, 1.855257548757081265, 12.51701856276042335 ) ) ;
#646 = CARTESIAN_POINT ( 'NONE',  ( -19.93804677753134058, 6.204999999859253101, 29.11500000000009791 ) ) ;
#647 = CYLINDRICAL_SURFACE ( 'NONE', #1625, 1.000000000000000888 ) ;
#648 = CARTESIAN_POINT ( 'NONE',  ( 20.00000000000000000, 14.00000000000000000, -28.44999999999999218 ) ) ;
#649 = CARTESIAN_POINT ( 'NONE',  ( 8.033159821535258871, 11.70000000000000107, 30.24999999999999645 ) ) ;
#650 = LINE ( 'NONE', #4497, #5301 ) ;
#651 = ORIENTED_EDGE ( 'NONE', *, *, #1966, .T. ) ;
#652 = VECTOR ( 'NONE', #1683, 1000.000000000000000 ) ;
#653 = EDGE_CURVE ( 'NONE', #4180, #1321, #2067, .T. ) ;
#654 = ORIENTED_EDGE ( 'NONE', *, *, #163, .T. ) ;
#655 = DIRECTION ( 'NONE',  ( -6.097446312748004835E-17, 0.000000000000000000, -1.000000000000000000 ) ) ;
#656 = DIRECTION ( 'NONE',  ( 0.000000000000000000, -1.000000000000000000, 2.443272501375786182E-14 ) ) ;
#657 = DIRECTION ( 'NONE',  ( 0.000000000000000000, 0.000000000000000000, 1.000000000000000000 ) ) ;
#658 = VERTEX_POINT ( 'NONE', #3223 ) ;
#659 = ADVANCED_FACE ( 'NONE', ( #5364 ), #2377, .T. ) ;
#660 = EDGE_LOOP ( 'NONE', ( #232, #1863, #4643 ) ) ;
#661 = VERTEX_POINT ( 'NONE', #2068 ) ;
#662 = CARTESIAN_POINT ( 'NONE',  ( 17.34229239294937486, 14.00000000000031797, 31.95630163217172992 ) ) ;
#663 = EDGE_CURVE ( 'NONE', #1117, #4187, #4840, .T. ) ;
#664 = LINE ( 'NONE', #5184, #933 ) ;
#665 = CARTESIAN_POINT ( 'NONE',  ( -9.050000000036209968, 11.70000000000000107, 8.700000000000104095 ) ) ;
#666 = AXIS2_PLACEMENT_3D ( 'NONE', #1944, #2408, #3666 ) ;
#667 = EDGE_LOOP ( 'NONE', ( #636, #3621 ) ) ;
#668 = VERTEX_POINT ( 'NONE', #1167 ) ;
#669 = EDGE_CURVE ( 'NONE', #723, #2339, #2810, .T. ) ;
#670 = ORIENTED_EDGE ( 'NONE', *, *, #4748, .T. ) ;
#671 = LINE ( 'NONE', #5166, #241 ) ;
#672 = AXIS2_PLACEMENT_3D ( 'NONE', #3927, #189, #2746 ) ;
#673 = VECTOR ( 'NONE', #1353, 1000.000000000000000 ) ;
#674 = LINE ( 'NONE', #5167, #2760 ) ;
#675 = CARTESIAN_POINT ( 'NONE',  ( -20.00000000000000000, 12.50000000000000178, 28.92123889803847447 ) ) ;
#676 = AXIS2_PLACEMENT_3D ( 'NONE', #5269, #3182, #2365 ) ;
#677 = VECTOR ( 'NONE', #2582, 1000.000000000000000 ) ;
#678 = LINE ( 'NONE', #5254, #1454 ) ;
#679 = DIRECTION ( 'NONE',  ( 0.000000000000000000, -0.9063077870366480493, -0.4226182617407036601 ) ) ;
#680 = VECTOR ( 'NONE', #2680, 1000.000000000000000 ) ;
#681 = CARTESIAN_POINT ( 'NONE',  ( -13.53605915637521306, 11.70000000000000107, 15.82704321637308809 ) ) ;
#682 = FACE_OUTER_BOUND ( 'NONE', #1018, .T. ) ;
#683 = ORIENTED_EDGE ( 'NONE', *, *, #1757, .F. ) ;
#684 = ORIENTED_EDGE ( 'NONE', *, *, #559, .T. ) ;
#685 = CARTESIAN_POINT ( 'NONE',  ( -7.050000000036209080, 11.70000000000000107, 11.90000000000010338 ) ) ;
#686 = CARTESIAN_POINT ( 'NONE',  ( -18.20000000000000284, 6.204999999859034610, 20.17500000000010019 ) ) ;
#687 = AXIS2_PLACEMENT_3D ( 'NONE', #1206, #2031, #4106 ) ;
#688 = ORIENTED_EDGE ( 'NONE', *, *, #2592, .T. ) ;
#689 = ORIENTED_EDGE ( 'NONE', *, *, #336, .F. ) ;
#690 = AXIS2_PLACEMENT_3D ( 'NONE', #1693, #1252, #2571 ) ;
#691 = VERTEX_POINT ( 'NONE', #4524 ) ;
#692 = CARTESIAN_POINT ( 'NONE',  ( 20.00000000000000000, 12.50000000000000000, 28.92132385417789209 ) ) ;
#693 = CARTESIAN_POINT ( 'NONE',  ( 18.00000000000000355, 10.85525754875703797, 9.213787486155460726 ) ) ;
#694 = CARTESIAN_POINT ( 'NONE',  ( -9.074999999958757613, 5.200000000000000178, -30.94999999999998863 ) ) ;
#695 = EDGE_CURVE ( 'NONE', #4112, #1967, #5316, .T. ) ;
#696 = CIRCLE ( 'NONE', #2790, 1.750000000000001554 ) ;
#697 = VERTEX_POINT ( 'NONE', #4092 ) ;
#698 = ORIENTED_EDGE ( 'NONE', *, *, #3792, .T. ) ;
#699 = EDGE_LOOP ( 'NONE', ( #2328, #4186, #3641, #4718 ) ) ;
#700 = ORIENTED_EDGE ( 'NONE', *, *, #2209, .T. ) ;
#701 = DIRECTION ( 'NONE',  ( -1.000000000000000000, -0.000000000000000000, 1.654744174222709448E-16 ) ) ;
#702 = AXIS2_PLACEMENT_3D ( 'NONE', #849, #2925, #3163 ) ;
#703 = DIRECTION ( 'NONE',  ( -1.000000000000000000, 0.000000000000000000, 1.654744174222709448E-16 ) ) ;
#704 = CARTESIAN_POINT ( 'NONE',  ( 20.00000000000000355, 10.85525754875703797, 9.213787486155460726 ) ) ;
#705 = EDGE_CURVE ( 'NONE', #4778, #4776, #1112, .T. ) ;
#706 = DIRECTION ( 'NONE',  ( 0.000000000000000000, -1.000000000000000000, 0.000000000000000000 ) ) ;
#707 = CARTESIAN_POINT ( 'NONE',  ( -20.00000000000000000, 10.85525754875707882, 15.21378748615546428 ) ) ;
#708 = FACE_OUTER_BOUND ( 'NONE', #3553, .T. ) ;
#709 = EDGE_CURVE ( 'NONE', #3130, #776, #4442, .T. ) ;
#710 = ORIENTED_EDGE ( 'NONE', *, *, #1941, .T. ) ;
#711 = DIRECTION ( 'NONE',  ( 0.000000000000000000, 0.000000000000000000, -1.000000000000000000 ) ) ;
#712 = CARTESIAN_POINT ( 'NONE',  ( -9.050000000036209968, 13.19999999999999929, 7.700000000000102318 ) ) ;
#713 = VERTEX_POINT ( 'NONE', #2401 ) ;
#714 = ORIENTED_EDGE ( 'NONE', *, *, #598, .T. ) ;
#715 = EDGE_LOOP ( 'NONE', ( #3075, #4069, #1676, #38 ) ) ;
#716 = LINE ( 'NONE', #2054, #174 ) ;
#717 = CARTESIAN_POINT ( 'NONE',  ( -19.94102548123087715, 6.430447681149814798, 29.09967531029284871 ) ) ;
#718 = DIRECTION ( 'NONE',  ( -1.000000000000000000, -0.000000000000000000, 1.654744174222709448E-16 ) ) ;
#719 = CARTESIAN_POINT ( 'NONE',  ( 20.00000000000000000, 14.00000000000000000, 9.483333333333352044 ) ) ;
#720 = ORIENTED_EDGE ( 'NONE', *, *, #2002, .F. ) ;
#721 = VERTEX_POINT ( 'NONE', #1991 ) ;
#722 = VERTEX_POINT ( 'NONE', #3686 ) ;
#723 = VERTEX_POINT ( 'NONE', #4493 ) ;
#724 = ADVANCED_FACE ( 'NONE', ( #1579 ), #3276, .T. ) ;
#725 = CARTESIAN_POINT ( 'NONE',  ( 16.76620637323437180, 14.00000000000000000, 31.25000000000000711 ) ) ;
#726 = PLANE ( 'NONE',  #1271 ) ;
#727 = CARTESIAN_POINT ( 'NONE',  ( 18.19999999999999574, 0.000000000000000000, -26.24999999999998934 ) ) ;
#728 = ADVANCED_FACE ( 'NONE', ( #4167 ), #4649, .T. ) ;
#729 = FACE_OUTER_BOUND ( 'NONE', #699, .T. ) ;
#730 = DIRECTION ( 'NONE',  ( -0.000000000000000000, 0.9063077870366479383, 0.4226182617407037712 ) ) ;
#731 = EDGE_CURVE ( 'NONE', #3498, #1390, #3845, .T. ) ;
#732 = CARTESIAN_POINT ( 'NONE',  ( -16.40000000000000213, 14.00000000000000000, 28.45000000000000284 ) ) ;
#733 = CARTESIAN_POINT ( 'NONE',  ( 19.99999999999999645, 8.259612155171568659, -5.369667632591994533 ) ) ;
#734 = ADVANCED_FACE ( 'NONE', ( #5034 ), #830, .F. ) ;
#735 = EDGE_LOOP ( 'NONE', ( #3919, #4210, #4237, #1826 ) ) ;
#736 = FACE_OUTER_BOUND ( 'NONE', #4463, .T. ) ;
#737 = LINE ( 'NONE', #686, #2845 ) ;
#738 = CARTESIAN_POINT ( 'NONE',  ( 7.949999999963791808, 11.70000000000000107, 7.700000000000102318 ) ) ;
#739 = ORIENTED_EDGE ( 'NONE', *, *, #447, .T. ) ;
#740 = VERTEX_POINT ( 'NONE', #2097 ) ;
#741 = ORIENTED_EDGE ( 'NONE', *, *, #5229, .T. ) ;
#742 = DIRECTION ( 'NONE',  ( 0.000000000000000000, -1.000000000000000000, 0.000000000000000000 ) ) ;
#743 = LINE ( 'NONE', #4512, #3983 ) ;
#744 = DIRECTION ( 'NONE',  ( 0.000000000000000000, -1.000000000000000000, 0.000000000000000000 ) ) ;
#745 = CARTESIAN_POINT ( 'NONE',  ( 19.19999999999999929, 14.00000000000000000, -9.483333333333332504 ) ) ;
#746 = ORIENTED_EDGE ( 'NONE', *, *, #3842, .T. ) ;
#747 = VERTEX_POINT ( 'NONE', #25 ) ;
#748 = ORIENTED_EDGE ( 'NONE', *, *, #5026, .T. ) ;
#749 = ORIENTED_EDGE ( 'NONE', *, *, #2569, .T. ) ;
#750 = CARTESIAN_POINT ( 'NONE',  ( 18.12119064447653827, 14.00000000000000000, 30.68850636870256920 ) ) ;
#751 = CARTESIAN_POINT ( 'NONE',  ( -17.04999999999999716, -4.162030754331431659, -26.24999999999998934 ) ) ;
#752 = AXIS2_PLACEMENT_3D ( 'NONE', #2307, #3920, #1013 ) ;
#753 = EDGE_CURVE ( 'NONE', #3270, #661, #1347, .T. ) ;
#754 = VECTOR ( 'NONE', #4727, 1000.000000000000000 ) ;
#755 = VECTOR ( 'NONE', #1517, 1000.000000000000000 ) ;
#756 = DIRECTION ( 'NONE',  ( 0.000000000000000000, 1.000000000000000000, 0.000000000000000000 ) ) ;
#757 = FACE_OUTER_BOUND ( 'NONE', #3271, .T. ) ;
#758 = CARTESIAN_POINT ( 'NONE',  ( 2.332400340011097621E-12, 11.70000000000000107, 18.88178248604694787 ) ) ;
#759 = VECTOR ( 'NONE', #5056, 1000.000000000000000 ) ;
#760 = CIRCLE ( 'NONE', #3205, 0.1999999999999987899 ) ;
#761 = ADVANCED_FACE ( 'NONE', ( #1298 ), #4246, .T. ) ;
#762 = ORIENTED_EDGE ( 'NONE', *, *, #3405, .T. ) ;
#763 = VECTOR ( 'NONE', #4394, 1000.000000000000000 ) ;
#764 = FACE_OUTER_BOUND ( 'NONE', #3723, .T. ) ;
#765 = LINE ( 'NONE', #4100, #763 ) ;
#766 = EDGE_CURVE ( 'NONE', #3843, #792, #2912, .T. ) ;
#767 = VECTOR ( 'NONE', #4658, 1000.000000000000000 ) ;
#768 = ORIENTED_EDGE ( 'NONE', *, *, #4724, .F. ) ;
#769 = ORIENTED_EDGE ( 'NONE', *, *, #5024, .T. ) ;
#770 = DIRECTION ( 'NONE',  ( 0.000000000000000000, -1.000000000000000000, 0.000000000000000000 ) ) ;
#771 = CARTESIAN_POINT ( 'NONE',  ( -18.19999999999999929, 10.85525754875703797, 10.71378748615546250 ) ) ;
#772 = DIRECTION ( 'NONE',  ( 0.000000000000000000, 0.000000000000000000, -1.000000000000000000 ) ) ;
#773 = LINE ( 'NONE', #1210, #1296 ) ;
#774 = EDGE_LOOP ( 'NONE', ( #5287, #3514, #2471, #2198, #3855, #555, #4347, #4591, #2526, #3383, #5162, #4026, #2089, #3285, #2516, #3072, #4464 ) ) ;
#775 = AXIS2_PLACEMENT_3D ( 'NONE', #3993, #3471, #2355 ) ;
#776 = VERTEX_POINT ( 'NONE', #3324 ) ;
#777 = ORIENTED_EDGE ( 'NONE', *, *, #3636, .F. ) ;
#778 = ORIENTED_EDGE ( 'NONE', *, *, #2894, .F. ) ;
#779 = CARTESIAN_POINT ( 'NONE',  ( 15.07623566518830138, 13.19999999999999929, 23.22796885807552414 ) ) ;
#780 = FACE_BOUND ( 'NONE', #3917, .T. ) ;
#781 = AXIS2_PLACEMENT_3D ( 'NONE', #784, #2750, #3708 ) ;
#782 = AXIS2_PLACEMENT_3D ( 'NONE', #3734, #1657, #4573 ) ;
#783 = CARTESIAN_POINT ( 'NONE',  ( 18.44999999999969731, 0.000000000000000000, 28.24999999999999645 ) ) ;
#784 = CARTESIAN_POINT ( 'NONE',  ( -16.40000000000000568, 13.19999999999999929, -28.44999999999998863 ) ) ;
#785 = FACE_OUTER_BOUND ( 'NONE', #4475, .T. ) ;
#786 = CARTESIAN_POINT ( 'NONE',  ( 10.83402830016236251, 11.70000000000000107, 25.00664158573503215 ) ) ;
#787 = CIRCLE ( 'NONE', #1480, 3.799999999999980282 ) ;
#788 = ORIENTED_EDGE ( 'NONE', *, *, #1660, .F. ) ;
#789 = ADVANCED_FACE ( 'NONE', ( #2559 ), #1323, .F. ) ;
#790 = CARTESIAN_POINT ( 'NONE',  ( -15.77499999999998614, 8.250000000000000000, 28.97500000000004761 ) ) ;
#791 = CARTESIAN_POINT ( 'NONE',  ( -17.81013313783989105, 14.00000000000000000, -30.89660189037395810 ) ) ;
#792 = VERTEX_POINT ( 'NONE', #1241 ) ;
#793 = ADVANCED_FACE ( 'NONE', ( #3868 ), #52, .T. ) ;
#794 = LINE ( 'NONE', #2900, #3831 ) ;
#795 = LINE ( 'NONE', #3749, #2065 ) ;
#796 = CARTESIAN_POINT ( 'NONE',  ( -19.20000000000000284, 14.00000000000000000, 28.45000000000000284 ) ) ;
#797 = DIRECTION ( 'NONE',  ( -0.000000000000000000, 1.000000000000000000, -0.000000000000000000 ) ) ;
#798 = ORIENTED_EDGE ( 'NONE', *, *, #4534, .F. ) ;
#799 = VERTEX_POINT ( 'NONE', #944 ) ;
#800 = EDGE_LOOP ( 'NONE', ( #2321, #1033, #643, #425 ) ) ;
#801 = ORIENTED_EDGE ( 'NONE', *, *, #170, .F. ) ;
#802 = EDGE_CURVE ( 'NONE', #1940, #3214, #2144, .T. ) ;
#803 = CARTESIAN_POINT ( 'NONE',  ( 19.19999999999999929, 14.00000000000000000, 28.45000000000000284 ) ) ;
#804 = LINE ( 'NONE', #2860, #1009 ) ;
#805 = CARTESIAN_POINT ( 'NONE',  ( 19.99999999999999645, 8.259612155171568659, -4.869667632591994533 ) ) ;
#806 = CARTESIAN_POINT ( 'NONE',  ( -17.81013313784011487, 14.00000000000000000, 30.89660189037414284 ) ) ;
#807 = PLANE ( 'NONE',  #3113 ) ;
#808 = CYLINDRICAL_SURFACE ( 'NONE', #4519, 4.599999999999999645 ) ;
#809 = VERTEX_POINT ( 'NONE', #1680 ) ;
#810 = LINE ( 'NONE', #5323, #3576 ) ;
#811 = CARTESIAN_POINT ( 'NONE',  ( -19.27880062554977414, 14.00000000000000000, -30.66236819899337007 ) ) ;
#812 = CARTESIAN_POINT ( 'NONE',  ( -18.21302832933524840, 12.50000000000000178, -31.59563099807531472 ) ) ;
#813 = ADVANCED_FACE ( 'NONE', ( #485 ), #3378, .F. ) ;
#814 = ORIENTED_EDGE ( 'NONE', *, *, #4329, .T. ) ;
#815 = LINE ( 'NONE', #4967, #4781 ) ;
#816 = DIRECTION ( 'NONE',  ( 0.000000000000000000, -1.000000000000000000, 0.000000000000000000 ) ) ;
#817 = CARTESIAN_POINT ( 'NONE',  ( 16.40000000000000213, 14.00000000000000000, 28.45000000000000284 ) ) ;
#818 = CARTESIAN_POINT ( 'NONE',  ( 16.22500000000117382, 11.69999999999999929, -26.24999999999998934 ) ) ;
#819 = PLANE ( 'NONE',  #3480 ) ;
#820 = VERTEX_POINT ( 'NONE', #82 ) ;
#821 = EDGE_CURVE ( 'NONE', #4670, #1842, #1734, .T. ) ;
#822 = ORIENTED_EDGE ( 'NONE', *, *, #3601, .T. ) ;
#823 = ORIENTED_EDGE ( 'NONE', *, *, #4699, .F. ) ;
#824 = ADVANCED_FACE ( 'NONE', ( #3020 ), #2178, .T. ) ;
#825 = VERTEX_POINT ( 'NONE', #4677 ) ;
#826 = CARTESIAN_POINT ( 'NONE',  ( -16.39999999999999503, 14.00000000000000000, 31.25000000000000000 ) ) ;
#827 = CARTESIAN_POINT ( 'NONE',  ( -16.40000000000000213, 14.00000000000000000, 28.45000000000000284 ) ) ;
#828 = EDGE_CURVE ( 'NONE', #5105, #20, #2615, .T. ) ;
#829 = APPLICATION_CONTEXT ( 'automotive_design' ) ;
#830 = PLANE ( 'NONE',  #5022 ) ;
#831 = VECTOR ( 'NONE', #3488, 1000.000000000000000 ) ;
#832 = CARTESIAN_POINT ( 'NONE',  ( 16.29999999999999716, 11.69999999999999929, 26.24999999999998934 ) ) ;
#833 = CARTESIAN_POINT ( 'NONE',  ( -16.29999999999999716, 11.69999999999999929, 30.25000000000000355 ) ) ;
#834 = DIRECTION ( 'NONE',  ( 1.000000000000000000, 0.000000000000000000, 0.000000000000000000 ) ) ;
#835 = EDGE_CURVE ( 'NONE', #799, #1012, #5192, .T. ) ;
#836 = AXIS2_PLACEMENT_3D ( 'NONE', #4348, #1780, #3047 ) ;
#837 = AXIS2_PLACEMENT_3D ( 'NONE', #1058, #2350, #4387 ) ;
#838 = VERTEX_POINT ( 'NONE', #1408 ) ;
#839 = FACE_OUTER_BOUND ( 'NONE', #45, .T. ) ;
#840 = CARTESIAN_POINT ( 'NONE',  ( 15.32763862252533649, 11.70000000000000107, 19.40338814051948546 ) ) ;
#841 = CIRCLE ( 'NONE', #1624, 0.5000000000000004441 ) ;
#842 = CIRCLE ( 'NONE', #4508, 0.5000000000000004441 ) ;
#843 = FACE_OUTER_BOUND ( 'NONE', #5385, .T. ) ;
#844 = AXIS2_PLACEMENT_3D ( 'NONE', #2767, #4428, #3616 ) ;
#845 = AXIS2_PLACEMENT_3D ( 'NONE', #3572, #2313, #4786 ) ;
#846 = VERTEX_POINT ( 'NONE', #1845 ) ;
#847 = DIRECTION ( 'NONE',  ( -1.000000000000000000, 0.000000000000000000, 0.000000000000000000 ) ) ;
#848 = DIRECTION ( 'NONE',  ( 0.000000000000000000, 0.000000000000000000, -1.000000000000000000 ) ) ;
#849 = CARTESIAN_POINT ( 'NONE',  ( 18.00000000000000355, 1.855257548756997554, -0.9829814372395776489 ) ) ;
#850 = DIRECTION ( 'NONE',  ( 0.000000000000000000, -0.000000000000000000, -1.000000000000000000 ) ) ;
#851 = CIRCLE ( 'NONE', #2597, 3.000000000041469495 ) ;
#852 = DIRECTION ( 'NONE',  ( -0.000000000000000000, 1.000000000000000000, -0.000000000000000000 ) ) ;
#853 = VERTEX_POINT ( 'NONE', #5224 ) ;
#854 = VERTEX_POINT ( 'NONE', #4354 ) ;
#855 = ORIENTED_EDGE ( 'NONE', *, *, #1487, .T. ) ;
#856 = ORIENTED_EDGE ( 'NONE', *, *, #3875, .T. ) ;
#857 = CARTESIAN_POINT ( 'NONE',  ( -16.94999999999999218, 8.750000000000000000, 28.04264080459936181 ) ) ;
#858 = CARTESIAN_POINT ( 'NONE',  ( 5.466666666666678331, 14.00000000000000000, -32.04999999999999005 ) ) ;
#859 = EDGE_CURVE ( 'NONE', #1153, #4121, #3161, .T. ) ;
#860 = AXIS2_PLACEMENT_3D ( 'NONE', #2367, #4109, #2882 ) ;
#861 = DIRECTION ( 'NONE',  ( -0.000000000000000000, 1.000000000000000000, -0.000000000000000000 ) ) ;
#862 = VECTOR ( 'NONE', #655, 1000.000000000000000 ) ;
#863 = DIRECTION ( 'NONE',  ( 0.000000000000000000, -1.000000000000000000, 0.000000000000000000 ) ) ;
#864 = ADVANCED_FACE ( 'NONE', ( #592 ), #1903, .F. ) ;
#865 = CARTESIAN_POINT ( 'NONE',  ( -16.40000000000000568, 14.00000000000000000, -31.24999999999998934 ) ) ;
#866 = CARTESIAN_POINT ( 'NONE',  ( 20.00000000000000000, 14.00000000000000000, -28.44999999999999218 ) ) ;
#867 = CARTESIAN_POINT ( 'NONE',  ( 19.19999999999999929, 14.00000000000000000, 28.45000000000000284 ) ) ;
#868 = AXIS2_PLACEMENT_3D ( 'NONE', #3660, #5317, #1580 ) ;
#869 = ORIENTED_EDGE ( 'NONE', *, *, #1145, .F. ) ;
#870 = CARTESIAN_POINT ( 'NONE',  ( 14.60991557117830730, 11.70000000000000107, 21.21649972604452117 ) ) ;
#871 = EDGE_CURVE ( 'NONE', #4389, #3499, #1634, .T. ) ;
#872 = CARTESIAN_POINT ( 'NONE',  ( 16.39999999999999858, 0.000000000000000000, -32.04999999999999005 ) ) ;
#873 = CIRCLE ( 'NONE', #3584, 2.499999999999969358 ) ;
#874 = CARTESIAN_POINT ( 'NONE',  ( -16.40000000000000568, 14.00000000000000000, -32.04999999999999005 ) ) ;
#875 = VERTEX_POINT ( 'NONE', #5141 ) ;
#876 = CARTESIAN_POINT ( 'NONE',  ( -12.07500000000022844, 5.099999999857725008, 32.05100000000000193 ) ) ;
#877 = CARTESIAN_POINT ( 'NONE',  ( -20.00000000000000000, 14.00000000000000000, 28.45000000000000284 ) ) ;
#878 = CARTESIAN_POINT ( 'NONE',  ( -9.074999999958757613, 5.200000000000000178, -30.24999999999998934 ) ) ;
#879 = DIRECTION ( 'NONE',  ( 0.000000000000000000, 0.000000000000000000, 1.000000000000000000 ) ) ;
#880 = DIRECTION ( 'NONE',  ( 1.000000000000000000, -0.000000000000000000, 0.000000000000000000 ) ) ;
#881 = ORIENTED_EDGE ( 'NONE', *, *, #100, .T. ) ;
#882 = VERTEX_POINT ( 'NONE', #4407 ) ;
#883 = VERTEX_POINT ( 'NONE', #2260 ) ;
#884 = CARTESIAN_POINT ( 'NONE',  ( 18.19999999999999574, 8.259612155171568659, -5.369667632591994533 ) ) ;
#885 = CARTESIAN_POINT ( 'NONE',  ( 19.00000000000000000, 13.19999999999999929, 28.45000000000000284 ) ) ;
#886 = ORIENTED_EDGE ( 'NONE', *, *, #3645, .T. ) ;
#887 = ADVANCED_FACE ( 'NONE', ( #3079 ), #1872, .F. ) ;
#888 = DIRECTION ( 'NONE',  ( -0.000000000000000000, 0.000000000000000000, -1.000000000000000000 ) ) ;
#889 = CARTESIAN_POINT ( 'NONE',  ( 16.76693053836977398, 14.00000000000000000, -31.24999999999999289 ) ) ;
#890 = CARTESIAN_POINT ( 'NONE',  ( 7.058141029146305812, 11.70000000000000107, 28.79678344542583801 ) ) ;
#891 = CARTESIAN_POINT ( 'NONE',  ( 19.99999999999999645, 12.50000000000000000, -28.44999999999998863 ) ) ;
#892 = CARTESIAN_POINT ( 'NONE',  ( -16.94999999999999218, 8.750000000000000000, 28.79951569184058258 ) ) ;
#893 = ADVANCED_FACE ( 'NONE', ( #3052 ), #1489, .T. ) ;
#894 = ORIENTED_EDGE ( 'NONE', *, *, #3536, .F. ) ;
#895 = DIRECTION ( 'NONE',  ( 0.000000000000000000, 0.9063077870366479383, 0.4226182617407038267 ) ) ;
#896 = EDGE_CURVE ( 'NONE', #792, #4461, #1279, .T. ) ;
#897 = CARTESIAN_POINT ( 'NONE',  ( -20.00000000000000000, 14.00000000000000000, 32.05000000000000426 ) ) ;
#898 = DIRECTION ( 'NONE',  ( -1.000000000000000000, 0.000000000000000000, 0.000000000000000000 ) ) ;
#899 = ADVANCED_FACE ( 'NONE', ( #3540 ), #4754, .F. ) ;
#900 = ORIENTED_EDGE ( 'NONE', *, *, #2437, .T. ) ;
#901 = LINE ( 'NONE', #3359, #4262 ) ;
#902 = DIRECTION ( 'NONE',  ( -0.000000000000000000, 1.000000000000000000, -0.000000000000000000 ) ) ;
#903 = DIRECTION ( 'NONE',  ( 0.000000000000000000, 0.000000000000000000, 1.000000000000000000 ) ) ;
#904 = PLANE ( 'NONE',  #5021 ) ;
#905 = CARTESIAN_POINT ( 'NONE',  ( 15.23805964921783129, 13.19999999999999929, 19.22457089431215493 ) ) ;
#906 = ORIENTED_EDGE ( 'NONE', *, *, #1692, .T. ) ;
#907 = ORIENTED_EDGE ( 'NONE', *, *, #4304, .F. ) ;
#908 = ORIENTED_EDGE ( 'NONE', *, *, #4960, .F. ) ;
#909 = CARTESIAN_POINT ( 'NONE',  ( 2.332400340011097621E-12, 13.19999999999999929, 18.88178248604694787 ) ) ;
#910 = FACE_OUTER_BOUND ( 'NONE', #3508, .T. ) ;
#911 = VERTEX_POINT ( 'NONE', #972 ) ;
#912 = DIRECTION ( 'NONE',  ( -1.000000000000000000, 0.000000000000000000, 1.654744174222709448E-16 ) ) ;
#913 = DIRECTION ( 'NONE',  ( -1.000000000000000000, 0.000000000000000000, 5.412553747197527263E-17 ) ) ;
#914 = CARTESIAN_POINT ( 'NONE',  ( -18.21302832008031913, 12.50000000000000000, 31.59563100190884555 ) ) ;
#915 = CARTESIAN_POINT ( 'NONE',  ( -20.00000000000000355, 12.50000000000000000, -9.483333333333336057 ) ) ;
#916 = CARTESIAN_POINT ( 'NONE',  ( 0.000000000000000000, 14.00000000000000000, 0.000000000000000000 ) ) ;
#917 = EDGE_CURVE ( 'NONE', #2989, #4517, #2639, .T. ) ;
#918 = VERTEX_POINT ( 'NONE', #621 ) ;
#919 = CARTESIAN_POINT ( 'NONE',  ( 20.00100000000000833, 7.454999999859222015, 27.86500000000006239 ) ) ;
#920 = CARTESIAN_POINT ( 'NONE',  ( -18.44999999999969731, 0.000000000000000000, -27.74999999999999289 ) ) ;
#921 = CARTESIAN_POINT ( 'NONE',  ( -20.00000000000000355, 1.855257548756997554, 0.5170185627604220180 ) ) ;
#922 = EDGE_CURVE ( 'NONE', #2048, #4769, #188, .T. ) ;
#923 = VECTOR ( 'NONE', #3864, 1000.000000000000000 ) ;
#924 = ORIENTED_EDGE ( 'NONE', *, *, #1157, .F. ) ;
#925 = AXIS2_PLACEMENT_3D ( 'NONE', #2617, #863, #3869 ) ;
#926 = AXIS2_PLACEMENT_3D ( 'NONE', #1909, #242, #191 ) ;
#927 = DIRECTION ( 'NONE',  ( -0.000000000000000000, 1.000000000000000000, -0.000000000000000000 ) ) ;
#928 = CARTESIAN_POINT ( 'NONE',  ( 7.949999999963791808, 13.19999999999999929, 10.90000000000010338 ) ) ;
#929 = DIRECTION ( 'NONE',  ( 1.000000000000000000, -0.000000000000000000, -0.000000000000000000 ) ) ;
#930 = CARTESIAN_POINT ( 'NONE',  ( -18.44999999999969731, 4.000000000000000000, -28.24999999999999289 ) ) ;
#931 = EDGE_CURVE ( 'NONE', #2116, #721, #2693, .T. ) ;
#932 = FACE_OUTER_BOUND ( 'NONE', #126, .T. ) ;
#933 = VECTOR ( 'NONE', #3921, 1000.000000000000000 ) ;
#934 = AXIS2_PLACEMENT_3D ( 'NONE', #3510, #4721, #938 ) ;
#935 = ORIENTED_EDGE ( 'NONE', *, *, #4965, .F. ) ;
#936 = ORIENTED_EDGE ( 'NONE', *, *, #2464, .F. ) ;
#937 = ORIENTED_EDGE ( 'NONE', *, *, #766, .F. ) ;
#938 = DIRECTION ( 'NONE',  ( 0.000000000000000000, 0.000000000000000000, 1.000000000000000000 ) ) ;
#939 = VECTOR ( 'NONE', #4715, 1000.000000000000000 ) ;
#940 = CARTESIAN_POINT ( 'NONE',  ( -18.00000000000000355, 1.855257548756997554, -0.9829814372395776489 ) ) ;
#941 = EDGE_CURVE ( 'NONE', #3537, #2870, #671, .T. ) ;
#942 = AXIS2_PLACEMENT_3D ( 'NONE', #2978, #4982, #3279 ) ;
#943 = ORIENTED_EDGE ( 'NONE', *, *, #4337, .T. ) ;
#944 = CARTESIAN_POINT ( 'NONE',  ( -18.20000000000000284, 8.199999999859237221, 21.74264564540182576 ) ) ;
#945 = LINE ( 'NONE', #53, #1710 ) ;
#946 = DIRECTION ( 'NONE',  ( -0.000000000000000000, 1.000000000000000000, -0.000000000000000000 ) ) ;
#947 = CIRCLE ( 'NONE', #4006, 3.000000000041469495 ) ;
#948 = CARTESIAN_POINT ( 'NONE',  ( 16.76658521991570439, 14.00000000000000000, -31.24999999999426592 ) ) ;
#949 = CARTESIAN_POINT ( 'NONE',  ( 20.00100000000000833, 8.699999999859237221, 21.74264564540181865 ) ) ;
#950 = VECTOR ( 'NONE', #5016, 1000.000000000000000 ) ;
#951 = PLANE ( 'NONE',  #2153 ) ;
#952 = PLANE ( 'NONE',  #2971 ) ;
#953 = LINE ( 'NONE', #3467, #162 ) ;
#954 = AXIS2_PLACEMENT_3D ( 'NONE', #2293, #2726, #4281 ) ;
#955 = EDGE_CURVE ( 'NONE', #5190, #1521, #2288, .T. ) ;
#956 = EDGE_LOOP ( 'NONE', ( #3368, #700, #823, #3342, #748 ) ) ;
#957 = CIRCLE ( 'NONE', #5051, 1.000000000000000888 ) ;
#958 = LINE ( 'NONE', #2110, #254 ) ;
#959 = CARTESIAN_POINT ( 'NONE',  ( -16.94999999999999218, 8.250000000000000000, 28.79951569184058258 ) ) ;
#960 = DIRECTION ( 'NONE',  ( -1.000000000000000000, -0.000000000000000000, 5.412553747197527263E-17 ) ) ;
#961 = LINE ( 'NONE', #1802, #3908 ) ;
#962 = LINE ( 'NONE', #3882, #4257 ) ;
#963 = MECHANICAL_DESIGN_GEOMETRIC_PRESENTATION_REPRESENTATION (  '', ( #4963 ), #4023 ) ;
#964 = EDGE_CURVE ( 'NONE', #3261, #1503, #2250, .T. ) ;
#965 = ORIENTED_EDGE ( 'NONE', *, *, #5087, .T. ) ;
#966 = ORIENTED_EDGE ( 'NONE', *, *, #5188, .F. ) ;
#967 = LINE ( 'NONE', #3126, #5280 ) ;
#968 = CARTESIAN_POINT ( 'NONE',  ( -13.53605915637521306, 11.70000000000000107, 15.82704321637308809 ) ) ;
#969 = ORIENTED_EDGE ( 'NONE', *, *, #993, .T. ) ;
#970 = EDGE_CURVE ( 'NONE', #1011, #248, #403, .T. ) ;
#971 = ORIENTED_EDGE ( 'NONE', *, *, #5149, .T. ) ;
#972 = CARTESIAN_POINT ( 'NONE',  ( -15.07333287014996337, 5.200000000000000178, -30.24999999999998934 ) ) ;
#973 = CARTESIAN_POINT ( 'NONE',  ( 19.20000000000000284, 14.00000000000000000, -28.81620637322107470 ) ) ;
#974 = CARTESIAN_POINT ( 'NONE',  ( 18.19999999999999574, 9.632466196467996511, -16.46929045201742881 ) ) ;
#975 = CARTESIAN_POINT ( 'NONE',  ( 19.00000000000000000, 13.19999999999999929, 28.45000000000000284 ) ) ;
#976 = CARTESIAN_POINT ( 'NONE',  ( -18.44999999999969731, 4.000000000000000000, -27.74999999999999289 ) ) ;
#977 = CARTESIAN_POINT ( 'NONE',  ( 16.29999999999999716, 11.69999999999999929, -26.24999999999998934 ) ) ;
#978 = CARTESIAN_POINT ( 'NONE',  ( 13.25206524156599563, 11.70000000000000107, 19.81694891154305083 ) ) ;
#979 = ORIENTED_EDGE ( 'NONE', *, *, #369, .T. ) ;
#980 = CARTESIAN_POINT ( 'NONE',  ( -9.074999999958757613, 5.200000000000000178, -30.24999999999998934 ) ) ;
#981 = CYLINDRICAL_SURFACE ( 'NONE', #408, 1.000000000000000888 ) ;
#982 = LINE ( 'NONE', #1395, #184 ) ;
#983 = DIRECTION ( 'NONE',  ( 6.097446312748004835E-17, 0.000000000000000000, 1.000000000000000000 ) ) ;
#984 = CARTESIAN_POINT ( 'NONE',  ( 14.60991557117830730, 11.70000000000000107, 21.21649972604452117 ) ) ;
#985 = ADVANCED_FACE ( 'NONE', ( #1814, #5250 ), #4465, .F. ) ;
#986 = VERTEX_POINT ( 'NONE', #4436 ) ;
#987 = ORIENTED_EDGE ( 'NONE', *, *, #1626, .F. ) ;
#988 = VERTEX_POINT ( 'NONE', #779 ) ;
#989 = CARTESIAN_POINT ( 'NONE',  ( 16.40000000000000213, 12.50000000000000000, 32.05000000000000426 ) ) ;
#990 = CARTESIAN_POINT ( 'NONE',  ( 18.19999999999999574, 10.85525754875708060, -32.04999999999999005 ) ) ;
#991 = EDGE_CURVE ( 'NONE', #2886, #5258, #4835, .T. ) ;
#992 = EDGE_LOOP ( 'NONE', ( #5242, #3470, #4782, #4449 ) ) ;
#993 = EDGE_CURVE ( 'NONE', #883, #1342, #2423, .T. ) ;
#994 = DIRECTION ( 'NONE',  ( 0.000000000000000000, 0.9063077870366479383, 0.4226182617407037156 ) ) ;
#995 = CYLINDRICAL_SURFACE ( 'NONE', #672, 0.5000000000000004441 ) ;
#996 = DIRECTION ( 'NONE',  ( 0.000000000000000000, 0.000000000000000000, 1.000000000000000000 ) ) ;
#997 = EDGE_CURVE ( 'NONE', #882, #3780, #1990, .T. ) ;
#998 = FACE_OUTER_BOUND ( 'NONE', #2303, .T. ) ;
#999 = CLOSED_SHELL ( 'NONE', ( #4274, #278, #2326, #4717, #564, #3426, #1971, #864, #504, #1402, #364, #534, #2201, #4074, #3544, #2766, #2338, #1673, #5136, #3177, #272, #3727, #3305, #724, #359, #1593, #985, #1519, #4633, #3663, #4684, #3275, #734, #2636, #7, #4289, #2921, #4600, #2909, #401, #3208, #3440, #2405, #428, #4958, #4695, #3140, #4627, #1228, #3357, #3251, #4921, #295, #5259, #2346, #793, #603, #3361, #1559, #3246, #899, #1578, #2036, #3745, #177, #659, #5185, #3243, #789, #407, #3777, #229, #3866, #4999, #3907, #3765, #1386, #4599, #5129, #4704, #2658, #4467, #813, #3002, #2292, #3838, #4931, #2899, #2869, #4863, #2028, #107, #2830, #1788, #3796, #73, #1392, #2378, #1125, #3093, #4988, #1, #4084, #3170, #3611, #3577, #1250, #2772, #2306, #3033, #4097, #4793, #887, #258, #4870, #4971, #4548, #3850, #1665, #4176, #5294, #2064, #374, #2644, #4559, #5290, #4791, #3581, #761, #3670, #824, #115, #3008, #4321, #2298, #2507, #3802, #3771, #4019, #392, #3827, #129, #1936, #3495, #2575, #4927, #1932, #2691, #1297, #4358, #1604, #510, #728, #3477, #893, #3005 ) ) ;
#1000 = CARTESIAN_POINT ( 'NONE',  ( 7.949999999963791808, 11.70000000000000107, 10.90000000000010338 ) ) ;
#1001 = CARTESIAN_POINT ( 'NONE',  ( -16.40000000000000568, 14.00000000000000000, -31.04999999999998650 ) ) ;
#1002 = ORIENTED_EDGE ( 'NONE', *, *, #2077, .F. ) ;
#1003 = ORIENTED_EDGE ( 'NONE', *, *, #709, .T. ) ;
#1004 = LINE ( 'NONE', #2246, #4612 ) ;
#1005 = CARTESIAN_POINT ( 'NONE',  ( -16.94999999999999218, 8.750000000000000000, 28.04264080459936181 ) ) ;
#1006 = CIRCLE ( 'NONE', #1705, 4.600000000000003197 ) ;
#1007 = DIRECTION ( 'NONE',  ( 0.000000000000000000, 0.000000000000000000, 1.000000000000000000 ) ) ;
#1008 = DIRECTION ( 'NONE',  ( 0.7057733216852312141, 0.000000000000000000, -0.7084377307833026327 ) ) ;
#1009 = VECTOR ( 'NONE', #1143, 1000.000000000000000 ) ;
#1010 = AXIS2_PLACEMENT_3D ( 'NONE', #1550, #1148, #2479 ) ;
#1011 = VERTEX_POINT ( 'NONE', #4922 ) ;
#1012 = VERTEX_POINT ( 'NONE', #5311 ) ;
#1013 = DIRECTION ( 'NONE',  ( 0.000000000000000000, 0.000000000000000000, 1.000000000000000000 ) ) ;
#1014 = CARTESIAN_POINT ( 'NONE',  ( 18.19999999999999574, 8.250000000000000000, 26.24999999999998934 ) ) ;
#1015 = VECTOR ( 'NONE', #639, 1000.000000000000000 ) ;
#1016 = AXIS2_PLACEMENT_3D ( 'NONE', #3252, #402, #3733 ) ;
#1017 = ORIENTED_EDGE ( 'NONE', *, *, #5061, .T. ) ;
#1018 = EDGE_LOOP ( 'NONE', ( #3268, #22, #670, #507 ) ) ;
#1019 = VECTOR ( 'NONE', #1200, 1000.000000000000000 ) ;
#1020 = ORIENTED_EDGE ( 'NONE', *, *, #3875, .F. ) ;
#1021 = EDGE_CURVE ( 'NONE', #20, #3651, #1141, .T. ) ;
#1022 = DIRECTION ( 'NONE',  ( 0.000000000000000000, 0.000000000000000000, 1.000000000000000000 ) ) ;
#1023 = CARTESIAN_POINT ( 'NONE',  ( 17.04999999999980176, 8.250000000000000000, 30.24999999999998934 ) ) ;
#1024 = PLANE ( 'NONE',  #4790 ) ;
#1025 = VECTOR ( 'NONE', #4120, 1000.000000000000000 ) ;
#1026 = EDGE_CURVE ( 'NONE', #918, #3916, #459, .T. ) ;
#1027 = DIRECTION ( 'NONE',  ( 0.000000000000000000, -0.9063077870366479383, -0.4226182617407036601 ) ) ;
#1028 = VECTOR ( 'NONE', #5319, 1000.000000000000000 ) ;
#1029 = DIRECTION ( 'NONE',  ( -0.000000000000000000, 1.000000000000000000, -0.000000000000000000 ) ) ;
#1030 = DIRECTION ( 'NONE',  ( -0.000000000000000000, -1.000000000000000000, -0.000000000000000000 ) ) ;
#1031 = DIRECTION ( 'NONE',  ( -0.000000000000000000, 1.000000000000000000, -0.000000000000000000 ) ) ;
#1032 = AXIS2_PLACEMENT_3D ( 'NONE', #123, #2522, #4619 ) ;
#1033 = ORIENTED_EDGE ( 'NONE', *, *, #1062, .T. ) ;
#1034 = EDGE_CURVE ( 'NONE', #661, #3784, #2074, .T. ) ;
#1035 = VERTEX_POINT ( 'NONE', #2776 ) ;
#1036 = CARTESIAN_POINT ( 'NONE',  ( 15.84968160004912185, 11.70000000000000107, 22.45160303899353238 ) ) ;
#1037 = CARTESIAN_POINT ( 'NONE',  ( -9.074999999958757613, 0.000000000000000000, -30.94999999999998863 ) ) ;
#1038 = CIRCLE ( 'NONE', #2176, 4.600000000000003197 ) ;
#1039 = CARTESIAN_POINT ( 'NONE',  ( 16.40000000000000213, 14.00000000000000000, 28.45000000000000284 ) ) ;
#1040 = DIRECTION ( 'NONE',  ( -1.000000000000000000, -0.000000000000000000, 5.412553747197527263E-17 ) ) ;
#1041 = CIRCLE ( 'NONE', #954, 0.5000000000000004441 ) ;
#1042 = ORIENTED_EDGE ( 'NONE', *, *, #1469, .F. ) ;
#1043 = ORIENTED_EDGE ( 'NONE', *, *, #1466, .F. ) ;
#1044 = DIRECTION ( 'NONE',  ( 0.000000000000000000, -0.9063077870366479383, -0.4226182617407038267 ) ) ;
#1045 = CARTESIAN_POINT ( 'NONE',  ( 16.39999999999999858, 12.50000000000000000, -32.04999999999999005 ) ) ;
#1046 = VECTOR ( 'NONE', #3895, 1000.000000000000000 ) ;
#1047 = ORIENTED_EDGE ( 'NONE', *, *, #3077, .F. ) ;
#1048 = ORIENTED_EDGE ( 'NONE', *, *, #3042, .T. ) ;
#1049 = ORIENTED_EDGE ( 'NONE', *, *, #5257, .F. ) ;
#1050 = VERTEX_POINT ( 'NONE', #4490 ) ;
#1051 = DIRECTION ( 'NONE',  ( 0.000000000000000000, 0.000000000000000000, -1.000000000000000000 ) ) ;
#1052 = CARTESIAN_POINT ( 'NONE',  ( 20.00000000000000355, 1.855257548756997554, 0.5170185627604220180 ) ) ;
#1053 = CARTESIAN_POINT ( 'NONE',  ( -16.94999999999998863, 8.750000000000000000, 28.04264080459935826 ) ) ;
#1054 = CARTESIAN_POINT ( 'NONE',  ( -20.00100000000001188, 9.632466196467996511, -5.369667632591987427 ) ) ;
#1055 = EDGE_CURVE ( 'NONE', #4205, #2878, #2017, .T. ) ;
#1056 = DIRECTION ( 'NONE',  ( 0.000000000000000000, 0.000000000000000000, -1.000000000000000000 ) ) ;
#1057 = LINE ( 'NONE', #1822, #5315 ) ;
#1058 = CARTESIAN_POINT ( 'NONE',  ( -12.07500000000022844, 5.099999999857725008, -30.94999999999998508 ) ) ;
#1059 = FACE_OUTER_BOUND ( 'NONE', #5275, .T. ) ;
#1060 = EDGE_CURVE ( 'NONE', #2966, #4461, #1105, .T. ) ;
#1061 = ORIENTED_EDGE ( 'NONE', *, *, #1304, .T. ) ;
#1062 = EDGE_CURVE ( 'NONE', #2805, #1828, #5276, .T. ) ;
#1063 = ORIENTED_EDGE ( 'NONE', *, *, #2610, .F. ) ;
#1064 = DIRECTION ( 'NONE',  ( 0.000000000000000000, -1.000000000000000000, 0.000000000000000000 ) ) ;
#1065 = CARTESIAN_POINT ( 'NONE',  ( 18.00000000000000355, 10.85525754875708060, 16.71378748615546073 ) ) ;
#1066 = CARTESIAN_POINT ( 'NONE',  ( -16.40000000000000213, 13.19999999999999929, 28.45000000000000284 ) ) ;
#1067 = EDGE_CURVE ( 'NONE', #2272, #1891, #1984, .T. ) ;
#1068 = ORIENTED_EDGE ( 'NONE', *, *, #4132, .F. ) ;
#1069 = ORIENTED_EDGE ( 'NONE', *, *, #3310, .F. ) ;
#1070 = ORIENTED_EDGE ( 'NONE', *, *, #2669, .T. ) ;
#1071 = LINE ( 'NONE', #2364, #1266 ) ;
#1072 = CARTESIAN_POINT ( 'NONE',  ( -20.00000000000000355, 1.855257548756997554, -0.9829814372395776489 ) ) ;
#1073 = DIRECTION ( 'NONE',  ( 0.000000000000000000, 1.000000000000000000, 0.000000000000000000 ) ) ;
#1074 = B_SPLINE_CURVE_WITH_KNOTS ( 'NONE', 3,
 ( #2356, #333, #1243, #3633 ),
 .UNSPECIFIED., .F., .F.,
 ( 4, 4 ),
 ( 0.000000000000000000, 1.000000000000000000 ),
 .UNSPECIFIED. ) ;
#1075 = ORIENTED_EDGE ( 'NONE', *, *, #3711, .T. ) ;
#1076 = ORIENTED_EDGE ( 'NONE', *, *, #5365, .F. ) ;
#1077 = ORIENTED_EDGE ( 'NONE', *, *, #3915, .T. ) ;
#1078 = ORIENTED_EDGE ( 'NONE', *, *, #1055, .T. ) ;
#1079 = CARTESIAN_POINT ( 'NONE',  ( -20.00000000000000355, 0.000000000000000000, -30.24999999999998934 ) ) ;
#1080 = FACE_OUTER_BOUND ( 'NONE', #3321, .T. ) ;
#1081 = CARTESIAN_POINT ( 'NONE',  ( -16.87123889803847021, 12.50000000000000178, 32.05000000000000426 ) ) ;
#1082 = PLANE ( 'NONE',  #926 ) ;
#1083 = CARTESIAN_POINT ( 'NONE',  ( -20.00000000000000000, 10.09999999985903862, 28.04264080459935826 ) ) ;
#1084 = CARTESIAN_POINT ( 'NONE',  ( 16.39999999999999503, 14.00000000000000000, -31.24999999999998934 ) ) ;
#1085 = EDGE_LOOP ( 'NONE', ( #907, #801, #4501, #3949 ) ) ;
#1086 = VERTEX_POINT ( 'NONE', #5361 ) ;
#1087 = EDGE_CURVE ( 'NONE', #94, #1940, #5340, .T. ) ;
#1088 = DIRECTION ( 'NONE',  ( -0.000000000000000000, 1.000000000000000000, -0.000000000000000000 ) ) ;
#1089 = CARTESIAN_POINT ( 'NONE',  ( 2.332400340011097621E-12, 11.70000000000000107, 18.88178248604694787 ) ) ;
#1090 = ORIENTED_EDGE ( 'NONE', *, *, #4007, .F. ) ;
#1091 = EDGE_LOOP ( 'NONE', ( #3229, #2893, #5247, #1184 ) ) ;
#1092 = VECTOR ( 'NONE', #1784, 1000.000000000000000 ) ;
#1093 =( BOUNDED_SURFACE ( )  B_SPLINE_SURFACE ( 2, 3, ( 
 ( #4947, #1213, #915, #3411 ),
 ( #4, #3763, #2915, #4143 ),
 ( #3818, #1302, #2586, #1738 ) ),
 .UNSPECIFIED., .F., .F., .T. ) 
 B_SPLINE_SURFACE_WITH_KNOTS ( ( 3, 3 ),
 ( 4, 4 ),
 ( 0.000000000000000000, 1.000000000000000000 ),
 ( -0.02845000000000000306, 0.02844999999999998919 ),
 .UNSPECIFIED. ) 
 GEOMETRIC_REPRESENTATION_ITEM ( )  RATIONAL_B_SPLINE_SURFACE ( (
 ( 1.000000000000000000, 1.000000000000000000, 1.000000000000000000, 1.000000000000000000),
 ( 0.7071067811865467956, 0.7071067811865467956, 0.7071067811865467956, 0.7071067811865467956),
 ( 1.000000000000000000, 1.000000000000000000, 1.000000000000000000, 1.000000000000000000) ) ) 
 REPRESENTATION_ITEM ( '' )  SURFACE ( )  );
#1094 = VERTEX_POINT ( 'NONE', #3219 ) ;
#1095 = EDGE_CURVE ( 'NONE', #3778, #284, #3768, .T. ) ;
#1096 = DIRECTION ( 'NONE',  ( 0.000000000000000000, 0.000000000000000000, 1.000000000000000000 ) ) ;
#1097 = CARTESIAN_POINT ( 'NONE',  ( -19.20000000000000639, 14.00000000000000000, -28.44999999999998508 ) ) ;
#1098 = PLANE ( 'NONE',  #4173 ) ;
#1099 = AXIS2_PLACEMENT_3D ( 'NONE', #3038, #3443, #5096 ) ;
#1100 = ORIENTED_EDGE ( 'NONE', *, *, #610, .T. ) ;
#1101 = VERTEX_POINT ( 'NONE', #265 ) ;
#1102 = ORIENTED_EDGE ( 'NONE', *, *, #1692, .F. ) ;
#1103 = VERTEX_POINT ( 'NONE', #1574 ) ;
#1104 = EDGE_CURVE ( 'NONE', #4753, #4939, #4090, .T. ) ;
#1105 = LINE ( 'NONE', #1541, #4149 ) ;
#1106 = AXIS2_PLACEMENT_3D ( 'NONE', #2663, #1815, #4324 ) ;
#1107 = VECTOR ( 'NONE', #1742, 1000.000000000000000 ) ;
#1108 = CARTESIAN_POINT ( 'NONE',  ( -20.00000000000000000, 4.390339418503834246, 28.45000000000000284 ) ) ;
#1109 = CARTESIAN_POINT ( 'NONE',  ( -16.40000000000000213, 0.000000000000000000, 28.45000000000000284 ) ) ;
#1110 = VECTOR ( 'NONE', #3211, 1000.000000000000000 ) ;
#1111 = AXIS2_PLACEMENT_3D ( 'NONE', #644, #4322, #1051 ) ;
#1112 = LINE ( 'NONE', #2834, #3117 ) ;
#1113 = CARTESIAN_POINT ( 'NONE',  ( -20.00000000000000355, 10.85525754875699711, 4.713787486155460726 ) ) ;
#1114 = AXIS2_PLACEMENT_3D ( 'NONE', #2596, #4256, #2671 ) ;
#1115 = DIRECTION ( 'NONE',  ( 0.000000000000000000, 0.000000000000000000, 1.000000000000000000 ) ) ;
#1116 = PLANE ( 'NONE',  #3388 ) ;
#1117 = VERTEX_POINT ( 'NONE', #1933 ) ;
#1118 = CIRCLE ( 'NONE', #1812, 1.000000000000000888 ) ;
#1119 = ORIENTED_EDGE ( 'NONE', *, *, #1139, .T. ) ;
#1120 = CARTESIAN_POINT ( 'NONE',  ( 15.84968160004912185, 13.19999999999999929, 22.45160303899353238 ) ) ;
#1121 = CARTESIAN_POINT ( 'NONE',  ( -17.80945419390008411, 14.00000000000000000, 30.89680584214336889 ) ) ;
#1122 = DIRECTION ( 'NONE',  ( 0.000000000000000000, 0.000000000000000000, -1.000000000000000000 ) ) ;
#1123 = AXIS2_PLACEMENT_3D ( 'NONE', #4460, #312, #1978 ) ;
#1124 = ORIENTED_EDGE ( 'NONE', *, *, #1960, .T. ) ;
#1125 = ADVANCED_FACE ( 'NONE', ( #3598 ), #3580, .T. ) ;
#1126 = ORIENTED_EDGE ( 'NONE', *, *, #2400, .F. ) ;
#1127 = ORIENTED_EDGE ( 'NONE', *, *, #1062, .F. ) ;
#1128 = VECTOR ( 'NONE', #1522, 1000.000000000000000 ) ;
#1129 = EDGE_LOOP ( 'NONE', ( #57, #4509, #5164, #5025 ) ) ;
#1130 = DIRECTION ( 'NONE',  ( 1.000000000000000000, -0.000000000000000000, -5.412553747197527263E-17 ) ) ;
#1131 = CARTESIAN_POINT ( 'NONE',  ( 16.40000000000000213, 12.50000000000000000, 32.05000000000000426 ) ) ;
#1132 = DIRECTION ( 'NONE',  ( 1.000000000000000000, -0.000000000000000000, -0.000000000000000000 ) ) ;
#1133 = CARTESIAN_POINT ( 'NONE',  ( 19.99999999999999645, 12.50000000000000000, 28.45000000000000284 ) ) ;
#1134 = AXIS2_PLACEMENT_3D ( 'NONE', #2864, #4472, #2045 ) ;
#1135 = VERTEX_POINT ( 'NONE', #1755 ) ;
#1136 = EDGE_CURVE ( 'NONE', #2805, #740, #2967, .T. ) ;
#1137 = EDGE_LOOP ( 'NONE', ( #1569, #3245, #1983, #4712 ) ) ;
#1138 = EDGE_LOOP ( 'NONE', ( #4556, #4919, #1871, #2826 ) ) ;
#1139 = EDGE_CURVE ( 'NONE', #89, #3344, #5078, .T. ) ;
#1140 = ORIENTED_EDGE ( 'NONE', *, *, #1318, .T. ) ;
#1141 = LINE ( 'NONE', #1956, #4676 ) ;
#1142 = VECTOR ( 'NONE', #3600, 1000.000000000000000 ) ;
#1143 = DIRECTION ( 'NONE',  ( -0.000000000000000000, -0.000000000000000000, -1.000000000000000000 ) ) ;
#1144 = CARTESIAN_POINT ( 'NONE',  ( -19.90630163600593860, 12.50000000000000178, 29.39229238369341601 ) ) ;
#1145 = EDGE_CURVE ( 'NONE', #5155, #5297, #5388, .T. ) ;
#1146 = DIRECTION ( 'NONE',  ( -1.000000000000000000, -0.000000000000000000, 5.412553747197527263E-17 ) ) ;
#1147 = CARTESIAN_POINT ( 'NONE',  ( 14.60991557117830730, 11.70000000000000107, 21.21649972604452117 ) ) ;
#1148 = DIRECTION ( 'NONE',  ( -0.000000000000000000, 1.000000000000000000, 0.000000000000000000 ) ) ;
#1149 = ORIENTED_EDGE ( 'NONE', *, *, #3972, .F. ) ;
#1150 = DIRECTION ( 'NONE',  ( 0.000000000000000000, 0.9063077870366479383, 0.4226182617407037156 ) ) ;
#1151 = CARTESIAN_POINT ( 'NONE',  ( -20.00000000000000355, 10.85525754875708060, 16.71378748615546073 ) ) ;
#1152 = ORIENTED_EDGE ( 'NONE', *, *, #3034, .F. ) ;
#1153 = VERTEX_POINT ( 'NONE', #4162 ) ;
#1154 = PLANE ( 'NONE',  #1212 ) ;
#1155 = CARTESIAN_POINT ( 'NONE',  ( 19.19999999999491536, 14.00000000000000000, 28.81658521991601418 ) ) ;
#1156 = DIRECTION ( 'NONE',  ( 0.7057733216852295488, 0.000000000000000000, -0.7084377307833041870 ) ) ;
#1157 = EDGE_CURVE ( 'NONE', #3145, #820, #2119, .T. ) ;
#1158 = DIRECTION ( 'NONE',  ( -0.000000000000000000, 1.000000000000000000, -0.000000000000000000 ) ) ;
#1159 = ORIENTED_EDGE ( 'NONE', *, *, #2861, .T. ) ;
#1160 = ORIENTED_EDGE ( 'NONE', *, *, #2243, .T. ) ;
#1161 = VERTEX_POINT ( 'NONE', #884 ) ;
#1162 = ORIENTED_EDGE ( 'NONE', *, *, #5229, .F. ) ;
#1163 = CARTESIAN_POINT ( 'NONE',  ( -15.77499999999998614, 0.000000000000000000, 28.97500000000004761 ) ) ;
#1164 = DIRECTION ( 'NONE',  ( -0.000000000000000000, -1.000000000000000000, -0.000000000000000000 ) ) ;
#1165 = EDGE_CURVE ( 'NONE', #3651, #3101, #1678, .T. ) ;
#1166 = CARTESIAN_POINT ( 'NONE',  ( -16.29999999999999716, 11.69999999999999929, 30.24999999999998934 ) ) ;
#1167 = CARTESIAN_POINT ( 'NONE',  ( -20.00000000000000355, 0.000000000000000000, -28.44999999999998863 ) ) ;
#1168 = EDGE_CURVE ( 'NONE', #3178, #1330, #4213, .T. ) ;
#1169 = DIRECTION ( 'NONE',  ( 1.000000000000000000, 0.000000000000000000, 0.000000000000000000 ) ) ;
#1170 = DIRECTION ( 'NONE',  ( -0.000000000000000000, 1.000000000000000000, -0.000000000000000000 ) ) ;
#1171 = CARTESIAN_POINT ( 'NONE',  ( 0.000000000000000000, 11.70000000000000107, 0.000000000000000000 ) ) ;
#1172 = EDGE_LOOP ( 'NONE', ( #3867, #231, #1204, #372 ) ) ;
#1173 = DIRECTION ( 'NONE',  ( -0.000000000000000000, 1.000000000000000000, -0.000000000000000000 ) ) ;
#1174 = DIRECTION ( 'NONE',  ( 0.000000000000000000, 0.000000000000000000, -1.000000000000000000 ) ) ;
#1175 = EDGE_LOOP ( 'NONE', ( #3570, #2771, #3187, #1063 ) ) ;
#1176 = VERTEX_POINT ( 'NONE', #1262 ) ;
#1177 = DIRECTION ( 'NONE',  ( -1.000000000000000000, 0.000000000000000000, 0.000000000000000000 ) ) ;
#1178 = CARTESIAN_POINT ( 'NONE',  ( 17.34229239294892366, 12.50000000000000000, 31.95630163217217401 ) ) ;
#1179 = DIRECTION ( 'NONE',  ( -0.000000000000000000, -0.000000000000000000, -1.000000000000000000 ) ) ;
#1180 = CARTESIAN_POINT ( 'NONE',  ( 19.19999999999999929, 14.00000000000000000, -28.44999999999998863 ) ) ;
#1181 = ORIENTED_EDGE ( 'NONE', *, *, #1398, .T. ) ;
#1182 = ORIENTED_EDGE ( 'NONE', *, *, #2948, .F. ) ;
#1183 = EDGE_LOOP ( 'NONE', ( #2607, #4454, #277, #2956 ) ) ;
#1184 = ORIENTED_EDGE ( 'NONE', *, *, #3680, .T. ) ;
#1185 = DIRECTION ( 'NONE',  ( -0.000000000000000000, 0.9063077870366478273, 0.4226182617407038267 ) ) ;
#1186 = LINE ( 'NONE', #4466, #1887 ) ;
#1187 = AXIS2_PLACEMENT_3D ( 'NONE', #1089, #2000, #4572 ) ;
#1188 = EDGE_CURVE ( 'NONE', #4377, #1675, #511, .T. ) ;
#1189 = VECTOR ( 'NONE', #378, 1000.000000000000000 ) ;
#1190 = VECTOR ( 'NONE', #1331, 1000.000000000000000 ) ;
#1191 = DIRECTION ( 'NONE',  ( 0.000000000000000000, -1.000000000000000000, 0.000000000000000000 ) ) ;
#1192 = CARTESIAN_POINT ( 'NONE',  ( 17.04999999999970939, 0.000000000000000000, -26.24999999999998934 ) ) ;
#1193 = DIRECTION ( 'NONE',  ( 0.000000000000000000, 0.000000000000000000, 1.000000000000000000 ) ) ;
#1194 = VECTOR ( 'NONE', #1679, 1000.000000000000227 ) ;
#1195 = AXIS2_PLACEMENT_3D ( 'NONE', #4571, #461, #433 ) ;
#1196 = EDGE_CURVE ( 'NONE', #3294, #1980, #2235, .T. ) ;
#1197 = ORIENTED_EDGE ( 'NONE', *, *, #4169, .F. ) ;
#1198 = VECTOR ( 'NONE', #1249, 1000.000000000000000 ) ;
#1199 = LINE ( 'NONE', #1638, #3926 ) ;
#1200 = DIRECTION ( 'NONE',  ( 0.000000000000000000, -1.000000000000000000, 0.000000000000000000 ) ) ;
#1201 = CARTESIAN_POINT ( 'NONE',  ( -18.61236819190969882, 12.50000000000000355, -31.32880063263342763 ) ) ;
#1202 = AXIS2_PLACEMENT_3D ( 'NONE', #1582, #2381, #1551 ) ;
#1203 = EDGE_CURVE ( 'NONE', #3441, #1741, #3808, .T. ) ;
#1204 = ORIENTED_EDGE ( 'NONE', *, *, #633, .F. ) ;
#1205 = ORIENTED_EDGE ( 'NONE', *, *, #970, .T. ) ;
#1206 = CARTESIAN_POINT ( 'NONE',  ( -20.00000000000000000, 14.00000000000000000, 30.25000000000000355 ) ) ;
#1207 = DIRECTION ( 'NONE',  ( 1.000000000000000000, 0.000000000000000000, -0.000000000000000000 ) ) ;
#1208 = VECTOR ( 'NONE', #4741, 1000.000000000000000 ) ;
#1209 = LINE ( 'NONE', #4054, #4244 ) ;
#1210 = CARTESIAN_POINT ( 'NONE',  ( -19.00000000000000000, 13.19999999999999929, 28.45000000000000284 ) ) ;
#1211 = ORIENTED_EDGE ( 'NONE', *, *, #3574, .T. ) ;
#1212 = AXIS2_PLACEMENT_3D ( 'NONE', #4888, #770, #1771 ) ;
#1213 = CARTESIAN_POINT ( 'NONE',  ( -20.00000000000000355, 12.50000000000000000, 9.483333333333346715 ) ) ;
#1214 = ORIENTED_EDGE ( 'NONE', *, *, #5198, .F. ) ;
#1215 = ORIENTED_EDGE ( 'NONE', *, *, #4201, .T. ) ;
#1216 = CARTESIAN_POINT ( 'NONE',  ( 19.20000000000000639, 14.00000000000000000, 28.81693053836875151 ) ) ;
#1217 = CARTESIAN_POINT ( 'NONE',  ( 19.99999999999999289, 10.13246619646799829, -16.46929045201742881 ) ) ;
#1218 = CIRCLE ( 'NONE', #4267, 1.249999999999671596 ) ;
#1219 = COLOUR_RGB ( '',0.9686274509803921573, 0.9686274509803921573, 0.9686274509803921573 ) ;
#1220 = DIRECTION ( 'NONE',  ( 0.000000000000000000, -0.000000000000000000, -1.000000000000000000 ) ) ;
#1221 = CARTESIAN_POINT ( 'NONE',  ( -19.12712349168906911, 14.00000000000000000, 29.18289408340439550 ) ) ;
#1222 = DIRECTION ( 'NONE',  ( -0.000000000000000000, 0.000000000000000000, 1.000000000000000000 ) ) ;
#1223 = EDGE_CURVE ( 'NONE', #3129, #3179, #2859, .T. ) ;
#1224 = VERTEX_POINT ( 'NONE', #3322 ) ;
#1225 = DIRECTION ( 'NONE',  ( 1.000000000000000000, -0.000000000000000000, -0.000000000000000000 ) ) ;
#1226 = DIRECTION ( 'NONE',  ( 1.000000000000000000, 0.000000000000000000, -1.654744174222709448E-16 ) ) ;
#1227 = EDGE_CURVE ( 'NONE', #3780, #1423, #3370, .T. ) ;
#1228 = ADVANCED_FACE ( 'NONE', ( #105 ), #4625, .F. ) ;
#1229 = ORIENTED_EDGE ( 'NONE', *, *, #335, .F. ) ;
#1230 = DIRECTION ( 'NONE',  ( 0.000000000000000000, 0.000000000000000000, -1.000000000000000000 ) ) ;
#1231 = CARTESIAN_POINT ( 'NONE',  ( -15.77499999999998614, 8.250000000000000000, 28.97500000000004761 ) ) ;
#1232 = CYLINDRICAL_SURFACE ( 'NONE', #1901, 0.5000000000000004441 ) ;
#1233 = EDGE_CURVE ( 'NONE', #1520, #1504, #4239, .T. ) ;
#1234 = FACE_BOUND ( 'NONE', #1505, .T. ) ;
#1235 = ORIENTED_EDGE ( 'NONE', *, *, #1886, .F. ) ;
#1236 = VERTEX_POINT ( 'NONE', #3401 ) ;
#1237 = ORIENTED_EDGE ( 'NONE', *, *, #4469, .F. ) ;
#1238 = ORIENTED_EDGE ( 'NONE', *, *, #1223, .T. ) ;
#1239 = CARTESIAN_POINT ( 'NONE',  ( -18.19999999999999574, 8.250000000000000000, 30.24999999999998934 ) ) ;
#1240 = CARTESIAN_POINT ( 'NONE',  ( 16.39999999999999858, 14.00000000000000000, -28.44999999999998863 ) ) ;
#1241 = CARTESIAN_POINT ( 'NONE',  ( -20.00000000000000000, 9.599999999859038624, 21.24264564540182576 ) ) ;
#1242 = UNCERTAINTY_MEASURE_WITH_UNIT (LENGTH_MEASURE( 1.000000000000000082E-05 ), #68, 'distance_accuracy_value', 'NONE');
#1243 = CARTESIAN_POINT ( 'NONE',  ( -20.00000000000000355, 12.50000000000000000, -9.483333333333325399 ) ) ;
#1244 = CARTESIAN_POINT ( 'NONE',  ( -19.27880062554967466, 12.50000000000000000, 30.66236819899346955 ) ) ;
#1245 = LINE ( 'NONE', #55, #2052 ) ;
#1246 = CARTESIAN_POINT ( 'NONE',  ( 6.591820935136431636, 11.70000000000000107, 26.78531431339454727 ) ) ;
#1247 = ORIENTED_EDGE ( 'NONE', *, *, #327, .T. ) ;
#1248 = FACE_OUTER_BOUND ( 'NONE', #2854, .T. ) ;
#1249 = DIRECTION ( 'NONE',  ( -1.000000000000000000, 0.000000000000000000, 0.000000000000000000 ) ) ;
#1250 = ADVANCED_FACE ( 'NONE', ( #5055 ), #1702, .F. ) ;
#1251 = ORIENTED_EDGE ( 'NONE', *, *, #2095, .F. ) ;
#1252 = DIRECTION ( 'NONE',  ( -1.000000000000000000, 0.000000000000000000, 5.412553747197527263E-17 ) ) ;
#1253 = FACE_BOUND ( 'NONE', #4809, .T. ) ;
#1254 = PLANE ( 'NONE',  #702 ) ;
#1255 = CARTESIAN_POINT ( 'NONE',  ( 7.949999999963791808, 13.19999999999999929, 7.700000000000102318 ) ) ;
#1256 = CARTESIAN_POINT ( 'NONE',  ( 13.37014954230762065, 11.70000000000000107, 19.98139641309527548 ) ) ;
#1257 = ORIENTED_EDGE ( 'NONE', *, *, #4797, .F. ) ;
#1258 = ORIENTED_EDGE ( 'NONE', *, *, #81, .T. ) ;
#1259 = EDGE_CURVE ( 'NONE', #4767, #3613, #2595, .T. ) ;
#1260 = ORIENTED_EDGE ( 'NONE', *, *, #5156, .F. ) ;
#1261 = ORIENTED_EDGE ( 'NONE', *, *, #4659, .T. ) ;
#1262 = CARTESIAN_POINT ( 'NONE',  ( 16.22500000000117382, 8.250000000000000000, -26.24999999999998934 ) ) ;
#1263 = DIRECTION ( 'NONE',  ( 0.000000000000000000, 1.000000000000000000, 0.000000000000000000 ) ) ;
#1264 = EDGE_CURVE ( 'NONE', #3449, #3157, #3563, .T. ) ;
#1265 = CARTESIAN_POINT ( 'NONE',  ( 0.000000000000000000, 8.250000000000000000, 0.000000000000000000 ) ) ;
#1266 = VECTOR ( 'NONE', #4029, 1000.000000000000000 ) ;
#1267 = LINE ( 'NONE', #4276, #234 ) ;
#1268 = DIRECTION ( 'NONE',  ( 0.000000000000000000, 0.000000000000000000, 1.000000000000000000 ) ) ;
#1269 = CARTESIAN_POINT ( 'NONE',  ( 17.81013313783989105, 14.00000000000000000, -30.89660189037331861 ) ) ;
#1270 = CARTESIAN_POINT ( 'NONE',  ( 10.83402830016236251, 11.70000000000000107, 29.60664158573503713 ) ) ;
#1271 = AXIS2_PLACEMENT_3D ( 'NONE', #4138, #1653, #1958 ) ;
#1272 = ORIENTED_EDGE ( 'NONE', *, *, #993, .F. ) ;
#1273 = LINE ( 'NONE', #2980, #4415 ) ;
#1274 = CARTESIAN_POINT ( 'NONE',  ( 0.000000000000000000, 5.200000000000000178, 0.000000000000000000 ) ) ;
#1275 = AXIS2_PLACEMENT_3D ( 'NONE', #3730, #703, #3249 ) ;
#1276 = AXIS2_PLACEMENT_3D ( 'NONE', #2456, #1146, #2890 ) ;
#1277 = DIRECTION ( 'NONE',  ( 1.000000000000000000, 0.000000000000000000, -1.654744174222709448E-16 ) ) ;
#1278 = VECTOR ( 'NONE', #3534, 1000.000000000000000 ) ;
#1279 = CIRCLE ( 'NONE', #4579, 0.5000000000000004441 ) ;
#1280 = VERTEX_POINT ( 'NONE', #1425 ) ;
#1281 = DIRECTION ( 'NONE',  ( 0.000000000000000000, 0.000000000000000000, 1.000000000000000000 ) ) ;
#1282 = CARTESIAN_POINT ( 'NONE',  ( 18.44999999999970441, 4.000000000000000000, -28.24999999999998934 ) ) ;
#1283 = SURFACE_STYLE_USAGE ( .BOTH. , #3362 ) ;
#1284 = DIRECTION ( 'NONE',  ( -0.000000000000000000, -1.000000000000000000, -0.000000000000000000 ) ) ;
#1285 =( GEOMETRIC_REPRESENTATION_CONTEXT ( 3 ) GLOBAL_UNCERTAINTY_ASSIGNED_CONTEXT ( ( #4141 ) ) GLOBAL_UNIT_ASSIGNED_CONTEXT ( ( #1970, #2759, #334 ) ) REPRESENTATION_CONTEXT ( 'NONE', 'WORKASPACE' ) );
#1286 = LINE ( 'NONE', #4265, #1728 ) ;
#1287 = PRODUCT_DEFINITION_SHAPE ( 'NONE', 'NONE',  #3675 ) ;
#1288 = EDGE_CURVE ( 'NONE', #3909, #854, #2686, .T. ) ;
#1289 = ORIENTED_EDGE ( 'NONE', *, *, #589, .F. ) ;
#1290 = ORIENTED_EDGE ( 'NONE', *, *, #1619, .F. ) ;
#1291 = VECTOR ( 'NONE', #1496, 1000.000000000000000 ) ;
#1292 = ORIENTED_EDGE ( 'NONE', *, *, #3430, .F. ) ;
#1293 = CARTESIAN_POINT ( 'NONE',  ( 5.466666666666670338, 12.50000000000000000, 32.05000000000000426 ) ) ;
#1294 = DIRECTION ( 'NONE',  ( -0.000000000000000000, 1.000000000000000000, -0.000000000000000000 ) ) ;
#1295 = EDGE_CURVE ( 'NONE', #2886, #4112, #3945, .T. ) ;
#1296 = VECTOR ( 'NONE', #797, 1000.000000000000000 ) ;
#1297 = ADVANCED_FACE ( 'NONE', ( #206 ), #4374, .T. ) ;
#1298 = FACE_OUTER_BOUND ( 'NONE', #1527, .T. ) ;
#1299 = AXIS2_PLACEMENT_3D ( 'NONE', #4615, #551, #4584 ) ;
#1300 = CARTESIAN_POINT ( 'NONE',  ( -16.40000000000000213, 0.000000000000000000, 32.05000000000000426 ) ) ;
#1301 = CARTESIAN_POINT ( 'NONE',  ( -16.87132385417755387, 13.99999999999968203, 32.04999999999618154 ) ) ;
#1302 = CARTESIAN_POINT ( 'NONE',  ( -19.20000000000000639, 14.00000000000000000, 9.483333333333332504 ) ) ;
#1303 = CARTESIAN_POINT ( 'NONE',  ( -18.20000000000000284, 5.494999999859252249, 29.11500000000011568 ) ) ;
#1304 = EDGE_CURVE ( 'NONE', #1746, #3447, #228, .T. ) ;
#1305 = AXIS2_PLACEMENT_3D ( 'NONE', #3632, #5291, #1555 ) ;
#1306 = ORIENTED_EDGE ( 'NONE', *, *, #5271, .T. ) ;
#1307 = CARTESIAN_POINT ( 'NONE',  ( -13.53232484621986131, 11.70000000000000107, 7.700000000000102318 ) ) ;
#1308 = DIRECTION ( 'NONE',  ( 0.000000000000000000, -0.000000000000000000, -1.000000000000000000 ) ) ;
#1309 = LINE ( 'NONE', #446, #2511 ) ;
#1310 = ORIENTED_EDGE ( 'NONE', *, *, #5066, .F. ) ;
#1311 = LINE ( 'NONE', #4206, #607 ) ;
#1312 = LINE ( 'NONE', #4942, #576 ) ;
#1313 =( NAMED_UNIT ( * ) SI_UNIT ( $, .STERADIAN. ) SOLID_ANGLE_UNIT ( ) );
#1314 = DIRECTION ( 'NONE',  ( -0.000000000000000000, 1.000000000000000000, -0.000000000000000000 ) ) ;
#1315 = LINE ( 'NONE', #1256, #1910 ) ;
#1316 = ORIENTED_EDGE ( 'NONE', *, *, #369, .F. ) ;
#1317 = ORIENTED_EDGE ( 'NONE', *, *, #3404, .F. ) ;
#1318 = EDGE_CURVE ( 'NONE', #582, #5075, #537, .T. ) ;
#1319 = DIRECTION ( 'NONE',  ( 0.000000000000000000, 1.000000000000000000, 0.000000000000000000 ) ) ;
#1320 = DIRECTION ( 'NONE',  ( -1.000000000000000000, 0.000000000000000000, -0.000000000000000000 ) ) ;
#1321 = VERTEX_POINT ( 'NONE', #4746 ) ;
#1322 = EDGE_CURVE ( 'NONE', #2653, #2816, #3971, .T. ) ;
#1323 = CYLINDRICAL_SURFACE ( 'NONE', #143, 0.5000000000000004441 ) ;
#1324 = FACE_OUTER_BOUND ( 'NONE', #1456, .T. ) ;
#1325 = CARTESIAN_POINT ( 'NONE',  ( 5.466666666666663232, 14.00000000000000000, -31.24999999999998934 ) ) ;
#1326 = EDGE_CURVE ( 'NONE', #668, #5382, #61, .T. ) ;
#1327 = CARTESIAN_POINT ( 'NONE',  ( 19.99999999999364064, 14.00000000000000000, -28.92132385417725615 ) ) ;
#1328 = DIRECTION ( 'NONE',  ( -5.412553747197527263E-17, 0.000000000000000000, -1.000000000000000000 ) ) ;
#1329 = EDGE_CURVE ( 'NONE', #1509, #2221, #2282, .T. ) ;
#1330 = VERTEX_POINT ( 'NONE', #3885 ) ;
#1331 = DIRECTION ( 'NONE',  ( 5.412553747197527263E-17, 0.000000000000000000, 1.000000000000000000 ) ) ;
#1332 = LINE ( 'NONE', #4685, #4696 ) ;
#1333 = CARTESIAN_POINT ( 'NONE',  ( -18.20000000000000284, 11.69999999999999929, -26.24999999999998934 ) ) ;
#1334 = ORIENTED_EDGE ( 'NONE', *, *, #4364, .F. ) ;
#1335 = CARTESIAN_POINT ( 'NONE',  ( 7.949999999963791808, 11.70000000000000107, 8.700000000000104095 ) ) ;
#1336 = CARTESIAN_POINT ( 'NONE',  ( 13.39133194203905219, 11.70000000000000107, 19.96049258482525346 ) ) ;
#1337 = DIRECTION ( 'NONE',  ( -1.000000000000000000, 0.000000000000000000, 0.000000000000000000 ) ) ;
#1338 = CARTESIAN_POINT ( 'NONE',  ( -17.80594073601374561, 4.000000000000000000, 30.88953339543472865 ) ) ;
#1339 = CYLINDRICAL_SURFACE ( 'NONE', #2241, 0.5000000000000004441 ) ;
#1340 = DIRECTION ( 'NONE',  ( 0.000000000000000000, 0.000000000000000000, -1.000000000000000000 ) ) ;
#1341 = ORIENTED_EDGE ( 'NONE', *, *, #3736, .F. ) ;
#1342 = VERTEX_POINT ( 'NONE', #3096 ) ;
#1343 = VERTEX_POINT ( 'NONE', #5217 ) ;
#1344 = CARTESIAN_POINT ( 'NONE',  ( 16.29999999999999716, 8.250000000000000000, 30.24999999999998934 ) ) ;
#1345 = DIRECTION ( 'NONE',  ( 0.000000000000000000, 0.9063077870366479383, 0.4226182617407036601 ) ) ;
#1346 = ORIENTED_EDGE ( 'NONE', *, *, #5198, .T. ) ;
#1347 = LINE ( 'NONE', #110, #506 ) ;
#1348 = CARTESIAN_POINT ( 'NONE',  ( 19.99999999999999645, 12.50000000000000000, -28.44999999999998863 ) ) ;
#1349 = CARTESIAN_POINT ( 'NONE',  ( -20.00000000000000355, 1.855257548757081265, 11.01701856276042335 ) ) ;
#1350 = DIRECTION ( 'NONE',  ( -1.000000000000000000, -0.000000000000000000, 1.654744174222709448E-16 ) ) ;
#1351 = FACE_OUTER_BOUND ( 'NONE', #3173, .T. ) ;
#1352 = EDGE_CURVE ( 'NONE', #3214, #918, #1855, .T. ) ;
#1353 = DIRECTION ( 'NONE',  ( -5.412553747197527263E-17, 1.433700456506612432E-16, -1.000000000000000000 ) ) ;
#1354 = DIRECTION ( 'NONE',  ( -1.000000000000000000, 0.000000000000000000, 1.654744174222709448E-16 ) ) ;
#1355 = CARTESIAN_POINT ( 'NONE',  ( 2.332706501710884219E-12, 13.19999999999999929, 16.38178248604695142 ) ) ;
#1356 = AXIS2_PLACEMENT_3D ( 'NONE', #583, #1864, #2255 ) ;
#1357 = VECTOR ( 'NONE', #5345, 1000.000000000000000 ) ;
#1358 = EDGE_CURVE ( 'NONE', #1371, #1117, #967, .T. ) ;
#1359 = VERTEX_POINT ( 'NONE', #2716 ) ;
#1360 = VECTOR ( 'NONE', #3432, 1000.000000000000000 ) ;
#1361 = VECTOR ( 'NONE', #861, 1000.000000000000000 ) ;
#1362 = CARTESIAN_POINT ( 'NONE',  ( -16.29999999999999716, 9.599999999859038624, 28.04264080459935826 ) ) ;
#1363 = CARTESIAN_POINT ( 'NONE',  ( 16.29999999999999716, 8.250000000000000000, 30.24999999999998934 ) ) ;
#1364 = FILL_AREA_STYLE_COLOUR ( '', #1219 ) ;
#1365 = CARTESIAN_POINT ( 'NONE',  ( -20.00000000000000355, 10.85525754875699711, 4.713787486155460726 ) ) ;
#1366 = CARTESIAN_POINT ( 'NONE',  ( 16.40000000000000213, 14.00000000000000000, 32.05000000000000426 ) ) ;
#1367 = CARTESIAN_POINT ( 'NONE',  ( 18.19999999999999574, 10.13246619646799829, -16.96929045201742525 ) ) ;
#1368 = EDGE_CURVE ( 'NONE', #4187, #2932, #4271, .T. ) ;
#1369 = AXIS2_PLACEMENT_3D ( 'NONE', #2824, #2009, #4915 ) ;
#1370 = AXIS2_PLACEMENT_3D ( 'NONE', #3103, #211, #1022 ) ;
#1371 = VERTEX_POINT ( 'NONE', #127 ) ;
#1372 = EDGE_LOOP ( 'NONE', ( #3513, #1401, #3100, #1373, #2829 ) ) ;
#1373 = ORIENTED_EDGE ( 'NONE', *, *, #2614, .T. ) ;
#1374 = PLANE ( 'NONE',  #3284 ) ;
#1375 = CIRCLE ( 'NONE', #244, 0.2000000000000005107 ) ;
#1376 = LINE ( 'NONE', #3511, #2858 ) ;
#1377 = VECTOR ( 'NONE', #1964, 1000.000000000000000 ) ;
#1378 = ORIENTED_EDGE ( 'NONE', *, *, #2631, .T. ) ;
#1379 = DIRECTION ( 'NONE',  ( 0.000000000000000000, 0.000000000000000000, -1.000000000000000000 ) ) ;
#1380 = DIRECTION ( 'NONE',  ( -0.000000000000000000, 1.000000000000000000, -0.000000000000000000 ) ) ;
#1381 = CARTESIAN_POINT ( 'NONE',  ( 18.19999999999999574, 1.855257548757082153, -32.04999999999999005 ) ) ;
#1382 = AXIS2_PLACEMENT_3D ( 'NONE', #694, #2392, #371 ) ;
#1383 = CARTESIAN_POINT ( 'NONE',  ( 18.44999999999970441, 4.000000000000000000, -27.74999999999998934 ) ) ;
#1384 = VECTOR ( 'NONE', #3149, 1000.000000000000000 ) ;
#1385 = CYLINDRICAL_SURFACE ( 'NONE', #153, 1.750000000000001554 ) ;
#1386 = ADVANCED_FACE ( 'NONE', ( #182 ), #1374, .F. ) ;
#1387 = LINE ( 'NONE', #3059, #3836 ) ;
#1388 = CARTESIAN_POINT ( 'NONE',  ( 20.00100000000000833, 6.204999999859553306, 27.86500000000042476 ) ) ;
#1389 = AXIS2_PLACEMENT_3D ( 'NONE', #840, #5009, #3006 ) ;
#1390 = VERTEX_POINT ( 'NONE', #3073 ) ;
#1391 = AXIS2_PLACEMENT_3D ( 'NONE', #2504, #3817, #1268 ) ;
#1392 = ADVANCED_FACE ( 'NONE', ( #2656 ), #5031, .T. ) ;
#1393 = CARTESIAN_POINT ( 'NONE',  ( -15.07500000004169749, 5.099999999857725008, -30.94999999999998863 ) ) ;
#1394 = LINE ( 'NONE', #959, #3455 ) ;
#1395 = CARTESIAN_POINT ( 'NONE',  ( -13.53232484621986131, 13.19999999999999929, 7.700000000000102318 ) ) ;
#1396 = CARTESIAN_POINT ( 'NONE',  ( -20.00000000000000000, 0.000000000000000000, 30.25000000000000355 ) ) ;
#1397 = FACE_OUTER_BOUND ( 'NONE', #2075, .T. ) ;
#1398 = EDGE_CURVE ( 'NONE', #2989, #1521, #5300, .T. ) ;
#1399 = EDGE_LOOP ( 'NONE', ( #2493, #4886, #5027, #4972 ) ) ;
#1400 = ORIENTED_EDGE ( 'NONE', *, *, #3792, .F. ) ;
#1401 = ORIENTED_EDGE ( 'NONE', *, *, #3339, .F. ) ;
#1402 = ADVANCED_FACE ( 'NONE', ( #256 ), #4400, .F. ) ;
#1403 = DIRECTION ( 'NONE',  ( -1.000000000000000000, 0.000000000000000000, -0.000000000000000000 ) ) ;
#1404 = DIRECTION ( 'NONE',  ( -0.000000000000000000, -0.000000000000000000, 1.000000000000000000 ) ) ;
#1405 = EDGE_LOOP ( 'NONE', ( #32, #3535, #619, #480, #4848, #3453, #2386, #338 ) ) ;
#1406 = ORIENTED_EDGE ( 'NONE', *, *, #2762, .T. ) ;
#1407 = EDGE_CURVE ( 'NONE', #3681, #3512, #743, .T. ) ;
#1408 = CARTESIAN_POINT ( 'NONE',  ( 18.44999999999969731, 4.000000000000000000, 28.24999999999999645 ) ) ;
#1409 = DIRECTION ( 'NONE',  ( 0.000000000000000000, 0.000000000000000000, 1.000000000000000000 ) ) ;
#1410 = CARTESIAN_POINT ( 'NONE',  ( -16.40000000000000568, 14.00000000000000000, -31.24999999999998934 ) ) ;
#1411 = FACE_OUTER_BOUND ( 'NONE', #217, .T. ) ;
#1412 = CARTESIAN_POINT ( 'NONE',  ( 20.00000000000000355, 1.855257548757081265, 11.01701856276042335 ) ) ;
#1413 = CARTESIAN_POINT ( 'NONE',  ( -18.00000000000000355, 1.855257548757039521, 6.517018562760421574 ) ) ;
#1414 = DIRECTION ( 'NONE',  ( 0.000000000000000000, 0.000000000000000000, 1.000000000000000000 ) ) ;
#1415 = ORIENTED_EDGE ( 'NONE', *, *, #2002, .T. ) ;
#1416 = VERTEX_POINT ( 'NONE', #4080 ) ;
#1417 = CARTESIAN_POINT ( 'NONE',  ( 20.00000000000000355, 10.85525754875699711, 3.213787486155459838 ) ) ;
#1418 = CARTESIAN_POINT ( 'NONE',  ( -20.00000000000000355, 1.855257548757039521, 5.017018562760422462 ) ) ;
#1419 = CARTESIAN_POINT ( 'NONE',  ( -18.00000000000000355, 1.855257548757081265, 11.01701856276042335 ) ) ;
#1420 = CARTESIAN_POINT ( 'NONE',  ( 16.39999999999999858, 13.19999999999999929, -28.44999999999998863 ) ) ;
#1421 = EDGE_CURVE ( 'NONE', #1649, #1153, #4107, .T. ) ;
#1422 = ORIENTED_EDGE ( 'NONE', *, *, #970, .F. ) ;
#1423 = VERTEX_POINT ( 'NONE', #1506 ) ;
#1424 = ORIENTED_EDGE ( 'NONE', *, *, #4960, .T. ) ;
#1425 = CARTESIAN_POINT ( 'NONE',  ( 6.083122236757340318, 11.70000000000000107, 30.25000000000001421 ) ) ;
#1426 = LINE ( 'NONE', #1014, #1278 ) ;
#1427 = EDGE_CURVE ( 'NONE', #5305, #261, #5331, .T. ) ;
#1428 = VERTEX_POINT ( 'NONE', #771 ) ;
#1429 = VERTEX_POINT ( 'NONE', #4457 ) ;
#1430 = ORIENTED_EDGE ( 'NONE', *, *, #1907, .F. ) ;
#1431 = DIRECTION ( 'NONE',  ( -1.000000000000000000, -0.000000000000000000, 5.412553747197527263E-17 ) ) ;
#1432 = CARTESIAN_POINT ( 'NONE',  ( -17.04999999999999716, 8.250000000000000000, -30.24999999999998934 ) ) ;
#1433 = CARTESIAN_POINT ( 'NONE',  ( -20.00000000000000355, 14.00000000000000000, -30.24999999999998934 ) ) ;
#1434 = CARTESIAN_POINT ( 'NONE',  ( 19.99999999999999645, 0.000000000000000000, -28.44999999999998863 ) ) ;
#1435 = EDGE_CURVE ( 'NONE', #3051, #3862, #2765, .T. ) ;
#1436 = DIRECTION ( 'NONE',  ( -0.000000000000000000, -1.000000000000000000, -0.000000000000000000 ) ) ;
#1437 = DIRECTION ( 'NONE',  ( 0.000000000000000000, 1.000000000000000000, 0.000000000000000000 ) ) ;
#1438 = CARTESIAN_POINT ( 'NONE',  ( -16.37815178400701299, 8.750000000000000000, 28.79951569184058258 ) ) ;
#1439 = ORIENTED_EDGE ( 'NONE', *, *, #1716, .T. ) ;
#1440 = ORIENTED_EDGE ( 'NONE', *, *, #3184, .T. ) ;
#1441 = CARTESIAN_POINT ( 'NONE',  ( 18.19999999999999929, 1.855257548757039521, 5.017018562760422462 ) ) ;
#1442 = LINE ( 'NONE', #3502, #320 ) ;
#1443 = AXIS2_PLACEMENT_3D ( 'NONE', #606, #4311, #575 ) ;
#1444 = DIRECTION ( 'NONE',  ( -1.000000000000000000, -0.000000000000000000, 5.412553747197527263E-17 ) ) ;
#1445 = CARTESIAN_POINT ( 'NONE',  ( 16.87123889803846666, 12.50000000000000178, -32.04999999999999005 ) ) ;
#1446 = VECTOR ( 'NONE', #1585, 1000.000000000000227 ) ;
#1447 = ORIENTED_EDGE ( 'NONE', *, *, #4124, .F. ) ;
#1448 = CIRCLE ( 'NONE', #3022, 1.000000000000000888 ) ;
#1449 = ORIENTED_EDGE ( 'NONE', *, *, #5310, .T. ) ;
#1450 = ORIENTED_EDGE ( 'NONE', *, *, #4114, .F. ) ;
#1451 = CARTESIAN_POINT ( 'NONE',  ( 18.21302832933524130, 12.50000000000000178, 31.59563099807532893 ) ) ;
#1452 = CARTESIAN_POINT ( 'NONE',  ( -16.94999999999999218, 8.250000000000000000, 28.04264080459936181 ) ) ;
#1453 = EDGE_CURVE ( 'NONE', #2145, #3883, #1071, .T. ) ;
#1454 = VECTOR ( 'NONE', #4016, 1000.000000000000000 ) ;
#1455 = ORIENTED_EDGE ( 'NONE', *, *, #1421, .F. ) ;
#1456 = EDGE_LOOP ( 'NONE', ( #1447, #1636, #3605, #3244 ) ) ;
#1457 = VERTEX_POINT ( 'NONE', #1976 ) ;
#1458 = VECTOR ( 'NONE', #1444, 1000.000000000000000 ) ;
#1459 = ORIENTED_EDGE ( 'NONE', *, *, #139, .F. ) ;
#1460 = CARTESIAN_POINT ( 'NONE',  ( -16.29999999999999716, 8.250000000000000000, 30.24999999999998934 ) ) ;
#1461 = DIRECTION ( 'NONE',  ( -1.000000000000000000, 0.000000000000000000, 0.000000000000000000 ) ) ;
#1462 = EDGE_CURVE ( 'NONE', #5133, #2495, #4907, .T. ) ;
#1463 = DIRECTION ( 'NONE',  ( 0.000000000000000000, 1.000000000000000000, 0.000000000000000000 ) ) ;
#1464 = LINE ( 'NONE', #4813, #409 ) ;
#1465 = CARTESIAN_POINT ( 'NONE',  ( 16.39999999999999503, 12.50000000000000000, -32.04999999999999005 ) ) ;
#1466 = EDGE_CURVE ( 'NONE', #3343, #2145, #450, .T. ) ;
#1467 = CARTESIAN_POINT ( 'NONE',  ( 6.949999999963791808, 11.70000000000000107, 10.90000000000010338 ) ) ;
#1468 = VECTOR ( 'NONE', #1328, 1000.000000000000000 ) ;
#1469 = EDGE_CURVE ( 'NONE', #2495, #2821, #4538, .T. ) ;
#1470 = CARTESIAN_POINT ( 'NONE',  ( -7.050000000036209080, 13.19999999999999929, 11.90000000000010338 ) ) ;
#1471 = DIRECTION ( 'NONE',  ( 0.000000000000000000, 1.000000000000000000, 0.000000000000000000 ) ) ;
#1472 = CIRCLE ( 'NONE', #88, 1.000000000000000888 ) ;
#1473 = ORIENTED_EDGE ( 'NONE', *, *, #1697, .T. ) ;
#1474 = VERTEX_POINT ( 'NONE', #2572 ) ;
#1475 = CARTESIAN_POINT ( 'NONE',  ( -16.29999999999999716, 8.750000000000000000, 28.04264080459935826 ) ) ;
#1476 = CARTESIAN_POINT ( 'NONE',  ( -18.20000000000000284, 10.85525754875703797, -32.04999999999999005 ) ) ;
#1477 = AXIS2_PLACEMENT_3D ( 'NONE', #790, #4962, #711 ) ;
#1478 = DIRECTION ( 'NONE',  ( 0.000000000000000000, 0.000000000000000000, 1.000000000000000000 ) ) ;
#1479 = LINE ( 'NONE', #3044, #3224 ) ;
#1480 = AXIS2_PLACEMENT_3D ( 'NONE', #5278, #1545, #4062 ) ;
#1481 = ORIENTED_EDGE ( 'NONE', *, *, #941, .F. ) ;
#1482 = VERTEX_POINT ( 'NONE', #418 ) ;
#1483 = DIRECTION ( 'NONE',  ( -1.322434373274616854E-30, 1.000000000000000000, -2.443272501375782711E-14 ) ) ;
#1484 = CARTESIAN_POINT ( 'NONE',  ( 16.29999999999999716, 11.69999999999999929, 30.25000000000000355 ) ) ;
#1485 = ORIENTED_EDGE ( 'NONE', *, *, #4494, .F. ) ;
#1486 = ORIENTED_EDGE ( 'NONE', *, *, #4124, .T. ) ;
#1487 = EDGE_CURVE ( 'NONE', #3145, #453, #1694, .T. ) ;
#1488 = ORIENTED_EDGE ( 'NONE', *, *, #3165, .T. ) ;
#1489 = CYLINDRICAL_SURFACE ( 'NONE', #1370, 0.1999999999999987899 ) ;
#1490 = DIRECTION ( 'NONE',  ( 0.000000000000000000, 0.000000000000000000, 1.000000000000000000 ) ) ;
#1491 = CARTESIAN_POINT ( 'NONE',  ( 20.00100000000000833, 5.494999999859034645, 20.17500000000011084 ) ) ;
#1492 = LINE ( 'NONE', #5169, #5090 ) ;
#1493 = EDGE_CURVE ( 'NONE', #1050, #1675, #1973, .T. ) ;
#1494 = DIRECTION ( 'NONE',  ( 1.000000000000000000, -0.000000000000000000, -0.000000000000000000 ) ) ;
#1495 = DIRECTION ( 'NONE',  ( 0.000000000000000000, -1.000000000000000000, 0.000000000000000000 ) ) ;
#1496 = DIRECTION ( 'NONE',  ( -1.978375380437019137E-15, 0.000000000000000000, -1.000000000000000000 ) ) ;
#1497 = VERTEX_POINT ( 'NONE', #3314 ) ;
#1498 = EDGE_CURVE ( 'NONE', #2821, #1929, #5383, .T. ) ;
#1499 = ORIENTED_EDGE ( 'NONE', *, *, #192, .T. ) ;
#1500 = DIRECTION ( 'NONE',  ( 0.000000000000000000, 0.000000000000000000, -1.000000000000000000 ) ) ;
#1501 = CARTESIAN_POINT ( 'NONE',  ( 16.39999999999999858, 14.00000000000000000, -31.04999999999998650 ) ) ;
#1502 = FACE_OUTER_BOUND ( 'NONE', #5246, .T. ) ;
#1503 = VERTEX_POINT ( 'NONE', #4127 ) ;
#1504 = VERTEX_POINT ( 'NONE', #5017 ) ;
#1505 = EDGE_LOOP ( 'NONE', ( #3102, #4940, #4688, #1661 ) ) ;
#1506 = CARTESIAN_POINT ( 'NONE',  ( -17.03182155544979182, 8.250000000000000000, 29.18953339543471870 ) ) ;
#1507 = PLANE ( 'NONE',  #676 ) ;
#1508 = DIRECTION ( 'NONE',  ( 0.000000000000000000, 0.000000000000000000, 1.000000000000000000 ) ) ;
#1509 = VERTEX_POINT ( 'NONE', #475 ) ;
#1510 = EDGE_LOOP ( 'NONE', ( #366, #4273, #4345, #4510, #1862, #5267, #935 ) ) ;
#1511 = ORIENTED_EDGE ( 'NONE', *, *, #4565, .F. ) ;
#1512 = CARTESIAN_POINT ( 'NONE',  ( 5.466666666666670338, 12.50000000000000000, 32.05000000000000426 ) ) ;
#1513 = DIRECTION ( 'NONE',  ( -1.000000000000000000, 0.000000000000000000, 5.412553747197527263E-17 ) ) ;
#1514 = CARTESIAN_POINT ( 'NONE',  ( 5.466666666666670338, 14.00000000000000000, 31.25000000000000000 ) ) ;
#1515 = FACE_OUTER_BOUND ( 'NONE', #4998, .T. ) ;
#1516 = DIRECTION ( 'NONE',  ( 0.000000000000000000, -1.000000000000000000, 0.000000000000000000 ) ) ;
#1517 = DIRECTION ( 'NONE',  ( -5.412553747197527263E-17, -2.437771344346289194E-14, -1.000000000000000000 ) ) ;
#1518 = CARTESIAN_POINT ( 'NONE',  ( -18.19999999999999574, 10.09999999985903862, 26.24999999999998934 ) ) ;
#1519 = ADVANCED_FACE ( 'NONE', ( #1253, #3798, #3830, #2111, #2924 ), #4616, .F. ) ;
#1520 = VERTEX_POINT ( 'NONE', #3360 ) ;
#1521 = VERTEX_POINT ( 'NONE', #97 ) ;
#1522 = DIRECTION ( 'NONE',  ( -0.000000000000000000, -1.000000000000000000, -0.000000000000000000 ) ) ;
#1523 = LINE ( 'NONE', #1065, #495 ) ;
#1524 = DIRECTION ( 'NONE',  ( 0.000000000000000000, 1.000000000000000000, 0.000000000000000000 ) ) ;
#1525 = EDGE_CURVE ( 'NONE', #1423, #721, #4410, .T. ) ;
#1526 = ORIENTED_EDGE ( 'NONE', *, *, #731, .F. ) ;
#1527 = EDGE_LOOP ( 'NONE', ( #195, #4564, #4259, #3672 ) ) ;
#1528 = AXIS2_PLACEMENT_3D ( 'NONE', #515, #3431, #5082 ) ;
#1529 = VERTEX_POINT ( 'NONE', #1282 ) ;
#1530 = CARTESIAN_POINT ( 'NONE',  ( 18.12073082143881209, 14.00000000000000000, 30.68906715320585832 ) ) ;
#1531 = CARTESIAN_POINT ( 'NONE',  ( -15.07500000004169749, 5.200000000000000178, -30.94999999999998863 ) ) ;
#1532 = EDGE_CURVE ( 'NONE', #4622, #5382, #15, .T. ) ;
#1533 = CARTESIAN_POINT ( 'NONE',  ( 18.19999999999999929, -2.941151369209639821, 4.280416352669597302 ) ) ;
#1534 = VECTOR ( 'NONE', #5106, 1000.000000000000000 ) ;
#1535 = VECTOR ( 'NONE', #325, 1000.000000000000000 ) ;
#1536 = B_SPLINE_CURVE_WITH_KNOTS ( 'NONE', 3,
 ( #1097, #4081, #3644, #796 ),
 .UNSPECIFIED., .F., .F.,
 ( 4, 4 ),
 ( 0.000000000000000000, 1.000000000000000000 ),
 .UNSPECIFIED. ) ;
#1537 = ORIENTED_EDGE ( 'NONE', *, *, #1898, .F. ) ;
#1538 = ORIENTED_EDGE ( 'NONE', *, *, #4492, .T. ) ;
#1539 = ORIENTED_EDGE ( 'NONE', *, *, #1532, .T. ) ;
#1540 = ORIENTED_EDGE ( 'NONE', *, *, #4534, .T. ) ;
#1541 = CARTESIAN_POINT ( 'NONE',  ( -20.00000000000000000, 10.09999999985903862, 21.24264564540182576 ) ) ;
#1542 = AXIS2_PLACEMENT_3D ( 'NONE', #131, #2098, #1785 ) ;
#1543 = CIRCLE ( 'NONE', #1016, 2.499999999999969358 ) ;
#1544 = FACE_OUTER_BOUND ( 'NONE', #479, .T. ) ;
#1545 = DIRECTION ( 'NONE',  ( 0.000000000000000000, 1.000000000000000000, 0.000000000000000000 ) ) ;
#1546 = VECTOR ( 'NONE', #3886, 1000.000000000000227 ) ;
#1547 = AXIS2_PLACEMENT_3D ( 'NONE', #4628, #888, #3815 ) ;
#1548 = DIRECTION ( 'NONE',  ( 5.412553747197527263E-17, 0.000000000000000000, 1.000000000000000000 ) ) ;
#1549 = DIRECTION ( 'NONE',  ( -0.000000000000000000, 1.000000000000000000, -0.000000000000000000 ) ) ;
#1550 = CARTESIAN_POINT ( 'NONE',  ( -18.00000000000000355, 10.85525754875708060, 15.21378748615546073 ) ) ;
#1551 = DIRECTION ( 'NONE',  ( 0.000000000000000000, 0.000000000000000000, 1.000000000000000000 ) ) ;
#1552 = AXIS2_PLACEMENT_3D ( 'NONE', #949, #5116, #4250 ) ;
#1553 = EDGE_CURVE ( 'NONE', #3447, #4698, #1312, .T. ) ;
#1554 = ORIENTED_EDGE ( 'NONE', *, *, #3077, .T. ) ;
#1555 = DIRECTION ( 'NONE',  ( 0.000000000000000000, 0.000000000000000000, -1.000000000000000000 ) ) ;
#1556 = DIRECTION ( 'NONE',  ( 1.322434373274618606E-30, -1.000000000000000000, 2.443272501375785867E-14 ) ) ;
#1557 = DIRECTION ( 'NONE',  ( -5.412553747197527263E-17, 0.000000000000000000, -1.000000000000000000 ) ) ;
#1558 = AXIS2_PLACEMENT_3D ( 'NONE', #984, #4343, #1834 ) ;
#1559 = ADVANCED_FACE ( 'NONE', ( #1643 ), #4640, .F. ) ;
#1560 = VERTEX_POINT ( 'NONE', #4558 ) ;
#1561 = VECTOR ( 'NONE', #2755, 1000.000000000000000 ) ;
#1562 = ORIENTED_EDGE ( 'NONE', *, *, #1233, .F. ) ;
#1563 = CARTESIAN_POINT ( 'NONE',  ( 20.00000000000000000, 12.50000000000000000, 28.45000000000000284 ) ) ;
#1564 = CARTESIAN_POINT ( 'NONE',  ( -19.95157413219990516, 6.648054021356542442, 29.03928825800191049 ) ) ;
#1565 = EDGE_CURVE ( 'NONE', #1675, #2297, #795, .T. ) ;
#1566 = FACE_OUTER_BOUND ( 'NONE', #4136, .T. ) ;
#1567 = CARTESIAN_POINT ( 'NONE',  ( 20.00000000000000000, 14.00000000000000000, -9.483333333333334281 ) ) ;
#1568 = CIRCLE ( 'NONE', #3578, 0.5000000000000004441 ) ;
#1569 = ORIENTED_EDGE ( 'NONE', *, *, #1087, .T. ) ;
#1570 = ORIENTED_EDGE ( 'NONE', *, *, #2177, .F. ) ;
#1571 = EDGE_CURVE ( 'NONE', #3499, #2027, #2467, .T. ) ;
#1572 = ORIENTED_EDGE ( 'NONE', *, *, #821, .T. ) ;
#1573 = ORIENTED_EDGE ( 'NONE', *, *, #4391, .F. ) ;
#1574 = CARTESIAN_POINT ( 'NONE',  ( 17.04999999999980176, 8.250000000000000000, 26.24999999999998934 ) ) ;
#1575 = CIRCLE ( 'NONE', #3407, 0.5000000000000004441 ) ;
#1576 = LINE ( 'NONE', #2889, #3203 ) ;
#1577 = CARTESIAN_POINT ( 'NONE',  ( -19.27880063263345178, 12.50000000000000355, 30.66236819190969598 ) ) ;
#1578 = ADVANCED_FACE ( 'NONE', ( #4968 ), #1668, .F. ) ;
#1579 = FACE_OUTER_BOUND ( 'NONE', #2311, .T. ) ;
#1580 = DIRECTION ( 'NONE',  ( 0.000000000000000000, -0.000000000000000000, -1.000000000000000000 ) ) ;
#1581 = CARTESIAN_POINT ( 'NONE',  ( -18.19999999999999574, 8.250000000000000000, -26.24999999999998934 ) ) ;
#1582 = CARTESIAN_POINT ( 'NONE',  ( 18.19999999999999574, 8.759612155171570436, -16.46929045201742881 ) ) ;
#1583 = ORIENTED_EDGE ( 'NONE', *, *, #4204, .T. ) ;
#1584 = FACE_OUTER_BOUND ( 'NONE', #2660, .T. ) ;
#1585 = DIRECTION ( 'NONE',  ( -0.000000000000000000, 0.9063077870366479383, 0.4226182617407036601 ) ) ;
#1586 = CARTESIAN_POINT ( 'NONE',  ( -16.64999999999999147, 8.750000000000000000, 28.49951569184058187 ) ) ;
#1587 = VERTEX_POINT ( 'NONE', #1037 ) ;
#1588 = VERTEX_POINT ( 'NONE', #3911 ) ;
#1589 = LINE ( 'NONE', #2414, #5314 ) ;
#1590 = CARTESIAN_POINT ( 'NONE',  ( 16.87132385417725544, 12.50000000000000000, 32.05000000000000426 ) ) ;
#1591 = CARTESIAN_POINT ( 'NONE',  ( -12.07500000000022844, 5.099999999857725008, -30.94999999999998508 ) ) ;
#1592 = DIRECTION ( 'NONE',  ( -2.287444056218752144E-17, -0.9063077870366478273, -0.4226182617407038822 ) ) ;
#1593 = ADVANCED_FACE ( 'NONE', ( #4261 ), #2710, .T. ) ;
#1594 = VERTEX_POINT ( 'NONE', #5071 ) ;
#1595 = ORIENTED_EDGE ( 'NONE', *, *, #3915, .F. ) ;
#1596 = ORIENTED_EDGE ( 'NONE', *, *, #4227, .F. ) ;
#1597 = VERTEX_POINT ( 'NONE', #4662 ) ;
#1598 = DIRECTION ( 'NONE',  ( 1.000000000000000000, 0.000000000000000000, -0.000000000000000000 ) ) ;
#1599 = LINE ( 'NONE', #5362, #2588 ) ;
#1600 = EDGE_CURVE ( 'NONE', #3157, #5133, #1442, .T. ) ;
#1601 = CARTESIAN_POINT ( 'NONE',  ( 16.40000000000000213, 14.00000000000000000, 31.25000000000000000 ) ) ;
#1602 = DIRECTION ( 'NONE',  ( 0.7084377307833026327, 0.000000000000000000, 0.7057733216852312141 ) ) ;
#1603 = DIRECTION ( 'NONE',  ( 1.654744174222709448E-16, 2.443272501375782711E-14, 1.000000000000000000 ) ) ;
#1604 = ADVANCED_FACE ( 'NONE', ( #3472 ), #981, .F. ) ;
#1605 = ORIENTED_EDGE ( 'NONE', *, *, #3165, .F. ) ;
#1606 = CARTESIAN_POINT ( 'NONE',  ( -18.00000000000000355, 10.85525754875708060, 15.21378748615546073 ) ) ;
#1607 = CARTESIAN_POINT ( 'NONE',  ( -18.00000000000000355, 10.85525754875703797, 9.213787486155460726 ) ) ;
#1608 = AXIS2_PLACEMENT_3D ( 'NONE', #2505, #1658, #4249 ) ;
#1609 = ORIENTED_EDGE ( 'NONE', *, *, #3934, .T. ) ;
#1610 = ORIENTED_EDGE ( 'NONE', *, *, #2102, .F. ) ;
#1611 = CARTESIAN_POINT ( 'NONE',  ( 20.00100000000000833, 9.599999999859038624, 27.54264080459935116 ) ) ;
#1612 = DIRECTION ( 'NONE',  ( -0.000000000000000000, 1.000000000000000000, -0.000000000000000000 ) ) ;
#1613 = PLANE ( 'NONE',  #844 ) ;
#1614 = PLANE ( 'NONE',  #1732 ) ;
#1615 = VERTEX_POINT ( 'NONE', #2192 ) ;
#1616 = VERTEX_POINT ( 'NONE', #4340 ) ;
#1617 = EDGE_LOOP ( 'NONE', ( #3936, #186, #2795, #3998 ) ) ;
#1618 = VERTEX_POINT ( 'NONE', #142 ) ;
#1619 = EDGE_CURVE ( 'NONE', #4802, #4389, #3011, .T. ) ;
#1620 = CARTESIAN_POINT ( 'NONE',  ( 19.99999999999999645, 14.00000000000000000, -28.44999999999998863 ) ) ;
#1621 = DIRECTION ( 'NONE',  ( 1.000000000000000000, -0.000000000000000000, -0.000000000000000000 ) ) ;
#1622 = VECTOR ( 'NONE', #2223, 1000.000000000000000 ) ;
#1623 = VECTOR ( 'NONE', #2166, 1000.000000000000000 ) ;
#1624 = AXIS2_PLACEMENT_3D ( 'NONE', #2584, #913, #1681 ) ;
#1625 = AXIS2_PLACEMENT_3D ( 'NONE', #1467, #4815, #3985 ) ;
#1626 = EDGE_CURVE ( 'NONE', #3215, #4778, #1394, .T. ) ;
#1627 = CARTESIAN_POINT ( 'NONE',  ( 16.40000000000000213, 12.50000000000000000, 32.05000000000000426 ) ) ;
#1628 = UNCERTAINTY_MEASURE_WITH_UNIT (LENGTH_MEASURE( 1.000000000000000082E-05 ), #2960, 'distance_accuracy_value', 'NONE');
#1629 = DIRECTION ( 'NONE',  ( 0.000000000000000000, 0.000000000000000000, 1.000000000000000000 ) ) ;
#1630 = EDGE_CURVE ( 'NONE', #4745, #2606, #2300, .T. ) ;
#1631 = LINE ( 'NONE', #274, #755 ) ;
#1632 = CARTESIAN_POINT ( 'NONE',  ( -18.19999999999999574, 8.250000000000000000, 29.18953339543471870 ) ) ;
#1633 = CIRCLE ( 'NONE', #3991, 3.799999999999980282 ) ;
#1634 = CIRCLE ( 'NONE', #845, 1.000000000000000888 ) ;
#1635 = EDGE_CURVE ( 'NONE', #3485, #89, #199, .T. ) ;
#1636 = ORIENTED_EDGE ( 'NONE', *, *, #2264, .T. ) ;
#1637 = VECTOR ( 'NONE', #898, 1000.000000000000000 ) ;
#1638 = CARTESIAN_POINT ( 'NONE',  ( 7.949999999963791808, 11.70000000000000107, 7.700000000000102318 ) ) ;
#1639 = CARTESIAN_POINT ( 'NONE',  ( -18.61236819899338713, 12.50000000000000000, -31.32880062554975353 ) ) ;
#1640 = AXIS2_PLACEMENT_3D ( 'NONE', #3738, #2458, #2047 ) ;
#1641 = ORIENTED_EDGE ( 'NONE', *, *, #1553, .T. ) ;
#1642 = CARTESIAN_POINT ( 'NONE',  ( 18.19999999999999574, 1.855257548756997554, 0.5170185627604267919 ) ) ;
#1643 = FACE_OUTER_BOUND ( 'NONE', #1091, .T. ) ;
#1644 = VECTOR ( 'NONE', #2847, 1000.000000000000000 ) ;
#1645 = DIRECTION ( 'NONE',  ( 0.000000000000000000, -1.000000000000000000, 0.000000000000000000 ) ) ;
#1646 = CARTESIAN_POINT ( 'NONE',  ( 18.44999999999970441, 4.000000000000000000, -27.74999999999998934 ) ) ;
#1647 = EDGE_LOOP ( 'NONE', ( #3724, #1289, #4378, #3664 ) ) ;
#1648 = AXIS2_PLACEMENT_3D ( 'NONE', #1611, #3263, #1230 ) ;
#1649 = VERTEX_POINT ( 'NONE', #3420 ) ;
#1650 = ORIENTED_EDGE ( 'NONE', *, *, #2228, .F. ) ;
#1651 = ORIENTED_EDGE ( 'NONE', *, *, #731, .T. ) ;
#1652 = CARTESIAN_POINT ( 'NONE',  ( 7.058141029146305812, 13.19999999999999929, 28.79678344542583801 ) ) ;
#1653 = DIRECTION ( 'NONE',  ( 1.000000000000000000, 0.000000000000000000, -5.412553747197527263E-17 ) ) ;
#1654 = AXIS2_PLACEMENT_3D ( 'NONE', #5041, #4255, #1308 ) ;
#1655 = AXIS2_PLACEMENT_3D ( 'NONE', #1433, #1874, #3542 ) ;
#1656 = DIRECTION ( 'NONE',  ( -0.000000000000000000, 0.000000000000000000, 1.000000000000000000 ) ) ;
#1657 = DIRECTION ( 'NONE',  ( 0.000000000000000000, 1.000000000000000000, -0.000000000000000000 ) ) ;
#1658 = DIRECTION ( 'NONE',  ( 2.372407477984756470E-32, 1.000000000000000000, 1.433700456506612432E-16 ) ) ;
#1659 = DIRECTION ( 'NONE',  ( 0.000000000000000000, 0.000000000000000000, 1.000000000000000000 ) ) ;
#1660 = EDGE_CURVE ( 'NONE', #3101, #4059, #4771, .T. ) ;
#1661 = ORIENTED_EDGE ( 'NONE', *, *, #2366, .T. ) ;
#1662 = CARTESIAN_POINT ( 'NONE',  ( 20.00100000000000833, 10.09999999985903862, 21.24264564540181865 ) ) ;
#1663 = CARTESIAN_POINT ( 'NONE',  ( -18.12073082143937341, 14.00000000000000000, -30.68906715320528988 ) ) ;
#1664 = CARTESIAN_POINT ( 'NONE',  ( -17.34229238369341886, 12.50000000000000178, -31.95630163600591445 ) ) ;
#1665 = ADVANCED_FACE ( 'NONE', ( #2601 ), #3857, .T. ) ;
#1666 = ORIENTED_EDGE ( 'NONE', *, *, #2131, .F. ) ;
#1667 = DIRECTION ( 'NONE',  ( 0.000000000000000000, 0.000000000000000000, 1.000000000000000000 ) ) ;
#1668 = PLANE ( 'NONE',  #3630 ) ;
#1669 = CARTESIAN_POINT ( 'NONE',  ( 17.04999999999980176, 8.250000000000000000, 30.24999999999998934 ) ) ;
#1670 = DIRECTION ( 'NONE',  ( -0.000000000000000000, -0.000000000000000000, -1.000000000000000000 ) ) ;
#1671 = CARTESIAN_POINT ( 'NONE',  ( -20.00000000000000355, 13.19999999999999929, -30.24999999999998934 ) ) ;
#1672 = DIRECTION ( 'NONE',  ( -0.000000000000000000, -0.000000000000000000, -1.000000000000000000 ) ) ;
#1673 = ADVANCED_FACE ( 'NONE', ( #4691 ), #2627, .T. ) ;
#1674 = ORIENTED_EDGE ( 'NONE', *, *, #1571, .T. ) ;
#1675 = VERTEX_POINT ( 'NONE', #3880 ) ;
#1676 = ORIENTED_EDGE ( 'NONE', *, *, #2006, .T. ) ;
#1677 = ORIENTED_EDGE ( 'NONE', *, *, #4606, .T. ) ;
#1678 = LINE ( 'NONE', #457, #1789 ) ;
#1679 = DIRECTION ( 'NONE',  ( 0.000000000000000000, 0.9063077870366479383, 0.4226182617407036601 ) ) ;
#1680 = CARTESIAN_POINT ( 'NONE',  ( -16.94999999999999218, 8.250000000000000000, 28.49951569184058187 ) ) ;
#1681 = DIRECTION ( 'NONE',  ( 0.000000000000000000, 0.000000000000000000, 1.000000000000000000 ) ) ;
#1682 = LINE ( 'NONE', #2536, #5137 ) ;
#1683 = DIRECTION ( 'NONE',  ( 0.000000000000000000, -1.000000000000000000, 0.000000000000000000 ) ) ;
#1684 = DIRECTION ( 'NONE',  ( 0.000000000000000000, 0.000000000000000000, 1.000000000000000000 ) ) ;
#1685 = ORIENTED_EDGE ( 'NONE', *, *, #3947, .T. ) ;
#1686 = DIRECTION ( 'NONE',  ( 0.000000000000000000, 1.000000000000000000, 0.000000000000000000 ) ) ;
#1687 = EDGE_CURVE ( 'NONE', #3498, #4405, #1006, .T. ) ;
#1688 = PLANE ( 'NONE',  #2616 ) ;
#1689 = CYLINDRICAL_SURFACE ( 'NONE', #2076, 0.5000000000000004441 ) ;
#1690 = CARTESIAN_POINT ( 'NONE',  ( 18.19999999999999574, 10.13246619646799829, -16.46929045201742881 ) ) ;
#1691 = ORIENTED_EDGE ( 'NONE', *, *, #1865, .F. ) ;
#1692 = EDGE_CURVE ( 'NONE', #535, #722, #5127, .T. ) ;
#1693 = CARTESIAN_POINT ( 'NONE',  ( 19.99999999999999645, 9.632466196467996511, -5.369667632591994533 ) ) ;
#1694 = LINE ( 'NONE', #4990, #3200 ) ;
#1695 = DIRECTION ( 'NONE',  ( -1.000000000000000000, 0.000000000000000000, 0.000000000000000000 ) ) ;
#1696 = CARTESIAN_POINT ( 'NONE',  ( -18.20000000000000284, 6.204999999859395210, 20.17500000000010019 ) ) ;
#1697 = EDGE_CURVE ( 'NONE', #3614, #825, #2412, .T. ) ;
#1698 = VERTEX_POINT ( 'NONE', #2247 ) ;
#1699 = EDGE_LOOP ( 'NONE', ( #4238, #2525, #4146, #720 ) ) ;
#1700 = ORIENTED_EDGE ( 'NONE', *, *, #472, .T. ) ;
#1701 = EDGE_CURVE ( 'NONE', #1035, #5100, #4739, .T. ) ;
#1702 = PLANE ( 'NONE',  #4938 ) ;
#1703 = DIRECTION ( 'NONE',  ( 0.000000000000000000, 0.000000000000000000, 1.000000000000000000 ) ) ;
#1704 = DIRECTION ( 'NONE',  ( 0.000000000000000000, -1.000000000000000000, 0.000000000000000000 ) ) ;
#1705 = AXIS2_PLACEMENT_3D ( 'NONE', #2650, #1800, #1831 ) ;
#1706 = CARTESIAN_POINT ( 'NONE',  ( 17.04999999999980176, -1.734723475976807094E-15, 26.24999999999998934 ) ) ;
#1707 = DIRECTION ( 'NONE',  ( -0.000000000000000000, -1.000000000000000000, -0.000000000000000000 ) ) ;
#1708 = DIRECTION ( 'NONE',  ( 1.000000000000000000, 0.000000000000000000, -1.654744174222709448E-16 ) ) ;
#1709 = DIRECTION ( 'NONE',  ( 0.000000000000000000, -1.000000000000000000, 0.000000000000000000 ) ) ;
#1710 = VECTOR ( 'NONE', #3379, 1000.000000000000000 ) ;
#1711 = ORIENTED_EDGE ( 'NONE', *, *, #5057, .T. ) ;
#1712 = FACE_OUTER_BOUND ( 'NONE', #1807, .T. ) ;
#1713 = DIRECTION ( 'NONE',  ( -1.000000000000000000, 0.000000000000000000, -0.000000000000000000 ) ) ;
#1714 = AXIS2_PLACEMENT_3D ( 'NONE', #3658, #3301, #4117 ) ;
#1715 = CARTESIAN_POINT ( 'NONE',  ( -16.76658521991572215, 14.00000000000000000, -31.24999999999426592 ) ) ;
#1716 = EDGE_CURVE ( 'NONE', #986, #1321, #2275, .T. ) ;
#1717 = CIRCLE ( 'NONE', #2862, 1.249999999999671596 ) ;
#1718 = ORIENTED_EDGE ( 'NONE', *, *, #223, .F. ) ;
#1719 = DIRECTION ( 'NONE',  ( 0.000000000000000000, 1.000000000000000000, 0.000000000000000000 ) ) ;
#1720 = CARTESIAN_POINT ( 'NONE',  ( -20.00000000000000000, 7.309660581214600938, 28.45000000000000284 ) ) ;
#1721 = CARTESIAN_POINT ( 'NONE',  ( -16.32500000000116813, 8.250000000000000000, -30.24999999999998934 ) ) ;
#1722 = LINE ( 'NONE', #3751, #1804 ) ;
#1723 = AXIS2_PLACEMENT_3D ( 'NONE', #4957, #1222, #834 ) ;
#1724 = CARTESIAN_POINT ( 'NONE',  ( -16.29999999999999716, 11.69999999999999929, 26.24999999999998934 ) ) ;
#1725 = ORIENTED_EDGE ( 'NONE', *, *, #1498, .F. ) ;
#1726 = EDGE_CURVE ( 'NONE', #261, #3261, #5177, .T. ) ;
#1727 = EDGE_LOOP ( 'NONE', ( #2787, #2081, #3095, #4489 ) ) ;
#1728 = VECTOR ( 'NONE', #2962, 1000.000000000000000 ) ;
#1729 = VERTEX_POINT ( 'NONE', #2913 ) ;
#1730 = DIRECTION ( 'NONE',  ( 2.287444056218751220E-17, 0.9063077870366479383, 0.4226182617407037156 ) ) ;
#1731 = FACE_OUTER_BOUND ( 'NONE', #3891, .T. ) ;
#1732 = AXIS2_PLACEMENT_3D ( 'NONE', #5381, #4541, #3720 ) ;
#1733 = EDGE_CURVE ( 'NONE', #5339, #1428, #5238, .T. ) ;
#1734 = LINE ( 'NONE', #5059, #677 ) ;
#1735 = VECTOR ( 'NONE', #3879, 1000.000000000000000 ) ;
#1736 = LINE ( 'NONE', #3054, #2939 ) ;
#1737 = CARTESIAN_POINT ( 'NONE',  ( -19.90630163217232962, 12.50000000000000000, 29.39229239294855844 ) ) ;
#1738 = CARTESIAN_POINT ( 'NONE',  ( -19.20000000000000639, 14.00000000000000000, -28.44999999999998863 ) ) ;
#1739 = DIRECTION ( 'NONE',  ( 0.000000000000000000, 1.000000000000000000, -0.000000000000000000 ) ) ;
#1740 = VECTOR ( 'NONE', #2871, 1000.000000000000000 ) ;
#1741 = VERTEX_POINT ( 'NONE', #4478 ) ;
#1742 = DIRECTION ( 'NONE',  ( -0.000000000000000000, 1.000000000000000000, 0.000000000000000000 ) ) ;
#1743 = FACE_BOUND ( 'NONE', #2931, .T. ) ;
#1744 = AXIS2_PLACEMENT_3D ( 'NONE', #2344, #1935, #237 ) ;
#1745 = CARTESIAN_POINT ( 'NONE',  ( -16.40000000000000568, 14.00000000000000000, -31.24999999999998934 ) ) ;
#1746 = VERTEX_POINT ( 'NONE', #3258 ) ;
#1747 = DIRECTION ( 'NONE',  ( 1.000000000000000000, 0.000000000000000000, 0.000000000000000000 ) ) ;
#1748 = DIRECTION ( 'NONE',  ( 0.000000000000000000, -1.000000000000000000, 0.000000000000000000 ) ) ;
#1749 = DIRECTION ( 'NONE',  ( 1.000000000000000000, 0.000000000000000000, 0.000000000000000000 ) ) ;
#1750 = FACE_OUTER_BOUND ( 'NONE', #4021, .T. ) ;
#1751 = CARTESIAN_POINT ( 'NONE',  ( 10.83402830016236251, 11.70000000000000107, 25.00664158573503215 ) ) ;
#1752 = ORIENTED_EDGE ( 'NONE', *, *, #1295, .T. ) ;
#1753 = ORIENTED_EDGE ( 'NONE', *, *, #589, .T. ) ;
#1754 = ORIENTED_EDGE ( 'NONE', *, *, #835, .F. ) ;
#1755 = CARTESIAN_POINT ( 'NONE',  ( -8.050000000036208192, 13.19999999999999929, 10.90000000000010338 ) ) ;
#1756 = DIRECTION ( 'NONE',  ( 0.000000000000000000, 0.000000000000000000, 1.000000000000000000 ) ) ;
#1757 = EDGE_CURVE ( 'NONE', #3888, #5205, #737, .T. ) ;
#1758 = VERTEX_POINT ( 'NONE', #712 ) ;
#1759 = CARTESIAN_POINT ( 'NONE',  ( -17.80594073601374561, 4.000000000000000000, 30.38953339543472509 ) ) ;
#1760 = CARTESIAN_POINT ( 'NONE',  ( 20.00000000000000355, 10.85525754875699711, 4.713787486155460726 ) ) ;
#1761 = EDGE_CURVE ( 'NONE', #4424, #3990, #1523, .T. ) ;
#1762 = PLANE ( 'NONE',  #1655 ) ;
#1763 = LINE ( 'NONE', #4604, #652 ) ;
#1764 = CARTESIAN_POINT ( 'NONE',  ( -16.37815178400701299, 8.750000000000000000, 28.79951569184058258 ) ) ;
#1765 = LINE ( 'NONE', #2544, #673 ) ;
#1766 = CARTESIAN_POINT ( 'NONE',  ( -17.80594073601374561, 4.000000000000000000, 30.38953339543472509 ) ) ;
#1767 = EDGE_CURVE ( 'NONE', #1236, #1416, #4071, .T. ) ;
#1768 = FACE_BOUND ( 'NONE', #667, .T. ) ;
#1769 = CARTESIAN_POINT ( 'NONE',  ( -20.00100000000001543, 8.259612155171570436, -16.96929045201742170 ) ) ;
#1770 = ORIENTED_EDGE ( 'NONE', *, *, #2698, .F. ) ;
#1771 = DIRECTION ( 'NONE',  ( 0.000000000000000000, -0.000000000000000000, -1.000000000000000000 ) ) ;
#1772 = DIRECTION ( 'NONE',  ( -0.000000000000000000, -0.9063077870366479383, -0.4226182617407036601 ) ) ;
#1773 = APPLICATION_PROTOCOL_DEFINITION ( 'draft international standard', 'automotive_design', 1998, #829 ) ;
#1774 = CARTESIAN_POINT ( 'NONE',  ( -16.37815178400701299, 8.250000000000000000, 28.79951569184058258 ) ) ;
#1775 = DIRECTION ( 'NONE',  ( 0.000000000000000000, 0.000000000000000000, 1.000000000000000000 ) ) ;
#1776 = LINE ( 'NONE', #2574, #5124 ) ;
#1777 = ORIENTED_EDGE ( 'NONE', *, *, #695, .F. ) ;
#1778 = ORIENTED_EDGE ( 'NONE', *, *, #3070, .F. ) ;
#1779 = ORIENTED_EDGE ( 'NONE', *, *, #499, .F. ) ;
#1780 = DIRECTION ( 'NONE',  ( 0.000000000000000000, 1.000000000000000000, 0.000000000000000000 ) ) ;
#1781 = FACE_OUTER_BOUND ( 'NONE', #1868, .T. ) ;
#1782 = VERTEX_POINT ( 'NONE', #4822 ) ;
#1783 = EDGE_CURVE ( 'NONE', #2115, #2030, #3545, .T. ) ;
#1784 = DIRECTION ( 'NONE',  ( 1.978375380437019137E-15, -0.000000000000000000, -1.000000000000000000 ) ) ;
#1785 = DIRECTION ( 'NONE',  ( 0.000000000000000000, 0.000000000000000000, -1.000000000000000000 ) ) ;
#1786 = CARTESIAN_POINT ( 'NONE',  ( 16.22500000000117026, 13.19999999999999929, 7.700000000000102318 ) ) ;
#1787 = CARTESIAN_POINT ( 'NONE',  ( 13.37014954230762065, 13.19999999999999929, 19.98139641309527548 ) ) ;
#1788 = ADVANCED_FACE ( 'NONE', ( #3150 ), #5262, .F. ) ;
#1789 = VECTOR ( 'NONE', #5000, 1000.000000000000000 ) ;
#1790 = CARTESIAN_POINT ( 'NONE',  ( -18.20000000000000284, 10.85525754875708060, -32.04999999999999005 ) ) ;
#1791 = EDGE_CURVE ( 'NONE', #3916, #2382, #4301, .T. ) ;
#1792 = CARTESIAN_POINT ( 'NONE',  ( 2.332706501710884219E-12, 11.70000000000000107, 16.38178248604695142 ) ) ;
#1793 = DIRECTION ( 'NONE',  ( 1.000000000000000000, 0.000000000000000000, -5.412553747197527263E-17 ) ) ;
#1794 = VECTOR ( 'NONE', #1612, 1000.000000000000000 ) ;
#1795 = EDGE_CURVE ( 'NONE', #4395, #2406, #220, .T. ) ;
#1796 = ORIENTED_EDGE ( 'NONE', *, *, #3566, .F. ) ;
#1797 = VECTOR ( 'NONE', #3980, 1000.000000000000000 ) ;
#1798 = VECTOR ( 'NONE', #3463, 1000.000000000000227 ) ;
#1799 = DIRECTION ( 'NONE',  ( -0.7057733216852319913, 0.000000000000000000, 0.7084377307833017445 ) ) ;
#1800 = DIRECTION ( 'NONE',  ( 0.000000000000000000, 1.000000000000000000, 0.000000000000000000 ) ) ;
#1801 = CARTESIAN_POINT ( 'NONE',  ( -16.40000000000000568, 0.000000000000000000, -32.04999999999999005 ) ) ;
#1802 = CARTESIAN_POINT ( 'NONE',  ( -15.07500000004169749, 5.099999999857725008, 32.05100000000000193 ) ) ;
#1803 = CARTESIAN_POINT ( 'NONE',  ( 19.99999999999999645, 12.50000000000000000, -28.44999999999998863 ) ) ;
#1804 = VECTOR ( 'NONE', #2573, 1000.000000000000000 ) ;
#1805 = VECTOR ( 'NONE', #233, 1000.000000000000000 ) ;
#1806 = VERTEX_POINT ( 'NONE', #2818 ) ;
#1807 = EDGE_LOOP ( 'NONE', ( #1003, #1537, #179, #2654 ) ) ;
#1808 = CARTESIAN_POINT ( 'NONE',  ( 18.19999999999999574, 8.259612155171570436, -16.46929045201742881 ) ) ;
#1809 = AXIS2_PLACEMENT_3D ( 'NONE', #4693, #531, #1884 ) ;
#1810 = CARTESIAN_POINT ( 'NONE',  ( -16.94999999999999218, 8.750000000000000000, 28.04264080459936181 ) ) ;
#1811 = ORIENTED_EDGE ( 'NONE', *, *, #2815, .T. ) ;
#1812 = AXIS2_PLACEMENT_3D ( 'NONE', #665, #5063, #1508 ) ;
#1813 = ORIENTED_EDGE ( 'NONE', *, *, #2981, .F. ) ;
#1814 = FACE_BOUND ( 'NONE', #4966, .T. ) ;
#1815 = DIRECTION ( 'NONE',  ( 0.000000000000000000, 1.000000000000000000, 0.000000000000000000 ) ) ;
#1816 = CYLINDRICAL_SURFACE ( 'NONE', #2273, 0.5000000000000004441 ) ;
#1817 = AXIS2_PLACEMENT_3D ( 'NONE', #3833, #852, #2604 ) ;
#1818 = CYLINDRICAL_SURFACE ( 'NONE', #3984, 1.750000000000018874 ) ;
#1819 = DIRECTION ( 'NONE',  ( 0.000000000000000000, -1.000000000000000000, 0.000000000000000000 ) ) ;
#1820 = AXIS2_PLACEMENT_3D ( 'NONE', #309, #742, #4537 ) ;
#1821 = CARTESIAN_POINT ( 'NONE',  ( 9.071352992877987020, 11.70000000000000107, 29.25552093929285746 ) ) ;
#1822 = CARTESIAN_POINT ( 'NONE',  ( 20.00000000000000355, 10.85525754875703797, 10.71378748615546250 ) ) ;
#1823 = LINE ( 'NONE', #600, #3043 ) ;
#1824 = EDGE_CURVE ( 'NONE', #1618, #5133, #4979, .T. ) ;
#1825 = VECTOR ( 'NONE', #1549, 1000.000000000000000 ) ;
#1826 = ORIENTED_EDGE ( 'NONE', *, *, #3516, .F. ) ;
#1827 = PRODUCT_RELATED_PRODUCT_CATEGORY ( 'part', '', ( #2994 ) ) ;
#1828 = VERTEX_POINT ( 'NONE', #3199 ) ;
#1829 = AXIS2_PLACEMENT_3D ( 'NONE', #817, #4012, #16 ) ;
#1830 = LINE ( 'NONE', #4392, #862 ) ;
#1831 = DIRECTION ( 'NONE',  ( 0.000000000000000000, 0.000000000000000000, 1.000000000000000000 ) ) ;
#1832 = LINE ( 'NONE', #1774, #680 ) ;
#1833 = EDGE_CURVE ( 'NONE', #2821, #602, #1074, .T. ) ;
#1834 = DIRECTION ( 'NONE',  ( 0.000000000000000000, 0.000000000000000000, 1.000000000000000000 ) ) ;
#1835 = ORIENTED_EDGE ( 'NONE', *, *, #991, .F. ) ;
#1836 = ORIENTED_EDGE ( 'NONE', *, *, #297, .T. ) ;
#1837 = VERTEX_POINT ( 'NONE', #4025 ) ;
#1838 = CARTESIAN_POINT ( 'NONE',  ( -18.20000000000000284, 5.494999999859252249, 29.11500000000011568 ) ) ;
#1839 = LINE ( 'NONE', #1072, #4507 ) ;
#1840 = EDGE_CURVE ( 'NONE', #2060, #1828, #280, .T. ) ;
#1841 = ORIENTED_EDGE ( 'NONE', *, *, #135, .F. ) ;
#1842 = VERTEX_POINT ( 'NONE', #1881 ) ;
#1843 = ORIENTED_EDGE ( 'NONE', *, *, #1833, .T. ) ;
#1844 = ORIENTED_EDGE ( 'NONE', *, *, #1726, .T. ) ;
#1845 = CARTESIAN_POINT ( 'NONE',  ( 20.00000000000000355, 1.855257548756997554, 0.5170185627604220180 ) ) ;
#1846 = CARTESIAN_POINT ( 'NONE',  ( -9.074999999958757613, 5.200000000000000178, -30.24999999999998934 ) ) ;
#1847 = DIRECTION ( 'NONE',  ( -0.000000000000000000, 1.000000000000000000, -0.000000000000000000 ) ) ;
#1848 = DIRECTION ( 'NONE',  ( 0.000000000000000000, 0.000000000000000000, 1.000000000000000000 ) ) ;
#1849 = DIRECTION ( 'NONE',  ( -6.097446312748004835E-17, 0.000000000000000000, -1.000000000000000000 ) ) ;
#1850 = DIRECTION ( 'NONE',  ( -0.000000000000000000, -0.000000000000000000, -1.000000000000000000 ) ) ;
#1851 = DIRECTION ( 'NONE',  ( -1.654744174222709694E-16, 0.000000000000000000, -1.000000000000000000 ) ) ;
#1852 = ORIENTED_EDGE ( 'NONE', *, *, #2564, .T. ) ;
#1853 = EDGE_CURVE ( 'NONE', #4377, #536, #3557, .T. ) ;
#1854 = ORIENTED_EDGE ( 'NONE', *, *, #5363, .F. ) ;
#1855 = B_SPLINE_CURVE_WITH_KNOTS ( 'NONE', 3,
 ( #4292, #3533, #226, #3450, #2611, #3155, #1451, #3482, #5183, #989 ),
 .UNSPECIFIED., .F., .F.,
 ( 4, 2, 2, 2, 4 ),
 ( 0.000000000000000000, 0.2500000000000000000, 0.5000000000000000000, 0.7500000000000000000, 1.000000000000000000 ),
 .UNSPECIFIED. ) ;
#1856 = LINE ( 'NONE', #605, #521 ) ;
#1857 = CARTESIAN_POINT ( 'NONE',  ( 20.00100000000000833, 4.244999999859064843, 21.42500000000013927 ) ) ;
#1858 = CARTESIAN_POINT ( 'NONE',  ( 18.19999999999999929, 8.759612155171568659, -4.869667632591993645 ) ) ;
#1859 = CARTESIAN_POINT ( 'NONE',  ( 16.39999999999999858, 12.50000000000000000, -32.04999999999999005 ) ) ;
#1860 = ORIENTED_EDGE ( 'NONE', *, *, #1196, .T. ) ;
#1861 = EDGE_CURVE ( 'NONE', #4608, #4180, #3609, .T. ) ;
#1862 = ORIENTED_EDGE ( 'NONE', *, *, #1060, .F. ) ;
#1863 = ORIENTED_EDGE ( 'NONE', *, *, #466, .F. ) ;
#1864 = DIRECTION ( 'NONE',  ( -0.000000000000000000, -1.000000000000000000, -0.000000000000000000 ) ) ;
#1865 = EDGE_CURVE ( 'NONE', #1929, #2382, #2968, .T. ) ;
#1866 = CARTESIAN_POINT ( 'NONE',  ( -16.32500000000116813, 11.70000000000000107, 7.700000000000102318 ) ) ;
#1867 = VERTEX_POINT ( 'NONE', #1706 ) ;
#1868 = EDGE_LOOP ( 'NONE', ( #762, #3292, #1090, #3631 ) ) ;
#1869 = EDGE_CURVE ( 'NONE', #2578, #4187, #841, .T. ) ;
#1870 = EDGE_LOOP ( 'NONE', ( #4103, #5148, #2828, #4896, #5161, #1511, #2451, #1455, #1251, #856, #2196, #1572, #302, #1538 ) ) ;
#1871 = ORIENTED_EDGE ( 'NONE', *, *, #197, .F. ) ;
#1872 = PLANE ( 'NONE',  #3194 ) ;
#1873 = CARTESIAN_POINT ( 'NONE',  ( 2.332400340011097621E-12, 11.70000000000000107, 21.38178248604694787 ) ) ;
#1874 = DIRECTION ( 'NONE',  ( 0.000000000000000000, 0.000000000000000000, 1.000000000000000000 ) ) ;
#1875 = CARTESIAN_POINT ( 'NONE',  ( 20.00000000000000000, 14.00000000000000000, 28.45000000000000284 ) ) ;
#1876 = DIRECTION ( 'NONE',  ( 0.000000000000000000, 0.000000000000000000, 1.000000000000000000 ) ) ;
#1877 = DIRECTION ( 'NONE',  ( -0.000000000000000000, -0.000000000000000000, 1.000000000000000000 ) ) ;
#1878 = EDGE_LOOP ( 'NONE', ( #125, #4796, #1140, #1124 ) ) ;
#1879 = EDGE_LOOP ( 'NONE', ( #2718, #749, #617, #1020, #5350, #1499, #533, #5216 ) ) ;
#1880 = CARTESIAN_POINT ( 'NONE',  ( 7.949999999963791808, 13.19999999999999929, 10.90000000000010338 ) ) ;
#1881 = CARTESIAN_POINT ( 'NONE',  ( -9.074999999958757613, 0.000000000000000000, -30.24999999999998934 ) ) ;
#1882 = VECTOR ( 'NONE', #4700, 1000.000000000000000 ) ;
#1883 = AXIS2_PLACEMENT_3D ( 'NONE', #681, #4233, #1775 ) ;
#1884 = DIRECTION ( 'NONE',  ( 0.000000000000000000, 0.000000000000000000, 1.000000000000000000 ) ) ;
#1885 = CARTESIAN_POINT ( 'NONE',  ( 18.19999999999999574, -0.06848470751344599983, -1.880037183654877042 ) ) ;
#1886 = EDGE_CURVE ( 'NONE', #5100, #4416, #1267, .T. ) ;
#1887 = VECTOR ( 'NONE', #1987, 1000.000000000000000 ) ;
#1888 = ORIENTED_EDGE ( 'NONE', *, *, #4533, .T. ) ;
#1889 = CIRCLE ( 'NONE', #1714, 0.5000000000000004441 ) ;
#1890 = VERTEX_POINT ( 'NONE', #2942 ) ;
#1891 = VERTEX_POINT ( 'NONE', #2122 ) ;
#1892 = CARTESIAN_POINT ( 'NONE',  ( 18.19999999999999574, 8.250000000000000000, -30.24999999999998934 ) ) ;
#1893 = DIRECTION ( 'NONE',  ( -1.000000000000000000, -0.000000000000000000, 1.654744174222709448E-16 ) ) ;
#1894 = AXIS2_PLACEMENT_3D ( 'NONE', #2416, #1977, #4539 ) ;
#1895 = VECTOR ( 'NONE', #1730, 1000.000000000000000 ) ;
#1896 = EDGE_CURVE ( 'NONE', #4125, #3129, #1736, .T. ) ;
#1897 = ORIENTED_EDGE ( 'NONE', *, *, #4063, .T. ) ;
#1898 = EDGE_CURVE ( 'NONE', #846, #776, #3349, .T. ) ;
#1899 = VERTEX_POINT ( 'NONE', #5035 ) ;
#1900 = ORIENTED_EDGE ( 'NONE', *, *, #4067, .T. ) ;
#1901 = AXIS2_PLACEMENT_3D ( 'NONE', #2926, #2488, #390 ) ;
#1902 = EDGE_LOOP ( 'NONE', ( #1844, #1718, #2363, #225 ) ) ;
#1903 = CYLINDRICAL_SURFACE ( 'NONE', #3213, 0.5000000000000004441 ) ;
#1904 = FACE_OUTER_BOUND ( 'NONE', #308, .T. ) ;
#1905 = CARTESIAN_POINT ( 'NONE',  ( 16.39999999999999858, 13.19999999999999929, -31.04999999999998650 ) ) ;
#1906 = CARTESIAN_POINT ( 'NONE',  ( -18.19999999999999574, -4.162030754331431659, 29.18953339543471870 ) ) ;
#1907 = EDGE_CURVE ( 'NONE', #3485, #4983, #945, .T. ) ;
#1908 = AXIS2_PLACEMENT_3D ( 'NONE', #3060, #5147, #1414 ) ;
#1909 = CARTESIAN_POINT ( 'NONE',  ( 18.19999999999999574, 14.00000000000000000, -32.04999999999999005 ) ) ;
#1910 = VECTOR ( 'NONE', #422, 1000.000000000000000 ) ;
#1911 = DIRECTION ( 'NONE',  ( 1.000000000000000000, -0.000000000000000000, 0.000000000000000000 ) ) ;
#1912 = FACE_OUTER_BOUND ( 'NONE', #3062, .T. ) ;
#1913 = LINE ( 'NONE', #733, #4171 ) ;
#1914 = AXIS2_PLACEMENT_3D ( 'NONE', #3716, #388, #2879 ) ;
#1915 = ORIENTED_EDGE ( 'NONE', *, *, #4469, .T. ) ;
#1916 = ORIENTED_EDGE ( 'NONE', *, *, #1865, .T. ) ;
#1917 = DIRECTION ( 'NONE',  ( -0.000000000000000000, 1.000000000000000000, -0.000000000000000000 ) ) ;
#1918 = CARTESIAN_POINT ( 'NONE',  ( -16.39999999999999503, 14.00000000000000000, 31.25000000000000000 ) ) ;
#1919 = AXIS2_PLACEMENT_3D ( 'NONE', #4224, #91, #9 ) ;
#1920 = DIRECTION ( 'NONE',  ( 0.000000000000000000, 0.000000000000000000, 1.000000000000000000 ) ) ;
#1921 = VECTOR ( 'NONE', #4899, 1000.000000000000000 ) ;
#1922 = ORIENTED_EDGE ( 'NONE', *, *, #3680, .F. ) ;
#1923 = ORIENTED_EDGE ( 'NONE', *, *, #931, .T. ) ;
#1924 = ORIENTED_EDGE ( 'NONE', *, *, #3436, .F. ) ;
#1925 = DIRECTION ( 'NONE',  ( -0.000000000000000000, -1.000000000000000000, -0.000000000000000000 ) ) ;
#1926 = DIRECTION ( 'NONE',  ( -1.000000000000000000, 0.000000000000000000, 0.000000000000000000 ) ) ;
#1927 = DIRECTION ( 'NONE',  ( 0.000000000000000000, 1.000000000000000000, 0.000000000000000000 ) ) ;
#1928 = ORIENTED_EDGE ( 'NONE', *, *, #4666, .T. ) ;
#1929 = VERTEX_POINT ( 'NONE', #26 ) ;
#1930 = EDGE_LOOP ( 'NONE', ( #4110, #2743, #886, #2949, #4085, #1900, #4290, #1583 ) ) ;
#1931 = ORIENTED_EDGE ( 'NONE', *, *, #1168, .F. ) ;
#1932 = ADVANCED_FACE ( 'NONE', ( #5003 ), #3456, .F. ) ;
#1933 = CARTESIAN_POINT ( 'NONE',  ( 19.99999999999999645, 9.632466196467996511, -4.869667632591994533 ) ) ;
#1934 = CARTESIAN_POINT ( 'NONE',  ( -18.19999999999999574, 8.250000000000000000, -30.24999999999998934 ) ) ;
#1935 = DIRECTION ( 'NONE',  ( 0.000000000000000000, 1.000000000000000000, -0.000000000000000000 ) ) ;
#1936 = ADVANCED_FACE ( 'NONE', ( #4650 ), #486, .F. ) ;
#1937 = LINE ( 'NONE', #1875, #3291 ) ;
#1938 = CARTESIAN_POINT ( 'NONE',  ( 18.44999999999969731, 0.000000000000000000, 27.74999999999999645 ) ) ;
#1939 = CYLINDRICAL_SURFACE ( 'NONE', #2955, 0.5000000000000004441 ) ;
#1940 = VERTEX_POINT ( 'NONE', #1348 ) ;
#1941 = EDGE_CURVE ( 'NONE', #3780, #4517, #4706, .T. ) ;
#1942 = VERTEX_POINT ( 'NONE', #1300 ) ;
#1943 = PLANE ( 'NONE',  #4355 ) ;
#1944 = CARTESIAN_POINT ( 'NONE',  ( -20.00100000000001543, 9.632466196467996511, -16.46929045201742170 ) ) ;
#1945 = SURFACE_STYLE_USAGE ( .BOTH. , #3995 ) ;
#1946 = ORIENTED_EDGE ( 'NONE', *, *, #5180, .F. ) ;
#1947 = ORIENTED_EDGE ( 'NONE', *, *, #1055, .F. ) ;
#1948 = ORIENTED_EDGE ( 'NONE', *, *, #3711, .F. ) ;
#1949 = CARTESIAN_POINT ( 'NONE',  ( 18.61236819899284711, 12.50000000000000000, 31.32880062555029710 ) ) ;
#1950 = LINE ( 'NONE', #4513, #415 ) ;
#1951 = FACE_BOUND ( 'NONE', #283, .T. ) ;
#1952 = ORIENTED_EDGE ( 'NONE', *, *, #4014, .F. ) ;
#1953 = ORIENTED_EDGE ( 'NONE', *, *, #1716, .F. ) ;
#1954 = ORIENTED_EDGE ( 'NONE', *, *, #4506, .T. ) ;
#1955 = ORIENTED_EDGE ( 'NONE', *, *, #3111, .T. ) ;
#1956 = CARTESIAN_POINT ( 'NONE',  ( -20.00000000000000355, 10.85525754875703797, 10.71378748615546250 ) ) ;
#1957 = APPLICATION_CONTEXT ( 'automotive_design' ) ;
#1958 = DIRECTION ( 'NONE',  ( -5.412553747197527263E-17, 0.000000000000000000, -1.000000000000000000 ) ) ;
#1959 = CARTESIAN_POINT ( 'NONE',  ( 16.40000000000000213, 13.19999999999999929, 31.05000000000000071 ) ) ;
#1960 = EDGE_CURVE ( 'NONE', #5075, #588, #2851, .T. ) ;
#1961 = CARTESIAN_POINT ( 'NONE',  ( 18.19999999999999574, 10.85525754875699711, -32.04999999999999005 ) ) ;
#1962 = DIRECTION ( 'NONE',  ( -1.000000000000000000, 0.000000000000000000, 1.654744174222709448E-16 ) ) ;
#1963 = CYLINDRICAL_SURFACE ( 'NONE', #4499, 2.499999999999998668 ) ;
#1964 = DIRECTION ( 'NONE',  ( -0.000000000000000000, 1.000000000000000000, -0.000000000000000000 ) ) ;
#1965 = EDGE_CURVE ( 'NONE', #3746, #1782, #3685, .T. ) ;
#1966 = EDGE_CURVE ( 'NONE', #3784, #661, #2066, .T. ) ;
#1967 = VERTEX_POINT ( 'NONE', #516 ) ;
#1968 = CARTESIAN_POINT ( 'NONE',  ( -9.370316685842803750, 11.70000000000000107, 8.036288141110496497 ) ) ;
#1969 = CARTESIAN_POINT ( 'NONE',  ( -16.39999999999999503, 14.00000000000000000, 31.25000000000000000 ) ) ;
#1970 =( LENGTH_UNIT ( ) NAMED_UNIT ( * ) SI_UNIT ( .MILLI., .METRE. ) );
#1971 = ADVANCED_FACE ( 'NONE', ( #1324 ), #111, .F. ) ;
#1972 = ORIENTED_EDGE ( 'NONE', *, *, #3505, .F. ) ;
#1973 = CIRCLE ( 'NONE', #5102, 1.749999999999977351 ) ;
#1974 = ORIENTED_EDGE ( 'NONE', *, *, #2039, .F. ) ;
#1975 = CARTESIAN_POINT ( 'NONE',  ( -17.04999999999999716, 0.000000000000000000, -30.24999999999998934 ) ) ;
#1976 = CARTESIAN_POINT ( 'NONE',  ( -15.07333287014996515, 5.200000000000000178, -30.94999999999998508 ) ) ;
#1977 = DIRECTION ( 'NONE',  ( 0.000000000000000000, 1.000000000000000000, 0.000000000000000000 ) ) ;
#1978 = DIRECTION ( 'NONE',  ( 0.000000000000000000, 0.000000000000000000, 1.000000000000000000 ) ) ;
#1979 = AXIS2_PLACEMENT_3D ( 'NONE', #5113, #1380, #4193 ) ;
#1980 = VERTEX_POINT ( 'NONE', #2148 ) ;
#1981 = ORIENTED_EDGE ( 'NONE', *, *, #5024, .F. ) ;
#1982 = ORIENTED_EDGE ( 'NONE', *, *, #3706, .F. ) ;
#1983 = ORIENTED_EDGE ( 'NONE', *, *, #441, .T. ) ;
#1984 = LINE ( 'NONE', #2041, #5111 ) ;
#1985 = VECTOR ( 'NONE', #4401, 1000.000000000000000 ) ;
#1986 = VECTOR ( 'NONE', #4470, 1000.000000000000000 ) ;
#1987 = DIRECTION ( 'NONE',  ( 0.000000000000000000, 2.451239694315053242E-14, 1.000000000000000000 ) ) ;
#1988 = CARTESIAN_POINT ( 'NONE',  ( -16.40000000000000213, 12.50000000000000000, 32.05000000000000426 ) ) ;
#1989 = VECTOR ( 'NONE', #4154, 1000.000000000000000 ) ;
#1990 = CIRCLE ( 'NONE', #2336, 1.274999999999998357 ) ;
#1991 = CARTESIAN_POINT ( 'NONE',  ( -16.29999999999999716, 8.250000000000000000, 30.13689500386226428 ) ) ;
#1992 = DIRECTION ( 'NONE',  ( 0.7057733216852312141, 0.000000000000000000, -0.7084377307833026327 ) ) ;
#1993 = VECTOR ( 'NONE', #1557, 1000.000000000000000 ) ;
#1994 = CARTESIAN_POINT ( 'NONE',  ( 6.591820935136432524, 13.19999999999999929, 26.78531431339454727 ) ) ;
#1995 = LINE ( 'NONE', #4044, #3222 ) ;
#1996 = AXIS2_PLACEMENT_3D ( 'NONE', #3959, #3905, #5068 ) ;
#1997 = VERTEX_POINT ( 'NONE', #4168 ) ;
#1998 = EDGE_CURVE ( 'NONE', #1280, #3179, #3816, .T. ) ;
#1999 = CARTESIAN_POINT ( 'NONE',  ( -16.40000000000000568, 14.00000000000000000, -32.04999999999999005 ) ) ;
#2000 = DIRECTION ( 'NONE',  ( 0.000000000000000000, 1.000000000000000000, 0.000000000000000000 ) ) ;
#2001 = AXIS2_PLACEMENT_3D ( 'NONE', #4642, #18, #4993 ) ;
#2002 = EDGE_CURVE ( 'NONE', #2742, #2683, #83, .T. ) ;
#2003 = ORIENTED_EDGE ( 'NONE', *, *, #4589, .T. ) ;
#2004 = VECTOR ( 'NONE', #4482, 1000.000000000000000 ) ;
#2005 = ORIENTED_EDGE ( 'NONE', *, *, #2464, .T. ) ;
#2006 = EDGE_CURVE ( 'NONE', #3862, #2721, #4673, .T. ) ;
#2007 = LINE ( 'NONE', #3642, #2004 ) ;
#2008 = DIRECTION ( 'NONE',  ( 1.000000000000000000, 0.000000000000000000, -0.000000000000000000 ) ) ;
#2009 = DIRECTION ( 'NONE',  ( 0.000000000000000000, 1.000000000000000000, 0.000000000000000000 ) ) ;
#2010 = FACE_OUTER_BOUND ( 'NONE', #2884, .T. ) ;
#2011 = AXIS2_PLACEMENT_3D ( 'NONE', #1662, #3330, #2512 ) ;
#2012 = ORIENTED_EDGE ( 'NONE', *, *, #2874, .F. ) ;
#2013 = EDGE_LOOP ( 'NONE', ( #5309, #5248, #3448, #1952 ) ) ;
#2014 = ORIENTED_EDGE ( 'NONE', *, *, #2938, .F. ) ;
#2015 = VERTEX_POINT ( 'NONE', #4836 ) ;
#2016 = EDGE_CURVE ( 'NONE', #1980, #3294, #5193, .T. ) ;
#2017 = LINE ( 'NONE', #4060, #2492 ) ;
#2018 =( GEOMETRIC_REPRESENTATION_CONTEXT ( 3 ) GLOBAL_UNCERTAINTY_ASSIGNED_CONTEXT ( ( #1628 ) ) GLOBAL_UNIT_ASSIGNED_CONTEXT ( ( #2960, #144, #3473 ) ) REPRESENTATION_CONTEXT ( 'NONE', 'WORKASPACE' ) );
#2019 = CARTESIAN_POINT ( 'NONE',  ( -17.04999999999999716, 8.250000000000000000, -26.24999999999998934 ) ) ;
#2020 = CARTESIAN_POINT ( 'NONE',  ( 18.00000000000000355, 1.855257548756997554, -0.9829814372395776489 ) ) ;
#2021 = PLANE ( 'NONE',  #3053 ) ;
#2022 = DIRECTION ( 'NONE',  ( -0.000000000000000000, 0.000000000000000000, 1.000000000000000000 ) ) ;
#2023 = FACE_OUTER_BOUND ( 'NONE', #307, .T. ) ;
#2024 = ORIENTED_EDGE ( 'NONE', *, *, #2374, .F. ) ;
#2025 = DIRECTION ( 'NONE',  ( -0.000000000000000000, -1.000000000000000000, -0.000000000000000000 ) ) ;
#2026 = FACE_OUTER_BOUND ( 'NONE', #573, .T. ) ;
#2027 = VERTEX_POINT ( 'NONE', #4408 ) ;
#2028 = ADVANCED_FACE ( 'NONE', ( #1080 ), #995, .F. ) ;
#2029 = ORIENTED_EDGE ( 'NONE', *, *, #964, .T. ) ;
#2030 = VERTEX_POINT ( 'NONE', #3135 ) ;
#2031 = DIRECTION ( 'NONE',  ( 0.000000000000000000, 0.000000000000000000, -1.000000000000000000 ) ) ;
#2032 = DIRECTION ( 'NONE',  ( -0.000000000000000000, 1.000000000000000000, -0.000000000000000000 ) ) ;
#2033 = CARTESIAN_POINT ( 'NONE',  ( 16.22500000000117382, 8.250000000000000000, -30.24999999999998934 ) ) ;
#2034 = DIRECTION ( 'NONE',  ( -0.000000000000000000, -1.000000000000000000, -0.000000000000000000 ) ) ;
#2035 = ORIENTED_EDGE ( 'NONE', *, *, #4135, .T. ) ;
#2036 = ADVANCED_FACE ( 'NONE', ( #1904 ), #3104, .F. ) ;
#2037 = FACE_OUTER_BOUND ( 'NONE', #1175, .T. ) ;
#2038 = VERTEX_POINT ( 'NONE', #3954 ) ;
#2039 = EDGE_CURVE ( 'NONE', #1890, #1509, #4327, .T. ) ;
#2040 = EDGE_LOOP ( 'NONE', ( #3531, #1237, #2907, #4320, #4871, #2637, #3425, #684, #5094, #4736, #3154, #1609 ) ) ;
#2041 = CARTESIAN_POINT ( 'NONE',  ( 20.00100000000000833, 7.454999999859222015, 27.86500000000006239 ) ) ;
#2042 = DIRECTION ( 'NONE',  ( 0.000000000000000000, -1.000000000000000000, 0.000000000000000000 ) ) ;
#2043 = EDGE_CURVE ( 'NONE', #2161, #3374, #3573, .T. ) ;
#2044 = DIRECTION ( 'NONE',  ( -1.000000000000000000, 0.000000000000000000, 1.654744174222709448E-16 ) ) ;
#2045 = DIRECTION ( 'NONE',  ( -1.000000000000000000, 0.000000000000000000, 1.654744174222709448E-16 ) ) ;
#2046 = DIRECTION ( 'NONE',  ( -0.000000000000000000, -1.000000000000000000, -0.000000000000000000 ) ) ;
#2047 = DIRECTION ( 'NONE',  ( 0.000000000000000000, 0.000000000000000000, 1.000000000000000000 ) ) ;
#2048 = VERTEX_POINT ( 'NONE', #212 ) ;
#2049 = CARTESIAN_POINT ( 'NONE',  ( 8.033159821535258871, 13.19999999999999929, 30.24999999999999645 ) ) ;
#2050 = DIRECTION ( 'NONE',  ( -1.000000000000000000, -0.000000000000000000, 5.412553747197527263E-17 ) ) ;
#2051 = DIRECTION ( 'NONE',  ( 0.000000000000000000, -0.000000000000000000, -1.000000000000000000 ) ) ;
#2052 = VECTOR ( 'NONE', #1708, 1000.000000000000000 ) ;
#2053 = ORIENTED_EDGE ( 'NONE', *, *, #4824, .T. ) ;
#2054 = CARTESIAN_POINT ( 'NONE',  ( -8.050000000036208192, 11.70000000000000107, 10.90000000000010338 ) ) ;
#2055 = DIRECTION ( 'NONE',  ( -0.000000000000000000, -1.000000000000000000, 0.000000000000000000 ) ) ;
#2056 = DIRECTION ( 'NONE',  ( -1.000000000000000000, 0.000000000000000000, 0.000000000000000000 ) ) ;
#2057 = FACE_BOUND ( 'NONE', #514, .T. ) ;
#2058 = ORIENTED_EDGE ( 'NONE', *, *, #1941, .F. ) ;
#2059 = EDGE_LOOP ( 'NONE', ( #3530, #4159 ) ) ;
#2060 = VERTEX_POINT ( 'NONE', #645 ) ;
#2061 = ORIENTED_EDGE ( 'NONE', *, *, #5013, .T. ) ;
#2062 = CARTESIAN_POINT ( 'NONE',  ( 18.00000000000000355, 1.855257548757081265, 11.01701856276042335 ) ) ;
#2063 = LINE ( 'NONE', #751, #4934 ) ;
#2064 = ADVANCED_FACE ( 'NONE', ( #158 ), #2230, .T. ) ;
#2065 = VECTOR ( 'NONE', #2880, 1000.000000000000114 ) ;
#2066 = CIRCLE ( 'NONE', #2500, 0.5000000000000004441 ) ;
#2067 = CIRCLE ( 'NONE', #4328, 1.249999999999671596 ) ;
#2068 = CARTESIAN_POINT ( 'NONE',  ( 18.44999999999970441, 0.000000000000000000, -27.24999999999998934 ) ) ;
#2069 = EDGE_CURVE ( 'NONE', #5265, #1103, #2640, .T. ) ;
#2070 = CARTESIAN_POINT ( 'NONE',  ( -17.13289408340440545, 14.00000000000000000, 31.17712349168906982 ) ) ;
#2071 = CARTESIAN_POINT ( 'NONE',  ( 19.27880062554976703, 14.00000000000000355, -30.66236819899337007 ) ) ;
#2072 = DIRECTION ( 'NONE',  ( 0.000000000000000000, 0.000000000000000000, 1.000000000000000000 ) ) ;
#2073 = AXIS2_PLACEMENT_3D ( 'NONE', #4641, #1314, #2961 ) ;
#2074 = CIRCLE ( 'NONE', #3466, 0.5000000000000004441 ) ;
#2075 = EDGE_LOOP ( 'NONE', ( #5360, #5052, #3196, #4104 ) ) ;
#2076 = AXIS2_PLACEMENT_3D ( 'NONE', #5010, #1277, #2953 ) ;
#2077 = EDGE_CURVE ( 'NONE', #4050, #396, #412, .T. ) ;
#2078 = PLANE ( 'NONE',  #2268 ) ;
#2079 = DIRECTION ( 'NONE',  ( 0.000000000000000000, -1.000000000000000000, 0.000000000000000000 ) ) ;
#2080 = CIRCLE ( 'NONE', #4862, 1.750000000000001554 ) ;
#2081 = ORIENTED_EDGE ( 'NONE', *, *, #1824, .T. ) ;
#2082 = CARTESIAN_POINT ( 'NONE',  ( -18.19999999999999929, 1.855257548757038855, 5.017018562760414468 ) ) ;
#2083 = DIRECTION ( 'NONE',  ( 2.287444056218751220E-17, 0.9063077870366479383, 0.4226182617407037156 ) ) ;
#2084 = VECTOR ( 'NONE', #2168, 1000.000000000000000 ) ;
#2085 = FACE_OUTER_BOUND ( 'NONE', #4961, .T. ) ;
#2086 = LINE ( 'NONE', #4618, #4336 ) ;
#2087 = FACE_OUTER_BOUND ( 'NONE', #2705, .T. ) ;
#2088 = ORIENTED_EDGE ( 'NONE', *, *, #4759, .T. ) ;
#2089 = ORIENTED_EDGE ( 'NONE', *, *, #871, .T. ) ;
#2090 = ORIENTED_EDGE ( 'NONE', *, *, #653, .T. ) ;
#2091 = ORIENTED_EDGE ( 'NONE', *, *, #695, .T. ) ;
#2092 = CARTESIAN_POINT ( 'NONE',  ( 8.297907058017150561, 11.70000000000000107, 30.03188675837486699 ) ) ;
#2093 = CARTESIAN_POINT ( 'NONE',  ( -17.04999999999999716, 0.000000000000000000, -30.24999999999998934 ) ) ;
#2094 = AXIS2_PLACEMENT_3D ( 'NONE', #4065, #1602, #1992 ) ;
#2095 = EDGE_CURVE ( 'NONE', #911, #1649, #3490, .T. ) ;
#2096 = VECTOR ( 'NONE', #4039, 1000.000000000000000 ) ;
#2097 = CARTESIAN_POINT ( 'NONE',  ( -18.19999999999999929, 1.855257548757081265, 12.51701856276042335 ) ) ;
#2098 = DIRECTION ( 'NONE',  ( -0.000000000000000000, -1.000000000000000000, -0.000000000000000000 ) ) ;
#2099 = CARTESIAN_POINT ( 'NONE',  ( 20.00100000000000833, 4.244999999859221163, 27.86500000000014055 ) ) ;
#2100 = CARTESIAN_POINT ( 'NONE',  ( 18.00000000000000355, 10.85525754875703797, 9.213787486155460726 ) ) ;
#2101 = LINE ( 'NONE', #4144, #1025 ) ;
#2102 = EDGE_CURVE ( 'NONE', #4379, #3236, #5142, .T. ) ;
#2103 = EDGE_LOOP ( 'NONE', ( #3538, #3772, #4567, #2460 ) ) ;
#2104 = CARTESIAN_POINT ( 'NONE',  ( 15.32763862252533649, 13.19999999999999929, 19.40338814051948546 ) ) ;
#2105 = EDGE_CURVE ( 'NONE', #3701, #1011, #674, .T. ) ;
#2106 = DIRECTION ( 'NONE',  ( 0.000000000000000000, -1.000000000000000000, 0.000000000000000000 ) ) ;
#2107 = CARTESIAN_POINT ( 'NONE',  ( -16.37815178400701299, 8.750000000000000000, 29.30094095281597433 ) ) ;
#2108 = EDGE_CURVE ( 'NONE', #1594, #2244, #4756, .T. ) ;
#2109 = ORIENTED_EDGE ( 'NONE', *, *, #3736, .T. ) ;
#2110 = CARTESIAN_POINT ( 'NONE',  ( -18.20000000000000284, -0.06848470751344599983, -1.880037183654877042 ) ) ;
#2111 = FACE_BOUND ( 'NONE', #1510, .T. ) ;
#2112 = DIRECTION ( 'NONE',  ( -1.000000000000000000, -0.000000000000000000, 1.654744174222709448E-16 ) ) ;
#2113 = CARTESIAN_POINT ( 'NONE',  ( -16.29999999999999716, 10.09999999985903862, 27.54264080459935826 ) ) ;
#2114 = DIRECTION ( 'NONE',  ( 0.000000000000000000, 0.000000000000000000, 1.000000000000000000 ) ) ;
#2115 = VERTEX_POINT ( 'NONE', #1873 ) ;
#2116 = VERTEX_POINT ( 'NONE', #4011 ) ;
#2117 = ORIENTED_EDGE ( 'NONE', *, *, #5338, .F. ) ;
#2118 = ORIENTED_EDGE ( 'NONE', *, *, #4423, .T. ) ;
#2119 = LINE ( 'NONE', #2062, #2769 ) ;
#2120 = CARTESIAN_POINT ( 'NONE',  ( 5.466666666666678331, 12.50000000000000000, -32.04999999999999005 ) ) ;
#2121 = DIRECTION ( 'NONE',  ( 0.000000000000000000, 1.433700456506612432E-16, -1.000000000000000000 ) ) ;
#2122 = CARTESIAN_POINT ( 'NONE',  ( -20.00000000000000000, 7.454999999859222015, 27.86500000000006949 ) ) ;
#2123 = DIRECTION ( 'NONE',  ( -0.000000000000000000, -1.000000000000000000, -0.000000000000000000 ) ) ;
#2124 = CARTESIAN_POINT ( 'NONE',  ( 17.34229239294860747, 13.99999999999968203, -31.95630163217305153 ) ) ;
#2125 = CARTESIAN_POINT ( 'NONE',  ( 16.29999999999999716, 8.250000000000000000, 26.24999999999998934 ) ) ;
#2126 = EDGE_CURVE ( 'NONE', #3970, #1594, #593, .T. ) ;
#2127 = ORIENTED_EDGE ( 'NONE', *, *, #3197, .T. ) ;
#2128 = LINE ( 'NONE', #90, #1798 ) ;
#2129 = FACE_BOUND ( 'NONE', #2359, .T. ) ;
#2130 = CARTESIAN_POINT ( 'NONE',  ( -18.20000000000000284, 5.494999999858891648, 27.86500000000044608 ) ) ;
#2131 = EDGE_CURVE ( 'NONE', #2339, #846, #622, .T. ) ;
#2132 = ORIENTED_EDGE ( 'NONE', *, *, #2269, .F. ) ;
#2133 = LINE ( 'NONE', #4639, #4777 ) ;
#2134 = DIRECTION ( 'NONE',  ( 6.097446312748004835E-17, 0.000000000000000000, 1.000000000000000000 ) ) ;
#2135 = PRESENTATION_STYLE_ASSIGNMENT (( #1283 ) ) ;
#2136 = DIRECTION ( 'NONE',  ( -1.000000000000000000, -0.000000000000000000, 5.412553747197527263E-17 ) ) ;
#2137 = EDGE_CURVE ( 'NONE', #5258, #620, #4844, .T. ) ;
#2138 = LINE ( 'NONE', #1724, #5211 ) ;
#2139 = ORIENTED_EDGE ( 'NONE', *, *, #1757, .T. ) ;
#2140 = ORIENTED_EDGE ( 'NONE', *, *, #4370, .F. ) ;
#2141 = ORIENTED_EDGE ( 'NONE', *, *, #2975, .F. ) ;
#2142 = CARTESIAN_POINT ( 'NONE',  ( 16.40000000000000213, 14.00000000000000000, 32.05000000000000426 ) ) ;
#2143 = CARTESIAN_POINT ( 'NONE',  ( -16.94999999999999218, 8.250000000000000000, 28.49951569184058187 ) ) ;
#2144 = B_SPLINE_CURVE_WITH_KNOTS ( 'NONE', 3,
 ( #2973, #3408, #3348, #5002 ),
 .UNSPECIFIED., .F., .F.,
 ( 4, 4 ),
 ( 0.000000000000000000, 1.000000000000000000 ),
 .UNSPECIFIED. ) ;
#2145 = VERTEX_POINT ( 'NONE', #3162 ) ;
#2146 = CARTESIAN_POINT ( 'NONE',  ( -20.00100000000001543, 8.259612155171570436, -16.96929045201742170 ) ) ;
#2147 = VECTOR ( 'NONE', #3175, 1000.000000000000000 ) ;
#2148 = CARTESIAN_POINT ( 'NONE',  ( 2.332400340011097621E-12, 13.19999999999999929, 21.38178248604694787 ) ) ;
#2149 = CARTESIAN_POINT ( 'NONE',  ( -17.34229239294852221, 14.00000000000000000, 31.95630163217283481 ) ) ;
#2150 = CARTESIAN_POINT ( 'NONE',  ( -18.19999999999999574, 0.000000000000000000, -26.24999999999998934 ) ) ;
#2151 = DIRECTION ( 'NONE',  ( 0.000000000000000000, 0.000000000000000000, 1.000000000000000000 ) ) ;
#2152 = VECTOR ( 'NONE', #435, 1000.000000000000000 ) ;
#2153 = AXIS2_PLACEMENT_3D ( 'NONE', #136, #3384, #895 ) ;
#2154 = ORIENTED_EDGE ( 'NONE', *, *, #4440, .F. ) ;
#2155 = DIRECTION ( 'NONE',  ( 4.056174603791289549E-30, -1.000000000000000000, 2.451239694315053242E-14 ) ) ;
#2156 = CARTESIAN_POINT ( 'NONE',  ( -20.00000000000000000, 8.199999999859237221, 21.74264564540182576 ) ) ;
#2157 = AXIS2_PLACEMENT_3D ( 'NONE', #2283, #1893, #2738 ) ;
#2158 = AXIS2_PLACEMENT_3D ( 'NONE', #3029, #116, #468 ) ;
#2159 = CARTESIAN_POINT ( 'NONE',  ( -18.19999999999999929, 11.69999999999999929, 26.24999999999998934 ) ) ;
#2160 = EDGE_CURVE ( 'NONE', #875, #4581, #1576, .T. ) ;
#2161 = VERTEX_POINT ( 'NONE', #4038 ) ;
#2162 = CARTESIAN_POINT ( 'NONE',  ( -8.050000000036208192, 11.70000000000000107, 11.90000000000010338 ) ) ;
#2163 = DIRECTION ( 'NONE',  ( 0.000000000000000000, 0.000000000000000000, 1.000000000000000000 ) ) ;
#2164 = CARTESIAN_POINT ( 'NONE',  ( 0.000000000000000000, 0.000000000000000000, 0.000000000000000000 ) ) ;
#2165 = CARTESIAN_POINT ( 'NONE',  ( 17.04999999999970939, 8.250000000000000000, -30.24999999999998934 ) ) ;
#2166 = DIRECTION ( 'NONE',  ( -0.000000000000000000, 1.000000000000000000, -0.000000000000000000 ) ) ;
#2167 = VECTOR ( 'NONE', #300, 1000.000000000000000 ) ;
#2168 = DIRECTION ( 'NONE',  ( 1.000000000000000000, 0.000000000000000000, 0.000000000000000000 ) ) ;
#2169 = EDGE_LOOP ( 'NONE', ( #2330, #203, #171, #1400 ) ) ;
#2170 = EDGE_CURVE ( 'NONE', #1828, #4882, #804, .T. ) ;
#2171 = ORIENTED_EDGE ( 'NONE', *, *, #301, .T. ) ;
#2172 = VECTOR ( 'NONE', #1158, 1000.000000000000000 ) ;
#2173 = ORIENTED_EDGE ( 'NONE', *, *, #1329, .T. ) ;
#2174 = DIRECTION ( 'NONE',  ( 1.000000000000000000, -0.000000000000000000, 5.412553747197527263E-17 ) ) ;
#2175 = CARTESIAN_POINT ( 'NONE',  ( -16.40000000000000568, 14.00000000000000000, -32.04999999999999005 ) ) ;
#2176 = AXIS2_PLACEMENT_3D ( 'NONE', #2923, #1719, #5095 ) ;
#2177 = EDGE_CURVE ( 'NONE', #1899, #4608, #4590, .T. ) ;
#2178 = PLANE ( 'NONE',  #1528 ) ;
#2179 = VECTOR ( 'NONE', #303, 1000.000000000000000 ) ;
#2180 = CARTESIAN_POINT ( 'NONE',  ( 18.63850636869700850, 14.00000000000000000, -30.17119064447972931 ) ) ;
#2181 = CARTESIAN_POINT ( 'NONE',  ( -18.61236819899317041, 14.00000000000000000, 31.32880062554935208 ) ) ;
#2182 = CARTESIAN_POINT ( 'NONE',  ( -16.29999999999999716, 8.250000000000000000, 30.24999999999998934 ) ) ;
#2183 = CARTESIAN_POINT ( 'NONE',  ( -20.00000000000000355, 10.85525754875703797, 10.71378748615546250 ) ) ;
#2184 = VECTOR ( 'NONE', #2665, 1000.000000000000000 ) ;
#2185 = EDGE_LOOP ( 'NONE', ( #4775, #4134, #2127, #1674 ) ) ;
#2186 = LINE ( 'NONE', #1790, #1190 ) ;
#2187 = DIRECTION ( 'NONE',  ( -1.000000000000000000, 0.000000000000000000, 1.654744174222709448E-16 ) ) ;
#2188 = DIRECTION ( 'NONE',  ( 0.000000000000000000, 2.081668171172715588E-15, -1.000000000000000000 ) ) ;
#2189 = B_SPLINE_CURVE_WITH_KNOTS ( 'NONE', 3,
 ( #419, #4991, #1514, #294 ),
 .UNSPECIFIED., .F., .F.,
 ( 4, 4 ),
 ( 0.000000000000000000, 1.000000000000000000 ),
 .UNSPECIFIED. ) ;
#2190 = ORIENTED_EDGE ( 'NONE', *, *, #5335, .T. ) ;
#2191 = DIRECTION ( 'NONE',  ( 2.287444056218750912E-17, 0.9063077870366479383, 0.4226182617407036601 ) ) ;
#2192 = CARTESIAN_POINT ( 'NONE',  ( -18.44999999999969731, 4.000000000000000000, -27.24999999999999289 ) ) ;
#2193 = FACE_OUTER_BOUND ( 'NONE', #5249, .T. ) ;
#2194 = DIRECTION ( 'NONE',  ( 0.000000000000000000, 0.000000000000000000, 1.000000000000000000 ) ) ;
#2195 = EDGE_CURVE ( 'NONE', #3951, #602, #4448, .T. ) ;
#2196 = ORIENTED_EDGE ( 'NONE', *, *, #5370, .F. ) ;
#2197 = ORIENTED_EDGE ( 'NONE', *, *, #3699, .T. ) ;
#2198 = ORIENTED_EDGE ( 'NONE', *, *, #4234, .F. ) ;
#2199 = CARTESIAN_POINT ( 'NONE',  ( 18.19999999999999929, 8.759612155171568659, -4.869667632591993645 ) ) ;
#2200 = CARTESIAN_POINT ( 'NONE',  ( 16.29999999999999716, 8.250000000000000000, 30.24999999999998934 ) ) ;
#2201 = ADVANCED_FACE ( 'NONE', ( #293, #4522, #4547, #780, #1544 ), #726, .T. ) ;
#2202 = EDGE_CURVE ( 'NONE', #4403, #1236, #4323, .T. ) ;
#2203 = ORIENTED_EDGE ( 'NONE', *, *, #828, .T. ) ;
#2204 = DIRECTION ( 'NONE',  ( 0.000000000000000000, 0.000000000000000000, -1.000000000000000000 ) ) ;
#2205 = CARTESIAN_POINT ( 'NONE',  ( 6.591820935136431636, 11.70000000000000107, 26.78531431339454727 ) ) ;
#2206 = CARTESIAN_POINT ( 'NONE',  ( -11.19999999999998685, 13.19999999999999929, 9.739889904990375769 ) ) ;
#2207 = DIRECTION ( 'NONE',  ( -0.000000000000000000, 1.000000000000000000, -0.000000000000000000 ) ) ;
#2208 = CARTESIAN_POINT ( 'NONE',  ( -18.20000000000000284, 10.09999999985903862, 28.04264080459935826 ) ) ;
#2209 = EDGE_CURVE ( 'NONE', #713, #1618, #3953, .T. ) ;
#2210 = FACE_OUTER_BOUND ( 'NONE', #5384, .T. ) ;
#2211 = CARTESIAN_POINT ( 'NONE',  ( -17.03182155544979182, 8.250000000000000000, 29.18953339543471870 ) ) ;
#2212 = CARTESIAN_POINT ( 'NONE',  ( -20.00000000000000000, 8.699999999859237221, 21.74264564540182576 ) ) ;
#2213 = EDGE_CURVE ( 'NONE', #1428, #3651, #3623, .T. ) ;
#2214 = ORIENTED_EDGE ( 'NONE', *, *, #2970, .F. ) ;
#2215 = CARTESIAN_POINT ( 'NONE',  ( -18.20000000000000284, 10.85525754875699711, 3.213787486155459838 ) ) ;
#2216 = DIRECTION ( 'NONE',  ( -1.000000000000000000, 0.000000000000000000, 0.000000000000000000 ) ) ;
#2217 =( BOUNDED_CURVE ( )  B_SPLINE_CURVE ( 2, ( #1627, #380, #1601 ),
 .UNSPECIFIED., .F., .T. ) 
 B_SPLINE_CURVE_WITH_KNOTS ( ( 3, 3 ),
 ( 0.000000000000000000, 1.000000000000000000 ),
 .UNSPECIFIED. ) 
 CURVE ( )  GEOMETRIC_REPRESENTATION_ITEM ( )  RATIONAL_B_SPLINE_CURVE ( ( 1.000000000000000000, 0.7071067811865467956, 1.000000000000000000 ) ) 
 REPRESENTATION_ITEM ( '' )  );
#2218 = LINE ( 'NONE', #1721, #2532 ) ;
#2219 = CARTESIAN_POINT ( 'NONE',  ( -18.84680584214135735, 14.00000000000000000, -29.85945419390776934 ) ) ;
#2220 = CARTESIAN_POINT ( 'NONE',  ( 20.00000000000000000, 12.50000000000000178, -28.92123889803846026 ) ) ;
#2221 = VERTEX_POINT ( 'NONE', #2426 ) ;
#2222 = ORIENTED_EDGE ( 'NONE', *, *, #3413, .T. ) ;
#2223 = DIRECTION ( 'NONE',  ( -1.000000000000000000, 2.736911063134408342E-48, 1.654744174222709694E-16 ) ) ;
#2224 = CARTESIAN_POINT ( 'NONE',  ( 20.00000000000000355, 1.855257548757039521, 5.017018562760422462 ) ) ;
#2225 = ORIENTED_EDGE ( 'NONE', *, *, #2137, .T. ) ;
#2226 = ORIENTED_EDGE ( 'NONE', *, *, #5257, .T. ) ;
#2227 = ORIENTED_EDGE ( 'NONE', *, *, #5033, .T. ) ;
#2228 = EDGE_CURVE ( 'NONE', #4622, #94, #4241, .T. ) ;
#2229 = DIRECTION ( 'NONE',  ( 0.000000000000000000, 1.000000000000000000, 0.000000000000000000 ) ) ;
#2230 = PLANE ( 'NONE',  #3372 ) ;
#2231 = LINE ( 'NONE', #3457, #2708 ) ;
#2232 = EDGE_CURVE ( 'NONE', #582, #838, #4072, .T. ) ;
#2233 = CARTESIAN_POINT ( 'NONE',  ( 7.058141029146305812, 11.70000000000000107, 28.79678344542583801 ) ) ;
#2234 = LINE ( 'NONE', #4970, #2172 ) ;
#2235 = CIRCLE ( 'NONE', #2930, 2.499999999999998668 ) ;
#2236 = EDGE_CURVE ( 'NONE', #148, #883, #318, .T. ) ;
#2237 = FACE_BOUND ( 'NONE', #3806, .T. ) ;
#2238 = LINE ( 'NONE', #5231, #3747 ) ;
#2239 = CARTESIAN_POINT ( 'NONE',  ( -13.53605915637521306, 13.19999999999999929, 19.62704321637306748 ) ) ;
#2240 = VECTOR ( 'NONE', #614, 1000.000000000000000 ) ;
#2241 = AXIS2_PLACEMENT_3D ( 'NONE', #5232, #1030, #3168 ) ;
#2242 = ORIENTED_EDGE ( 'NONE', *, *, #991, .T. ) ;
#2243 = EDGE_CURVE ( 'NONE', #1321, #1497, #1186, .T. ) ;
#2244 = VERTEX_POINT ( 'NONE', #2019 ) ;
#2245 = AXIS2_PLACEMENT_3D ( 'NONE', #3599, #2289, #4356 ) ;
#2246 = CARTESIAN_POINT ( 'NONE',  ( 13.37014954230756558, 11.70000000000000107, 19.98139641309521863 ) ) ;
#2247 = CARTESIAN_POINT ( 'NONE',  ( 20.00000000000000355, 1.855257548757039521, 6.517018562760421574 ) ) ;
#2248 = LINE ( 'NONE', #3881, #4251 ) ;
#2249 = AXIS2_PLACEMENT_3D ( 'NONE', #4890, #3240, #1156 ) ;
#2250 = CIRCLE ( 'NONE', #3992, 2.599999999999998312 ) ;
#2251 = VERTEX_POINT ( 'NONE', #5312 ) ;
#2252 = ORIENTED_EDGE ( 'NONE', *, *, #4406, .F. ) ;
#2253 =( BOUNDED_SURFACE ( )  B_SPLINE_SURFACE ( 2, 3, ( 
 ( #3762, #4956, #1221, #5036, #3380, #112, #806, #2070, #3410, #2891 ),
 ( #4248, #2999, #2585, #436, #3847, #2181, #3350, #2149, #1301, #4550 ),
 ( #5004, #2976, #1737, #2914, #1244, #4651, #914, #3325, #517, #4142 ) ),
 .UNSPECIFIED., .F., .F., .F. ) 
 B_SPLINE_SURFACE_WITH_KNOTS ( ( 3, 3 ),
 ( 4, 2, 2, 2, 4 ),
 ( 0.000000000000000000, 1.000000000000000000 ),
 ( 4.712388980384689674, 5.105088062083413369, 5.497787143782137065, 5.890486225480861648, 6.283185307179585344 ),
 .UNSPECIFIED. ) 
 GEOMETRIC_REPRESENTATION_ITEM ( )  RATIONAL_B_SPLINE_SURFACE ( (
 ( 1.000000000000000000, 1.000000000000000000, 1.000000000000000000, 1.000000000000000000, 1.000000000000000000, 1.000000000000000000, 1.000000000000000000, 1.000000000000000000, 1.000000000000000000, 1.000000000000000000),
 ( 0.7071067811865467956, 0.7071067811865467956, 0.7071067811865467956, 0.7071067811865467956, 0.7071067811865467956, 0.7071067811865467956, 0.7071067811865467956, 0.7071067811865467956, 0.7071067811865467956, 0.7071067811865467956),
 ( 1.000000000000000000, 1.000000000000000000, 1.000000000000000000, 1.000000000000000000, 1.000000000000000000, 1.000000000000000000, 1.000000000000000000, 1.000000000000000000, 1.000000000000000000, 1.000000000000000000) ) ) 
 REPRESENTATION_ITEM ( '' )  SURFACE ( )  );
#2254 = ORIENTED_EDGE ( 'NONE', *, *, #2948, .T. ) ;
#2255 = DIRECTION ( 'NONE',  ( 0.000000000000000000, 0.000000000000000000, 1.000000000000000000 ) ) ;
#2256 = AXIS2_PLACEMENT_3D ( 'NONE', #3939, #200, #2629 ) ;
#2257 = DIRECTION ( 'NONE',  ( -1.000000000000000000, 0.000000000000000000, 0.000000000000000000 ) ) ;
#2258 = CIRCLE ( 'NONE', #2430, 0.5000000000000004441 ) ;
#2259 = EDGE_LOOP ( 'NONE', ( #1247, #2730, #3726, #2802 ) ) ;
#2260 = CARTESIAN_POINT ( 'NONE',  ( 19.99999999999999289, 10.13246619646799829, -16.46929045201742881 ) ) ;
#2261 = CARTESIAN_POINT ( 'NONE',  ( 16.40000000000000213, 13.19999999999999929, 28.45000000000000284 ) ) ;
#2262 = DIRECTION ( 'NONE',  ( 1.000000000000000000, -0.000000000000000000, -5.412553747197527263E-17 ) ) ;
#2263 = VECTOR ( 'NONE', #2643, 1000.000000000000000 ) ;
#2264 = EDGE_CURVE ( 'NONE', #1615, #825, #3705, .T. ) ;
#2265 = VECTOR ( 'NONE', #4339, 1000.000000000000000 ) ;
#2266 = FACE_OUTER_BOUND ( 'NONE', #4872, .T. ) ;
#2267 = LINE ( 'NONE', #921, #5380 ) ;
#2268 = AXIS2_PLACEMENT_3D ( 'NONE', #4202, #117, #5067 ) ;
#2269 = EDGE_CURVE ( 'NONE', #2875, #2244, #2063, .T. ) ;
#2270 = ORIENTED_EDGE ( 'NONE', *, *, #1067, .F. ) ;
#2271 = EDGE_CURVE ( 'NONE', #3613, #2674, #1599, .T. ) ;
#2272 = VERTEX_POINT ( 'NONE', #3298 ) ;
#2273 = AXIS2_PLACEMENT_3D ( 'NONE', #2618, #3491, #5143 ) ;
#2274 = CARTESIAN_POINT ( 'NONE',  ( 16.22500000000117382, 13.19999999999999929, -30.24999999999999289 ) ) ;
#2275 = LINE ( 'NONE', #1857, #2498 ) ;
#2276 = CYLINDRICAL_SURFACE ( 'NONE', #2256, 1.249999999999671596 ) ;
#2277 = CARTESIAN_POINT ( 'NONE',  ( -16.40000000000000568, 14.00000000000000000, -31.24999999999998934 ) ) ;
#2278 = EDGE_CURVE ( 'NONE', #2875, #4121, #3402, .T. ) ;
#2279 = ORIENTED_EDGE ( 'NONE', *, *, #108, .T. ) ;
#2280 = ORIENTED_EDGE ( 'NONE', *, *, #12, .T. ) ;
#2281 = ORIENTED_EDGE ( 'NONE', *, *, #270, .F. ) ;
#2282 = LINE ( 'NONE', #1808, #1622 ) ;
#2283 = CARTESIAN_POINT ( 'NONE',  ( 20.00100000000000833, 5.494999999858891648, 27.86500000000043897 ) ) ;
#2284 = B_SPLINE_CURVE_WITH_KNOTS ( 'NONE', 3,
 ( #1859, #1445, #578, #554, #2681, #3121, #3067, #3966, #2220, #1803 ),
 .UNSPECIFIED., .F., .F.,
 ( 4, 2, 2, 2, 4 ),
 ( 0.000000000000000000, 0.2500000000000000000, 0.5000000000000000000, 0.7500000000000000000, 1.000000000000000000 ),
 .UNSPECIFIED. ) ;
#2285 = ORIENTED_EDGE ( 'NONE', *, *, #1840, .T. ) ;
#2286 = ORIENTED_EDGE ( 'NONE', *, *, #4654, .F. ) ;
#2287 = EDGE_LOOP ( 'NONE', ( #1685, #4987, #1946, #1346 ) ) ;
#2288 = LINE ( 'NONE', #2342, #1092 ) ;
#2289 = DIRECTION ( 'NONE',  ( 0.000000000000000000, 0.000000000000000000, 1.000000000000000000 ) ) ;
#2290 = CARTESIAN_POINT ( 'NONE',  ( 18.44999999999969731, 4.000000000000000000, 27.74999999999999645 ) ) ;
#2291 = CARTESIAN_POINT ( 'NONE',  ( -9.074999999958757613, 5.200000000000000178, -30.94999999999998863 ) ) ;
#2292 = ADVANCED_FACE ( 'NONE', ( #2530 ), #5079, .F. ) ;
#2293 = CARTESIAN_POINT ( 'NONE',  ( -17.80594073601374561, 0.000000000000000000, 30.38953339543472509 ) ) ;
#2294 = CARTESIAN_POINT ( 'NONE',  ( -16.40000000000000568, 13.19999999999999929, -31.04999999999998650 ) ) ;
#2295 = DIRECTION ( 'NONE',  ( -1.000000000000000000, -0.000000000000000000, 1.654744174222709448E-16 ) ) ;
#2296 = ORIENTED_EDGE ( 'NONE', *, *, #3061, .T. ) ;
#2297 = VERTEX_POINT ( 'NONE', #3346 ) ;
#2298 = ADVANCED_FACE ( 'NONE', ( #2497 ), #538, .F. ) ;
#2299 = CARTESIAN_POINT ( 'NONE',  ( -16.32500000000116813, 11.70000000000000107, 7.700000000000102318 ) ) ;
#2300 = LINE ( 'NONE', #1336, #5011 ) ;
#2301 = DIRECTION ( 'NONE',  ( -1.000000000000000000, 2.736911063134408342E-48, 1.654744174222709694E-16 ) ) ;
#2302 = DIRECTION ( 'NONE',  ( 2.287444056218750912E-17, 0.9063077870366479383, 0.4226182617407036601 ) ) ;
#2303 = EDGE_LOOP ( 'NONE', ( #3071, #1711, #4365, #2362 ) ) ;
#2304 = ORIENTED_EDGE ( 'NONE', *, *, #1701, .F. ) ;
#2305 = ORIENTED_EDGE ( 'NONE', *, *, #3629, .T. ) ;
#2306 = ADVANCED_FACE ( 'NONE', ( #2580 ), #3759, .F. ) ;
#2307 = CARTESIAN_POINT ( 'NONE',  ( 8.949999999963793584, 11.70000000000000107, 8.700000000000104095 ) ) ;
#2308 = CARTESIAN_POINT ( 'NONE',  ( -20.00000000000000000, 7.309660581214600938, 28.45000000000000284 ) ) ;
#2309 = ORIENTED_EDGE ( 'NONE', *, *, #4570, .T. ) ;
#2310 = ORIENTED_EDGE ( 'NONE', *, *, #3706, .T. ) ;
#2311 = EDGE_LOOP ( 'NONE', ( #5337, #3506, #3861, #2853, #4335, #4397, #987, #2012, #1406, #1923 ) ) ;
#2312 = EDGE_LOOP ( 'NONE', ( #19, #3269, #2281, #3923 ) ) ;
#2313 = DIRECTION ( 'NONE',  ( -0.000000000000000000, -1.000000000000000000, -0.000000000000000000 ) ) ;
#2314 = DIRECTION ( 'NONE',  ( 0.000000000000000000, 0.000000000000000000, 1.000000000000000000 ) ) ;
#2315 = DIRECTION ( 'NONE',  ( -1.000000000000000000, 0.000000000000000000, 0.000000000000000000 ) ) ;
#2316 = VECTOR ( 'NONE', #1350, 1000.000000000000000 ) ;
#2317 = CARTESIAN_POINT ( 'NONE',  ( 8.033159821535258871, 11.70000000000000107, 30.24999999999999645 ) ) ;
#2318 = CARTESIAN_POINT ( 'NONE',  ( -19.00000000000000355, 13.19999999999999929, -28.44999999999998863 ) ) ;
#2319 = DIRECTION ( 'NONE',  ( 5.412553747197527263E-17, 0.000000000000000000, 1.000000000000000000 ) ) ;
#2320 = EDGE_LOOP ( 'NONE', ( #1070, #3152, #1049, #683 ) ) ;
#2321 = ORIENTED_EDGE ( 'NONE', *, *, #437, .T. ) ;
#2322 = CARTESIAN_POINT ( 'NONE',  ( 15.07623566518830138, 11.70000000000000107, 23.22796885807552414 ) ) ;
#2323 = CARTESIAN_POINT ( 'NONE',  ( -19.12678143145278042, 14.00000000000000178, 29.18353340198549617 ) ) ;
#2324 = AXIS2_PLACEMENT_3D ( 'NONE', #3090, #552, #2216 ) ;
#2325 = FILL_AREA_STYLE ('',( #3589 ) ) ;
#2326 = ADVANCED_FACE ( 'NONE', ( #1731 ), #24, .F. ) ;
#2327 = VECTOR ( 'NONE', #2969, 1000.000000000000000 ) ;
#2328 = ORIENTED_EDGE ( 'NONE', *, *, #2271, .F. ) ;
#2329 = AXIS2_PLACEMENT_3D ( 'NONE', #1265, #4216, #1656 ) ;
#2330 = ORIENTED_EDGE ( 'NONE', *, *, #1145, .T. ) ;
#2331 = ORIENTED_EDGE ( 'NONE', *, *, #4689, .F. ) ;
#2332 = CARTESIAN_POINT ( 'NONE',  ( 19.54563100190832259, 14.00000000000000178, 30.26302832008040866 ) ) ;
#2333 = LINE ( 'NONE', #990, #1015 ) ;
#2334 = VECTOR ( 'NONE', #183, 1000.000000000000000 ) ;
#2335 = FACE_OUTER_BOUND ( 'NONE', #337, .T. ) ;
#2336 = AXIS2_PLACEMENT_3D ( 'NONE', #1163, #4115, #3272 ) ;
#2337 = ORIENTED_EDGE ( 'NONE', *, *, #205, .T. ) ;
#2338 = ADVANCED_FACE ( 'NONE', ( #910 ), #106, .T. ) ;
#2339 = VERTEX_POINT ( 'NONE', #3865 ) ;
#2340 = CIRCLE ( 'NONE', #5295, 2.599999999999998312 ) ;
#2341 = ORIENTED_EDGE ( 'NONE', *, *, #1034, .T. ) ;
#2342 = CARTESIAN_POINT ( 'NONE',  ( -18.19999999999999574, 11.70000000000000107, 3.838945420175287282 ) ) ;
#2343 = DIRECTION ( 'NONE',  ( 0.000000000000000000, 1.000000000000000000, 0.000000000000000000 ) ) ;
#2344 = CARTESIAN_POINT ( 'NONE',  ( 18.00000000000000355, 1.855257548757039521, 6.517018562760421574 ) ) ;
#2345 = CIRCLE ( 'NONE', #3303, 1.249999999999671596 ) ;
#2346 = ADVANCED_FACE ( 'NONE', ( #128 ), #4214, .T. ) ;
#2347 = DIRECTION ( 'NONE',  ( 1.000000000000000000, 0.000000000000000000, 0.000000000000000000 ) ) ;
#2348 = AXIS2_PLACEMENT_3D ( 'NONE', #4913, #1130, #3286 ) ;
#2349 = FACE_OUTER_BOUND ( 'NONE', #540, .T. ) ;
#2350 = DIRECTION ( 'NONE',  ( -0.000000000000000000, -0.000000000000000000, 1.000000000000000000 ) ) ;
#2351 = DIRECTION ( 'NONE',  ( 0.000000000000000000, 1.000000000000000000, 0.000000000000000000 ) ) ;
#2352 = AXIS2_PLACEMENT_3D ( 'NONE', #3174, #1917, #4851 ) ;
#2353 = EDGE_LOOP ( 'NONE', ( #1306, #1334, #4994, #4252 ) ) ;
#2354 = ORIENTED_EDGE ( 'NONE', *, *, #5370, .T. ) ;
#2355 = DIRECTION ( 'NONE',  ( 0.000000000000000000, 0.000000000000000000, 1.000000000000000000 ) ) ;
#2356 = CARTESIAN_POINT ( 'NONE',  ( -20.00000000000000000, 12.50000000000000000, 28.45000000000000284 ) ) ;
#2357 = VECTOR ( 'NONE', #4734, 1000.000000000000000 ) ;
#2358 = CARTESIAN_POINT ( 'NONE',  ( -20.00000000000000000, 8.699999999859237221, 21.24264564540182576 ) ) ;
#2359 = EDGE_LOOP ( 'NONE', ( #376, #2369 ) ) ;
#2360 = CIRCLE ( 'NONE', #4020, 0.5000000000000004441 ) ;
#2361 = EDGE_LOOP ( 'NONE', ( #2827, #4655, #688, #3186, #1554, #3087, #4592 ) ) ;
#2362 = ORIENTED_EDGE ( 'NONE', *, *, #1318, .F. ) ;
#2363 = ORIENTED_EDGE ( 'NONE', *, *, #2376, .F. ) ;
#2364 = CARTESIAN_POINT ( 'NONE',  ( -16.29999999999999716, 8.250000000000000000, 26.24999999999998934 ) ) ;
#2365 = DIRECTION ( 'NONE',  ( 0.000000000000000000, -0.000000000000000000, 1.000000000000000000 ) ) ;
#2366 = EDGE_CURVE ( 'NONE', #3374, #3990, #458, .T. ) ;
#2367 = CARTESIAN_POINT ( 'NONE',  ( 2.332400340011097621E-12, 11.70000000000000107, 18.88178248604694787 ) ) ;
#2368 = EDGE_LOOP ( 'NONE', ( #1069, #4719, #1860, #3318 ) ) ;
#2369 = ORIENTED_EDGE ( 'NONE', *, *, #4857, .F. ) ;
#2370 = ORIENTED_EDGE ( 'NONE', *, *, #2664, .F. ) ;
#2371 = ORIENTED_EDGE ( 'NONE', *, *, #3645, .F. ) ;
#2372 = CARTESIAN_POINT ( 'NONE',  ( -16.40000000000000213, 13.19999999999999929, 31.05000000000000071 ) ) ;
#2373 = CARTESIAN_POINT ( 'NONE',  ( -19.94109047431037496, 5.267903706389381213, 29.09931761452667587 ) ) ;
#2374 = EDGE_CURVE ( 'NONE', #1035, #809, #3018, .T. ) ;
#2375 = CARTESIAN_POINT ( 'NONE',  ( -18.21302832933523419, 12.49999999999999822, 31.59563099807533604 ) ) ;
#2376 = EDGE_CURVE ( 'NONE', #5305, #1746, #3809, .T. ) ;
#2377 = PLANE ( 'NONE',  #4935 ) ;
#2378 = ADVANCED_FACE ( 'NONE', ( #1781 ), #4854, .T. ) ;
#2379 = DIRECTION ( 'NONE',  ( 0.000000000000000000, -1.000000000000000000, 0.000000000000000000 ) ) ;
#2380 = CARTESIAN_POINT ( 'NONE',  ( 2.332400340011097621E-12, 11.70000000000000107, 18.88178248604694787 ) ) ;
#2381 = DIRECTION ( 'NONE',  ( 1.000000000000000000, -0.000000000000000000, -5.412553747197527263E-17 ) ) ;
#2382 = VERTEX_POINT ( 'NONE', #3783 ) ;
#2383 = CARTESIAN_POINT ( 'NONE',  ( -17.80594073601374561, 4.000000000000000000, 30.88953339543472865 ) ) ;
#2384 = DIRECTION ( 'NONE',  ( 1.000000000000000000, -0.000000000000000000, 5.412553747197527263E-17 ) ) ;
#2385 = DIRECTION ( 'NONE',  ( 5.412553747197527263E-17, 2.451239694315053242E-14, 1.000000000000000000 ) ) ;
#2386 = ORIENTED_EDGE ( 'NONE', *, *, #3890, .F. ) ;
#2387 = ORIENTED_EDGE ( 'NONE', *, *, #268, .F. ) ;
#2388 = EDGE_LOOP ( 'NONE', ( #2091, #1948, #1835, #1752 ) ) ;
#2389 = CYLINDRICAL_SURFACE ( 'NONE', #1648, 0.5000000000000004441 ) ;
#2390 = CARTESIAN_POINT ( 'NONE',  ( -19.95913030816558731, 6.753021255113139887, 28.99406046015508309 ) ) ;
#2391 = DIRECTION ( 'NONE',  ( -0.7084377307833018556, 0.000000000000000000, -0.7057733216852319913 ) ) ;
#2392 = DIRECTION ( 'NONE',  ( 0.000000000000000000, 0.000000000000000000, -1.000000000000000000 ) ) ;
#2393 = EDGE_LOOP ( 'NONE', ( #185, #714, #2171, #398 ) ) ;
#2394 = ORIENTED_EDGE ( 'NONE', *, *, #2195, .F. ) ;
#2395 = ORIENTED_EDGE ( 'NONE', *, *, #1761, .F. ) ;
#2396 = VERTEX_POINT ( 'NONE', #4569 ) ;
#2397 = CARTESIAN_POINT ( 'NONE',  ( 18.84680584213585774, 14.00000000000000000, 29.85945419391654809 ) ) ;
#2398 = DIRECTION ( 'NONE',  ( -1.000000000000000000, 0.000000000000000000, 0.000000000000000000 ) ) ;
#2399 = DIRECTION ( 'NONE',  ( 1.000000000000000000, 0.000000000000000000, 0.000000000000000000 ) ) ;
#2400 = EDGE_CURVE ( 'NONE', #4447, #4112, #3813, .T. ) ;
#2401 = CARTESIAN_POINT ( 'NONE',  ( -20.00000000000000000, 4.390339418503834246, 28.45000000000000284 ) ) ;
#2402 = FACE_OUTER_BOUND ( 'NONE', #3967, .T. ) ;
#2403 = DIRECTION ( 'NONE',  ( 0.000000000000000000, -1.000000000000000000, 0.000000000000000000 ) ) ;
#2404 = LINE ( 'NONE', #5204, #1028 ) ;
#2405 = ADVANCED_FACE ( 'NONE', ( #3371 ), #2635, .F. ) ;
#2406 = VERTEX_POINT ( 'NONE', #3128 ) ;
#2407 = PLANE ( 'NONE',  #2448 ) ;
#2408 = DIRECTION ( 'NONE',  ( -1.000000000000000000, 2.736911063134408342E-48, 1.654744174222709694E-16 ) ) ;
#2409 = DIRECTION ( 'NONE',  ( 0.000000000000000000, 0.000000000000000000, 1.000000000000000000 ) ) ;
#2410 = EDGE_CURVE ( 'NONE', #5104, #3539, #4396, .T. ) ;
#2411 = EDGE_LOOP ( 'NONE', ( #768, #1316, #3851, #4910, #4544, #654 ) ) ;
#2412 = CIRCLE ( 'NONE', #1443, 0.5000000000000004441 ) ;
#2413 = ORIENTED_EDGE ( 'NONE', *, *, #3699, .F. ) ;
#2414 = CARTESIAN_POINT ( 'NONE',  ( -16.29999999999999716, 8.250000000000000000, 30.24999999999998934 ) ) ;
#2415 = CARTESIAN_POINT ( 'NONE',  ( 18.61236819899285067, 14.00000000000000000, 31.32880062555029710 ) ) ;
#2416 = CARTESIAN_POINT ( 'NONE',  ( -13.17605797928974454, 13.19999999999999929, 7.900000000000103384 ) ) ;
#2417 = CARTESIAN_POINT ( 'NONE',  ( 19.19999999999999929, 14.00000000000000000, 28.45000000000000284 ) ) ;
#2418 = VECTOR ( 'NONE', #4491, 1000.000000000000000 ) ;
#2419 = ORIENTED_EDGE ( 'NONE', *, *, #2836, .T. ) ;
#2420 = EDGE_LOOP ( 'NONE', ( #5369, #4057, #2296, #4751 ) ) ;
#2421 = ORIENTED_EDGE ( 'NONE', *, *, #3976, .F. ) ;
#2422 = EDGE_LOOP ( 'NONE', ( #2442, #3999 ) ) ;
#2423 = LINE ( 'NONE', #4873, #3904 ) ;
#2424 = VECTOR ( 'NONE', #3718, 1000.000000000000000 ) ;
#2425 = VECTOR ( 'NONE', #2428, 1000.000000000000000 ) ;
#2426 = CARTESIAN_POINT ( 'NONE',  ( 18.19999999999999574, 8.259612155171570436, -16.46929045201742881 ) ) ;
#2427 = CIRCLE ( 'NONE', #4422, 0.5000000000000004441 ) ;
#2428 = DIRECTION ( 'NONE',  ( 1.000000000000000000, 0.000000000000000000, 0.000000000000000000 ) ) ;
#2429 = CARTESIAN_POINT ( 'NONE',  ( 18.00000000000000355, 10.85525754875708060, 15.21378748615546073 ) ) ;
#2430 = AXIS2_PLACEMENT_3D ( 'NONE', #2212, #1793, #4735 ) ;
#2431 = CARTESIAN_POINT ( 'NONE',  ( -20.00000000000000355, 14.00000000000000000, -28.44999999999998863 ) ) ;
#2432 = PLANE ( 'NONE',  #2603 ) ;
#2433 = EDGE_CURVE ( 'NONE', #3343, #5190, #664, .T. ) ;
#2434 = VECTOR ( 'NONE', #2114, 1000.000000000000000 ) ;
#2435 = VERTEX_POINT ( 'NONE', #4722 ) ;
#2436 = PLANE ( 'NONE',  #353 ) ;
#2437 = EDGE_CURVE ( 'NONE', #3537, #2742, #3946, .T. ) ;
#2438 = VECTOR ( 'NONE', #3556, 1000.000000000000000 ) ;
#2439 = EDGE_CURVE ( 'NONE', #4032, #4834, #3074, .T. ) ;
#2440 = ORIENTED_EDGE ( 'NONE', *, *, #1600, .T. ) ;
#2441 = VECTOR ( 'NONE', #927, 1000.000000000000000 ) ;
#2442 = ORIENTED_EDGE ( 'NONE', *, *, #1966, .F. ) ;
#2443 = DIRECTION ( 'NONE',  ( 0.000000000000000000, 0.000000000000000000, -1.000000000000000000 ) ) ;
#2444 = CARTESIAN_POINT ( 'NONE',  ( 20.00000000000000355, 14.00000000000000000, 28.44999999999999929 ) ) ;
#2445 = CARTESIAN_POINT ( 'NONE',  ( 13.39133194203905219, 13.19999999999999929, 19.96049258482525346 ) ) ;
#2446 = EDGE_CURVE ( 'NONE', #3051, #2876, #1633, .T. ) ;
#2447 = FACE_OUTER_BOUND ( 'NONE', #1878, .T. ) ;
#2448 = AXIS2_PLACEMENT_3D ( 'NONE', #4883, #279, #1150 ) ;
#2449 = ORIENTED_EDGE ( 'NONE', *, *, #4759, .F. ) ;
#2450 = ORIENTED_EDGE ( 'NONE', *, *, #3529, .T. ) ;
#2451 = ORIENTED_EDGE ( 'NONE', *, *, #859, .F. ) ;
#2452 = ORIENTED_EDGE ( 'NONE', *, *, #3637, .F. ) ;
#2453 = CARTESIAN_POINT ( 'NONE',  ( -20.00000000000000355, 14.00000000000000000, -32.04999999999999005 ) ) ;
#2454 = AXIS2_PLACEMENT_3D ( 'NONE', #890, #4218, #487 ) ;
#2455 = CARTESIAN_POINT ( 'NONE',  ( -19.95921393829585710, 4.945872613712246846, 28.99352364134707116 ) ) ;
#2456 = CARTESIAN_POINT ( 'NONE',  ( -18.20000000000000284, 9.599999999859038624, 21.74264564540182576 ) ) ;
#2457 = CARTESIAN_POINT ( 'NONE',  ( 0.000000000000000000, 8.750000000000000000, 0.000000000000000000 ) ) ;
#2458 = DIRECTION ( 'NONE',  ( 0.000000000000000000, 1.000000000000000000, 0.000000000000000000 ) ) ;
#2459 = EDGE_CURVE ( 'NONE', #2870, #2878, #3565, .T. ) ;
#2460 = ORIENTED_EDGE ( 'NONE', *, *, #1965, .F. ) ;
#2461 = CARTESIAN_POINT ( 'NONE',  ( -16.32500000000116813, 13.19999999999999929, 7.700000000000102318 ) ) ;
#2462 = CARTESIAN_POINT ( 'NONE',  ( -18.61236819899339068, 14.00000000000000000, -31.32880062554975709 ) ) ;
#2463 = ORIENTED_EDGE ( 'NONE', *, *, #1021, .T. ) ;
#2464 = EDGE_CURVE ( 'NONE', #453, #4424, #2333, .T. ) ;
#2465 = EDGE_LOOP ( 'NONE', ( #739, #1486 ) ) ;
#2466 = CARTESIAN_POINT ( 'NONE',  ( -20.00000000000000355, 1.855257548757081265, 12.51701856276042335 ) ) ;
#2467 = LINE ( 'NONE', #389, #3634 ) ;
#2468 = LINE ( 'NONE', #1531, #1110 ) ;
#2469 = DIRECTION ( 'NONE',  ( 0.000000000000000000, -1.000000000000000000, 0.000000000000000000 ) ) ;
#2470 = VERTEX_POINT ( 'NONE', #4002 ) ;
#2471 = ORIENTED_EDGE ( 'NONE', *, *, #5087, .F. ) ;
#2472 = EDGE_CURVE ( 'NONE', #809, #2396, #257, .T. ) ;
#2473 = EDGE_LOOP ( 'NONE', ( #1317, #339, #2088, #3195 ) ) ;
#2474 = EDGE_LOOP ( 'NONE', ( #1017, #4086, #3974, #1947 ) ) ;
#2475 = CARTESIAN_POINT ( 'NONE',  ( -5.466666666666657903, 14.00000000000000000, 32.05000000000000426 ) ) ;
#2476 = CARTESIAN_POINT ( 'NONE',  ( -18.44999999999969731, 4.000000000000000000, -27.24999999999999289 ) ) ;
#2477 = DIRECTION ( 'NONE',  ( 1.000000000000000000, -0.000000000000000000, 5.412553747197527263E-17 ) ) ;
#2478 = FACE_OUTER_BOUND ( 'NONE', #2598, .T. ) ;
#2479 = DIRECTION ( 'NONE',  ( 0.000000000000000000, -0.000000000000000000, 1.000000000000000000 ) ) ;
#2480 = DIRECTION ( 'NONE',  ( 0.000000000000000000, -1.000000000000000000, 2.443272501375782711E-14 ) ) ;
#2481 = VERTEX_POINT ( 'NONE', #5107 ) ;
#2482 = FACE_OUTER_BOUND ( 'NONE', #5240, .T. ) ;
#2483 = CARTESIAN_POINT ( 'NONE',  ( -19.19999999999427942, 14.00000000000000000, -28.81658521991587563 ) ) ;
#2484 = VERTEX_POINT ( 'NONE', #1866 ) ;
#2485 = CARTESIAN_POINT ( 'NONE',  ( -20.00000000000000355, 1.855257548757039521, 5.017018562760422462 ) ) ;
#2486 = DIRECTION ( 'NONE',  ( 0.000000000000000000, -0.000000000000000000, -1.000000000000000000 ) ) ;
#2487 = LINE ( 'NONE', #3190, #2621 ) ;
#2488 = DIRECTION ( 'NONE',  ( -1.000000000000000000, 2.736911063134408342E-48, 1.654744174222709694E-16 ) ) ;
#2489 = CARTESIAN_POINT ( 'NONE',  ( -9.074999999958757613, 5.200000000000000178, -30.24999999999998934 ) ) ;
#2490 = EDGE_CURVE ( 'NONE', #2878, #2435, #1839, .T. ) ;
#2491 = ORIENTED_EDGE ( 'NONE', *, *, #1259, .T. ) ;
#2492 = VECTOR ( 'NONE', #3622, 1000.000000000000000 ) ;
#2493 = ORIENTED_EDGE ( 'NONE', *, *, #2801, .T. ) ;
#2494 = ORIENTED_EDGE ( 'NONE', *, *, #1435, .F. ) ;
#2495 = VERTEX_POINT ( 'NONE', #2308 ) ;
#2496 = DIRECTION ( 'NONE',  ( -0.000000000000000000, 1.000000000000000000, -0.000000000000000000 ) ) ;
#2497 = FACE_OUTER_BOUND ( 'NONE', #1647, .T. ) ;
#2498 = VECTOR ( 'NONE', #3526, 1000.000000000000000 ) ;
#2499 = EDGE_CURVE ( 'NONE', #395, #1890, #1376, .T. ) ;
#2500 = AXIS2_PLACEMENT_3D ( 'NONE', #3409, #542, #2560 ) ;
#2501 = VECTOR ( 'NONE', #4656, 1000.000000000000000 ) ;
#2502 = DIRECTION ( 'NONE',  ( -0.000000000000000000, -1.000000000000000000, -0.000000000000000000 ) ) ;
#2503 = CARTESIAN_POINT ( 'NONE',  ( 18.19999999999999929, -2.366618036870391517, 3.048325645404699635 ) ) ;
#2504 = CARTESIAN_POINT ( 'NONE',  ( -9.223942020710227396, 11.70000000000000107, 7.900000000000103384 ) ) ;
#2505 = CARTESIAN_POINT ( 'NONE',  ( -20.00100000000001543, 10.13246619646799829, -16.96929045201742170 ) ) ;
#2506 = FACE_OUTER_BOUND ( 'NONE', #72, .T. ) ;
#2507 = ADVANCED_FACE ( 'NONE', ( #227 ), #2657, .F. ) ;
#2508 = VECTOR ( 'NONE', #4701, 1000.000000000000000 ) ;
#2509 = ORIENTED_EDGE ( 'NONE', *, *, #3070, .T. ) ;
#2510 = CARTESIAN_POINT ( 'NONE',  ( -18.20000000000000284, 10.09999999985903862, 21.74264564540182576 ) ) ;
#2511 = VECTOR ( 'NONE', #2079, 1000.000000000000000 ) ;
#2512 = DIRECTION ( 'NONE',  ( 0.000000000000000000, -0.000000000000000000, 1.000000000000000000 ) ) ;
#2513 = DIRECTION ( 'NONE',  ( 0.000000000000000000, 0.000000000000000000, 1.000000000000000000 ) ) ;
#2514 = CARTESIAN_POINT ( 'NONE',  ( -16.87123889803847732, 12.50000000000000178, -32.04999999999999005 ) ) ;
#2515 = AXIS2_PLACEMENT_3D ( 'NONE', #1383, #5144, #3849 ) ;
#2516 = ORIENTED_EDGE ( 'NONE', *, *, #270, .T. ) ;
#2517 = LINE ( 'NONE', #2985, #2441 ) ;
#2518 = DIRECTION ( 'NONE',  ( -1.000000000000000000, -0.000000000000000000, -0.000000000000000000 ) ) ;
#2519 = VECTOR ( 'NONE', #134, 1000.000000000000000 ) ;
#2520 = LINE ( 'NONE', #269, #1921 ) ;
#2521 = CARTESIAN_POINT ( 'NONE',  ( -11.19999999999998685, 11.70000000000000107, 12.23988990499034557 ) ) ;
#2522 = DIRECTION ( 'NONE',  ( 0.000000000000000000, -1.000000000000000000, 0.000000000000000000 ) ) ;
#2523 = ORIENTED_EDGE ( 'NONE', *, *, #2437, .F. ) ;
#2524 = AXIS2_PLACEMENT_3D ( 'NONE', #529, #449, #1667 ) ;
#2525 = ORIENTED_EDGE ( 'NONE', *, *, #4221, .T. ) ;
#2526 = ORIENTED_EDGE ( 'NONE', *, *, #5089, .T. ) ;
#2527 = EDGE_LOOP ( 'NONE', ( #2029, #612, #4008, #2922 ) ) ;
#2528 = EDGE_CURVE ( 'NONE', #4983, #3344, #3048, .T. ) ;
#2529 = DIRECTION ( 'NONE',  ( -1.000000000000000000, 0.000000000000000000, 0.000000000000000000 ) ) ;
#2530 = FACE_OUTER_BOUND ( 'NONE', #4563, .T. ) ;
#2531 = CIRCLE ( 'NONE', #1389, 0.1999999999999987899 ) ;
#2532 = VECTOR ( 'NONE', #5018, 1000.000000000000000 ) ;
#2533 = EDGE_CURVE ( 'NONE', #3725, #697, #4805, .T. ) ;
#2534 = DIRECTION ( 'NONE',  ( -0.000000000000000000, 1.000000000000000000, -0.000000000000000000 ) ) ;
#2535 = DIRECTION ( 'NONE',  ( -0.7057733216852292157, 0.000000000000000000, 0.7084377307833045201 ) ) ;
#2536 = CARTESIAN_POINT ( 'NONE',  ( 18.44999999999969731, 4.000000000000000000, 28.24999999999999645 ) ) ;
#2537 = EDGE_CURVE ( 'NONE', #5100, #2396, #5160, .T. ) ;
#2538 = CARTESIAN_POINT ( 'NONE',  ( 19.54563100190895142, 14.00000000000000000, -30.26302832007976562 ) ) ;
#2539 = PLANE ( 'NONE',  #2689 ) ;
#2540 = EDGE_CURVE ( 'NONE', #1587, #1842, #3483, .T. ) ;
#2541 = EDGE_LOOP ( 'NONE', ( #4833, #3078 ) ) ;
#2542 = DIRECTION ( 'NONE',  ( 0.000000000000000000, 0.000000000000000000, 1.000000000000000000 ) ) ;
#2543 = PLANE ( 'NONE',  #4099 ) ;
#2544 = CARTESIAN_POINT ( 'NONE',  ( 18.19999999999999574, 8.259612155171570436, -16.96929045201742525 ) ) ;
#2545 = CARTESIAN_POINT ( 'NONE',  ( -18.21302832007985728, 12.50000000000000000, -31.59563100190902674 ) ) ;
#2546 = EDGE_CURVE ( 'NONE', #3178, #1867, #4317, .T. ) ;
#2547 = ORIENTED_EDGE ( 'NONE', *, *, #640, .F. ) ;
#2548 = DIRECTION ( 'NONE',  ( -0.000000000000000000, -0.000000000000000000, -1.000000000000000000 ) ) ;
#2549 = CARTESIAN_POINT ( 'NONE',  ( -19.20000000000000284, 14.00000000000000000, 28.45000000000000284 ) ) ;
#2550 = LINE ( 'NONE', #878, #3669 ) ;
#2551 = DIRECTION ( 'NONE',  ( -1.000000000000000000, 0.000000000000000000, 0.000000000000000000 ) ) ;
#2552 = DIRECTION ( 'NONE',  ( 0.000000000000000000, 0.000000000000000000, 1.000000000000000000 ) ) ;
#2553 = ORIENTED_EDGE ( 'NONE', *, *, #5101, .T. ) ;
#2554 = EDGE_LOOP ( 'NONE', ( #2918, #2222, #346, #1931 ) ) ;
#2555 = ORIENTED_EDGE ( 'NONE', *, *, #344, .F. ) ;
#2556 = CARTESIAN_POINT ( 'NONE',  ( -18.19999999999999929, -5.239284698566578413, 9.208779181729187968 ) ) ;
#2557 = DIRECTION ( 'NONE',  ( -0.000000000000000000, 0.000000000000000000, 1.000000000000000000 ) ) ;
#2558 = ORIENTED_EDGE ( 'NONE', *, *, #3106, .T. ) ;
#2559 = FACE_OUTER_BOUND ( 'NONE', #1183, .T. ) ;
#2560 = DIRECTION ( 'NONE',  ( 0.000000000000000000, 0.000000000000000000, -1.000000000000000000 ) ) ;
#2561 = CARTESIAN_POINT ( 'NONE',  ( -8.050000000036208192, 11.70000000000000107, 8.700000000000104095 ) ) ;
#2562 = CARTESIAN_POINT ( 'NONE',  ( 19.99999999999999645, 12.50000000000000000, -28.92132385417730234 ) ) ;
#2563 = DIRECTION ( 'NONE',  ( -1.000000000000000000, -0.000000000000000000, -0.000000000000000000 ) ) ;
#2564 = EDGE_CURVE ( 'NONE', #1103, #3485, #1426, .T. ) ;
#2565 = ORIENTED_EDGE ( 'NONE', *, *, #3367, .T. ) ;
#2566 = DIRECTION ( 'NONE',  ( 0.000000000000000000, -0.000000000000000000, -1.000000000000000000 ) ) ;
#2567 = DIRECTION ( 'NONE',  ( 0.000000000000000000, 0.000000000000000000, -1.000000000000000000 ) ) ;
#2568 = CARTESIAN_POINT ( 'NONE',  ( 5.818375000275588071, 13.19999999999999929, 27.56168013247656390 ) ) ;
#2569 = EDGE_CURVE ( 'NONE', #1236, #3909, #590, .T. ) ;
#2570 = EDGE_LOOP ( 'NONE', ( #4390, #943, #2354, #3693 ) ) ;
#2571 = DIRECTION ( 'NONE',  ( 0.000000000000000000, 0.000000000000000000, 1.000000000000000000 ) ) ;
#2572 = CARTESIAN_POINT ( 'NONE',  ( -17.80594073601374561, 0.000000000000000000, 29.88953339543472509 ) ) ;
#2573 = DIRECTION ( 'NONE',  ( -0.000000000000000000, -1.000000000000000000, -0.000000000000000000 ) ) ;
#2574 = CARTESIAN_POINT ( 'NONE',  ( 20.00100000000000833, 8.250000000000000000, 28.04264080459935471 ) ) ;
#2575 = ADVANCED_FACE ( 'NONE', ( #4828 ), #2849, .F. ) ;
#2576 = ORIENTED_EDGE ( 'NONE', *, *, #997, .F. ) ;
#2577 = EDGE_LOOP ( 'NONE', ( #484, #3341, #1260, #288 ) ) ;
#2578 = VERTEX_POINT ( 'NONE', #3593 ) ;
#2579 = CARTESIAN_POINT ( 'NONE',  ( -18.19999999999999929, -4.664751366227339879, 7.976688474464290302 ) ) ;
#2580 = FACE_OUTER_BOUND ( 'NONE', #3590, .T. ) ;
#2581 = EDGE_LOOP ( 'NONE', ( #3147, #3960, #4371, #5357 ) ) ;
#2582 = DIRECTION ( 'NONE',  ( -0.000000000000000000, -1.000000000000000000, -0.000000000000000000 ) ) ;
#2583 = VECTOR ( 'NONE', #150, 1000.000000000000000 ) ;
#2584 = CARTESIAN_POINT ( 'NONE',  ( 19.99999999999999645, 8.759612155171568659, -5.369667632591994533 ) ) ;
#2585 = CARTESIAN_POINT ( 'NONE',  ( -19.90630163217221238, 14.00000000000000000, 29.39229239294723683 ) ) ;
#2586 = CARTESIAN_POINT ( 'NONE',  ( -19.20000000000000639, 14.00000000000000000, -9.483333333333320070 ) ) ;
#2587 = DIRECTION ( 'NONE',  ( 0.000000000000000000, 0.000000000000000000, 1.000000000000000000 ) ) ;
#2588 = VECTOR ( 'NONE', #1621, 1000.000000000000000 ) ;
#2589 = VECTOR ( 'NONE', #3602, 1000.000000000000000 ) ;
#2590 = ORIENTED_EDGE ( 'NONE', *, *, #4258, .T. ) ;
#2591 = DIRECTION ( 'NONE',  ( 1.000000000000000000, 0.000000000000000000, -0.000000000000000000 ) ) ;
#2592 = EDGE_CURVE ( 'NONE', #3790, #3679, #1209, .T. ) ;
#2593 = PLANE ( 'NONE',  #1919 ) ;
#2594 = VECTOR ( 'NONE', #1132, 1000.000000000000000 ) ;
#2595 = CIRCLE ( 'NONE', #934, 1.000000000000000888 ) ;
#2596 = CARTESIAN_POINT ( 'NONE',  ( 18.19999999999999574, 8.250000000000000000, -26.24999999999998934 ) ) ;
#2597 = AXIS2_PLACEMENT_3D ( 'NONE', #3832, #3799, #2551 ) ;
#2598 = EDGE_LOOP ( 'NONE', ( #5076, #1691, #1725, #2661 ) ) ;
#2599 = EDGE_CURVE ( 'NONE', #691, #3399, #4760, .T. ) ;
#2600 = FACE_OUTER_BOUND ( 'NONE', #561, .T. ) ;
#2601 = FACE_OUTER_BOUND ( 'NONE', #4188, .T. ) ;
#2602 = CARTESIAN_POINT ( 'NONE',  ( -20.00000000000000000, 12.50000000000000000, 28.45000000000000284 ) ) ;
#2603 = AXIS2_PLACEMENT_3D ( 'NONE', #357, #4388, #4094 ) ;
#2604 = DIRECTION ( 'NONE',  ( 0.000000000000000000, 0.000000000000000000, 1.000000000000000000 ) ) ;
#2605 = EDGE_CURVE ( 'NONE', #2721, #2876, #5354, .T. ) ;
#2606 = VERTEX_POINT ( 'NONE', #2445 ) ;
#2607 = ORIENTED_EDGE ( 'NONE', *, *, #4476, .F. ) ;
#2608 = VECTOR ( 'NONE', #2302, 1000.000000000000114 ) ;
#2609 = ORIENTED_EDGE ( 'NONE', *, *, #1322, .T. ) ;
#2610 = EDGE_CURVE ( 'NONE', #3951, #1929, #1536, .T. ) ;
#2611 = CARTESIAN_POINT ( 'NONE',  ( 19.27880063263345178, 12.50000000000000178, 30.66236819190970309 ) ) ;
#2612 = CIRCLE ( 'NONE', #5043, 1.249999999999668043 ) ;
#2613 = ORIENTED_EDGE ( 'NONE', *, *, #1687, .F. ) ;
#2614 = EDGE_CURVE ( 'NONE', #1153, #4783, #1950, .T. ) ;
#2615 = LINE ( 'NONE', #4275, #1805 ) ;
#2616 = AXIS2_PLACEMENT_3D ( 'NONE', #1274, #59, #3386 ) ;
#2617 = CARTESIAN_POINT ( 'NONE',  ( 18.44999999999969731, 0.000000000000000000, 27.74999999999999645 ) ) ;
#2618 = CARTESIAN_POINT ( 'NONE',  ( -18.44999999999969731, 4.000000000000000000, -27.74999999999999289 ) ) ;
#2619 = LINE ( 'NONE', #1906, #3446 ) ;
#2620 = CYLINDRICAL_SURFACE ( 'NONE', #1552, 0.5000000000000004441 ) ;
#2621 = VECTOR ( 'NONE', #3575, 1000.000000000000000 ) ;
#2622 = DIRECTION ( 'NONE',  ( 0.000000000000000000, 1.000000000000000000, 0.000000000000000000 ) ) ;
#2623 = DIRECTION ( 'NONE',  ( 0.000000000000000000, -0.000000000000000000, -1.000000000000000000 ) ) ;
#2624 = LINE ( 'NONE', #167, #421 ) ;
#2625 = ORIENTED_EDGE ( 'NONE', *, *, #3601, .F. ) ;
#2626 = DIRECTION ( 'NONE',  ( 0.000000000000000000, 0.000000000000000000, 1.000000000000000000 ) ) ;
#2627 = PLANE ( 'NONE',  #2324 ) ;
#2628 = SHAPE_DEFINITION_REPRESENTATION ( #1287, #4905 ) ;
#2629 = DIRECTION ( 'NONE',  ( 0.000000000000000000, 0.000000000000000000, 1.000000000000000000 ) ) ;
#2630 = DIRECTION ( 'NONE',  ( 0.000000000000000000, 0.000000000000000000, 1.000000000000000000 ) ) ;
#2631 = EDGE_CURVE ( 'NONE', #4403, #4783, #2468, .T. ) ;
#2632 = ORIENTED_EDGE ( 'NONE', *, *, #1635, .T. ) ;
#2633 = ORIENTED_EDGE ( 'NONE', *, *, #2528, .F. ) ;
#2634 = CARTESIAN_POINT ( 'NONE',  ( -9.074999999958757613, 5.200000000000000178, -30.94999999999998863 ) ) ;
#2635 = CYLINDRICAL_SURFACE ( 'NONE', #2157, 1.249999999999671596 ) ;
#2636 = ADVANCED_FACE ( 'NONE', ( #4108 ), #1613, .F. ) ;
#2637 = ORIENTED_EDGE ( 'NONE', *, *, #43, .F. ) ;
#2638 = ORIENTED_EDGE ( 'NONE', *, *, #499, .T. ) ;
#2639 = LINE ( 'NONE', #3925, #4333 ) ;
#2640 = LINE ( 'NONE', #1023, #497 ) ;
#2641 = LINE ( 'NONE', #1786, #101 ) ;
#2642 = CARTESIAN_POINT ( 'NONE',  ( 18.61236819899337291, 12.50000000000000000, -31.32880062554975353 ) ) ;
#2643 = DIRECTION ( 'NONE',  ( -0.000000000000000000, 1.000000000000000000, -0.000000000000000000 ) ) ;
#2644 = ADVANCED_FACE ( 'NONE', ( #3265 ), #5244, .T. ) ;
#2645 = DIRECTION ( 'NONE',  ( 0.000000000000000000, -1.000000000000000000, 0.000000000000000000 ) ) ;
#2646 = CARTESIAN_POINT ( 'NONE',  ( 17.04999999999970584, 0.000000000000000000, -30.24999999999998934 ) ) ;
#2647 = FACE_OUTER_BOUND ( 'NONE', #2581, .T. ) ;
#2648 = ORIENTED_EDGE ( 'NONE', *, *, #5026, .F. ) ;
#2649 = CARTESIAN_POINT ( 'NONE',  ( 18.19999999999999929, 10.85525754875708060, 16.71378748615546073 ) ) ;
#2650 = CARTESIAN_POINT ( 'NONE',  ( 10.83402830016236251, 11.70000000000000107, 25.00664158573503215 ) ) ;
#2651 = LINE ( 'NONE', #4740, #4944 ) ;
#2652 = DIRECTION ( 'NONE',  ( 5.412553747197527263E-17, -1.433700456506612432E-16, 1.000000000000000000 ) ) ;
#2653 = VERTEX_POINT ( 'NONE', #2033 ) ;
#2654 = ORIENTED_EDGE ( 'NONE', *, *, #301, .F. ) ;
#2655 = ORIENTED_EDGE ( 'NONE', *, *, #4924, .T. ) ;
#2656 = FACE_OUTER_BOUND ( 'NONE', #1172, .T. ) ;
#2657 = CYLINDRICAL_SURFACE ( 'NONE', #5374, 3.799999999999980282 ) ;
#2658 = ADVANCED_FACE ( 'NONE', ( #3697 ), #1507, .F. ) ;
#2659 = EDGE_LOOP ( 'NONE', ( #1605, #3237, #2547, #4743 ) ) ;
#2660 = EDGE_LOOP ( 'NONE', ( #2917, #3256, #4825, #2014 ) ) ;
#2661 = ORIENTED_EDGE ( 'NONE', *, *, #5253, .F. ) ;
#2662 = DIRECTION ( 'NONE',  ( 1.000000000000000000, 0.000000000000000000, -5.412553747197527263E-17 ) ) ;
#2663 = CARTESIAN_POINT ( 'NONE',  ( -9.223942020710227396, 13.19999999999999929, 7.900000000000103384 ) ) ;
#2664 = EDGE_CURVE ( 'NONE', #3399, #1101, #3288, .T. ) ;
#2665 = DIRECTION ( 'NONE',  ( -5.412553747197527263E-17, 0.000000000000000000, -1.000000000000000000 ) ) ;
#2666 = EDGE_CURVE ( 'NONE', #1729, #3399, #343, .T. ) ;
#2667 = VECTOR ( 'NONE', #4285, 1000.000000000000000 ) ;
#2668 = CARTESIAN_POINT ( 'NONE',  ( 18.44999999999969731, 4.000000000000000000, 27.74999999999999645 ) ) ;
#2669 = EDGE_CURVE ( 'NONE', #3888, #4608, #4458, .T. ) ;
#2670 = CYLINDRICAL_SURFACE ( 'NONE', #5219, 2.499999999999969358 ) ;
#2671 = DIRECTION ( 'NONE',  ( -1.000000000000000000, 0.000000000000000000, 0.000000000000000000 ) ) ;
#2672 = AXIS2_PLACEMENT_3D ( 'NONE', #236, #2343, #1409 ) ;
#2673 = VECTOR ( 'NONE', #2051, 1000.000000000000000 ) ;
#2674 = VERTEX_POINT ( 'NONE', #311 ) ;
#2675 = EDGE_LOOP ( 'NONE', ( #2309, #455 ) ) ;
#2676 = VECTOR ( 'NONE', #1670, 1000.000000000000000 ) ;
#2677 = AXIS2_PLACEMENT_3D ( 'NONE', #1307, #4682, #2591 ) ;
#2678 = LINE ( 'NONE', #2299, #2265 ) ;
#2679 = DIRECTION ( 'NONE',  ( -0.000000000000000000, -0.000000000000000000, -1.000000000000000000 ) ) ;
#2680 = DIRECTION ( 'NONE',  ( -0.000000000000000000, -0.000000000000000000, -1.000000000000000000 ) ) ;
#2681 = CARTESIAN_POINT ( 'NONE',  ( 18.61236819190969527, 12.50000000000000178, -31.32880063263343473 ) ) ;
#2682 = VECTOR ( 'NONE', #130, 1000.000000000000000 ) ;
#2683 = VERTEX_POINT ( 'NONE', #5302 ) ;
#2684 = EDGE_LOOP ( 'NONE', ( #1378, #4087, #5296, #4435 ) ) ;
#2685 = ORIENTED_EDGE ( 'NONE', *, *, #4139, .T. ) ;
#2686 = LINE ( 'NONE', #638, #1882 ) ;
#2687 = AXIS2_PLACEMENT_3D ( 'NONE', #2819, #4853, #1122 ) ;
#2688 = DIRECTION ( 'NONE',  ( -0.000000000000000000, -1.000000000000000000, -0.000000000000000000 ) ) ;
#2689 = AXIS2_PLACEMENT_3D ( 'NONE', #4632, #1603, #2480 ) ;
#2690 = ORIENTED_EDGE ( 'NONE', *, *, #4198, .F. ) ;
#2691 = ADVANCED_FACE ( 'NONE', ( #1566 ), #3676, .F. ) ;
#2692 = ORIENTED_EDGE ( 'NONE', *, *, #1227, .T. ) ;
#2693 = LINE ( 'NONE', #1460, #831 ) ;
#2694 = DIRECTION ( 'NONE',  ( -1.000000000000000000, 0.000000000000000000, 0.000000000000000000 ) ) ;
#2695 = CARTESIAN_POINT ( 'NONE',  ( -16.40000000000000213, 13.19999999999999929, 28.45000000000000284 ) ) ;
#2696 = AXIS2_PLACEMENT_3D ( 'NONE', #3316, #4055, #4485 ) ;
#2697 = DIRECTION ( 'NONE',  ( -0.000000000000000000, 1.000000000000000000, -0.000000000000000000 ) ) ;
#2698 = EDGE_CURVE ( 'NONE', #3236, #1224, #3729, .T. ) ;
#2699 = CIRCLE ( 'NONE', #4876, 2.499999999999969358 ) ;
#2700 = CARTESIAN_POINT ( 'NONE',  ( 19.00000000000000000, 13.19999999999999929, 28.45000000000000284 ) ) ;
#2701 = CARTESIAN_POINT ( 'NONE',  ( 13.39133194203905219, 11.70000000000000107, 19.96049258482525346 ) ) ;
#2702 = LINE ( 'NONE', #2294, #1535 ) ;
#2703 = LINE ( 'NONE', #1333, #767 ) ;
#2704 = CIRCLE ( 'NONE', #1305, 0.5000000000000004441 ) ;
#2705 = EDGE_LOOP ( 'NONE', ( #3158, #4803, #1310, #2337 ) ) ;
#2706 = EDGE_CURVE ( 'NONE', #5058, #5140, #69, .T. ) ;
#2707 = ORIENTED_EDGE ( 'NONE', *, *, #4004, .T. ) ;
#2708 = VECTOR ( 'NONE', #3055, 1000.000000000000000 ) ;
#2709 = CARTESIAN_POINT ( 'NONE',  ( -15.77499999999998437, 8.250000000000000000, 30.25000000000004263 ) ) ;
#2710 = PLANE ( 'NONE',  #2757 ) ;
#2711 = LINE ( 'NONE', #1396, #4765 ) ;
#2712 = DIRECTION ( 'NONE',  ( 0.000000000000000000, 1.000000000000000000, 0.000000000000000000 ) ) ;
#2713 = ORIENTED_EDGE ( 'NONE', *, *, #3396, .T. ) ;
#2714 = ORIENTED_EDGE ( 'NONE', *, *, #327, .F. ) ;
#2715 = ORIENTED_EDGE ( 'NONE', *, *, #539, .T. ) ;
#2716 = CARTESIAN_POINT ( 'NONE',  ( -15.07500000004169749, 5.099999999857725008, -32.04999999999999005 ) ) ;
#2717 = CARTESIAN_POINT ( 'NONE',  ( -20.00000000000000355, 10.85525754875699711, 3.213787486155459838 ) ) ;
#2718 = ORIENTED_EDGE ( 'NONE', *, *, #1767, .F. ) ;
#2719 = EDGE_LOOP ( 'NONE', ( #1981, #3715, #965, #822 ) ) ;
#2720 = ORIENTED_EDGE ( 'NONE', *, *, #4528, .T. ) ;
#2721 = VERTEX_POINT ( 'NONE', #3012 ) ;
#2722 = DIRECTION ( 'NONE',  ( 5.412553747197527263E-17, -0.000000000000000000, 1.000000000000000000 ) ) ;
#2723 = DIRECTION ( 'NONE',  ( 0.000000000000000000, 0.000000000000000000, 1.000000000000000000 ) ) ;
#2724 = CARTESIAN_POINT ( 'NONE',  ( -15.07500000004169749, 5.200000000000000178, -30.24999999999998934 ) ) ;
#2725 = CARTESIAN_POINT ( 'NONE',  ( 8.949999999963793584, 13.19999999999999929, 7.700000000000102318 ) ) ;
#2726 = DIRECTION ( 'NONE',  ( 0.000000000000000000, -1.000000000000000000, 0.000000000000000000 ) ) ;
#2727 = CARTESIAN_POINT ( 'NONE',  ( 16.29999999999999716, 11.69999999999999929, 30.24999999999998934 ) ) ;
#2728 = EDGE_CURVE ( 'NONE', #4350, #2027, #4208, .T. ) ;
#2729 = ORIENTED_EDGE ( 'NONE', *, *, #3835, .T. ) ;
#2730 = ORIENTED_EDGE ( 'NONE', *, *, #1896, .F. ) ;
#2731 = LINE ( 'NONE', #1417, #3050 ) ;
#2732 = DIRECTION ( 'NONE',  ( -0.000000000000000000, 1.000000000000000000, -0.000000000000000000 ) ) ;
#2733 = DIRECTION ( 'NONE',  ( 0.000000000000000000, -0.000000000000000000, 1.000000000000000000 ) ) ;
#2734 = EDGE_CURVE ( 'NONE', #2606, #2721, #5288, .T. ) ;
#2735 = ORIENTED_EDGE ( 'NONE', *, *, #2170, .F. ) ;
#2736 = VERTEX_POINT ( 'NONE', #2113 ) ;
#2737 = CARTESIAN_POINT ( 'NONE',  ( 15.23805964921783129, 11.70000000000000107, 19.22457089431215493 ) ) ;
#2738 = DIRECTION ( 'NONE',  ( 0.000000000000000000, 0.000000000000000000, 1.000000000000000000 ) ) ;
#2739 = EDGE_CURVE ( 'NONE', #2470, #4403, #1722, .T. ) ;
#2740 = LINE ( 'NONE', #3183, #1468 ) ;
#2741 = ORIENTED_EDGE ( 'NONE', *, *, #2981, .T. ) ;
#2742 = VERTEX_POINT ( 'NONE', #4232 ) ;
#2743 = ORIENTED_EDGE ( 'NONE', *, *, #3375, .T. ) ;
#2744 = ORIENTED_EDGE ( 'NONE', *, *, #2933, .F. ) ;
#2745 = DIRECTION ( 'NONE',  ( -0.000000000000000000, -1.000000000000000000, -0.000000000000000000 ) ) ;
#2746 = DIRECTION ( 'NONE',  ( 0.000000000000000000, 0.000000000000000000, 1.000000000000000000 ) ) ;
#2747 = LINE ( 'NONE', #5227, #4446 ) ;
#2748 = VECTOR ( 'NONE', #28, 1000.000000000000000 ) ;
#2749 = LINE ( 'NONE', #4411, #3462 ) ;
#2750 = DIRECTION ( 'NONE',  ( 0.000000000000000000, 1.000000000000000000, 0.000000000000000000 ) ) ;
#2751 = CARTESIAN_POINT ( 'NONE',  ( 18.19999999999999574, 11.70000000000000107, 3.838945420175287282 ) ) ;
#2752 = ORIENTED_EDGE ( 'NONE', *, *, #2177, .T. ) ;
#2753 = EDGE_CURVE ( 'NONE', #427, #4228, #3315, .T. ) ;
#2754 = EDGE_LOOP ( 'NONE', ( #291, #2214, #1068, #4918, #5213, #1852 ) ) ;
#2755 = DIRECTION ( 'NONE',  ( 2.287444056218751220E-17, 0.9063077870366479383, 0.4226182617407037156 ) ) ;
#2756 = CARTESIAN_POINT ( 'NONE',  ( -16.40000000000000213, 12.50000000000000000, 32.05000000000000426 ) ) ;
#2757 = AXIS2_PLACEMENT_3D ( 'NONE', #530, #1748, #3119 ) ;
#2758 = AXIS2_PLACEMENT_3D ( 'NONE', #732, #2403, #2837 ) ;
#2759 =( NAMED_UNIT ( * ) PLANE_ANGLE_UNIT ( ) SI_UNIT ( $, .RADIAN. ) );
#2760 = VECTOR ( 'NONE', #5251, 1000.000000000000114 ) ;
#2761 = AXIS2_PLACEMENT_3D ( 'NONE', #2668, #1436, #1056 ) ;
#2762 = EDGE_CURVE ( 'NONE', #2843, #2116, #4332, .T. ) ;
#2763 = ORIENTED_EDGE ( 'NONE', *, *, #2043, .T. ) ;
#2764 = ORIENTED_EDGE ( 'NONE', *, *, #3637, .T. ) ;
#2765 = LINE ( 'NONE', #2737, #1794 ) ;
#2766 = ADVANCED_FACE ( 'NONE', ( #1750 ), #42, .F. ) ;
#2767 = CARTESIAN_POINT ( 'NONE',  ( -20.00100000000001188, 8.259612155171568659, -4.869667632591987427 ) ) ;
#2768 = PLANE ( 'NONE',  #513 ) ;
#2769 = VECTOR ( 'NONE', #429, 1000.000000000000000 ) ;
#2770 = EDGE_LOOP ( 'NONE', ( #969, #2741, #3319, #365 ) ) ;
#2771 = ORIENTED_EDGE ( 'NONE', *, *, #1833, .F. ) ;
#2772 = ADVANCED_FACE ( 'NONE', ( #3421 ), #904, .F. ) ;
#2773 = ORIENTED_EDGE ( 'NONE', *, *, #2537, .T. ) ;
#2774 = AXIS2_PLACEMENT_3D ( 'NONE', #4885, #5239, #281 ) ;
#2775 = VERTEX_POINT ( 'NONE', #818 ) ;
#2776 = CARTESIAN_POINT ( 'NONE',  ( -16.94999999999999218, 8.750000000000000000, 28.49951569184058187 ) ) ;
#2777 = CARTESIAN_POINT ( 'NONE',  ( -19.93804677753134413, 5.380935936373175466, 29.11500000000015120 ) ) ;
#2778 = DIRECTION ( 'NONE',  ( 0.000000000000000000, 0.000000000000000000, 1.000000000000000000 ) ) ;
#2779 = CIRCLE ( 'NONE', #247, 4.599999999999999645 ) ;
#2780 = DIRECTION ( 'NONE',  ( 0.000000000000000000, 1.000000000000000000, -0.000000000000000000 ) ) ;
#2781 = CIRCLE ( 'NONE', #2959, 3.000000000041469495 ) ;
#2782 = FACE_BOUND ( 'NONE', #2059, .T. ) ;
#2783 = DIRECTION ( 'NONE',  ( 1.000000000000000000, 0.000000000000000000, 0.000000000000000000 ) ) ;
#2784 = CARTESIAN_POINT ( 'NONE',  ( -18.20000000000000284, 1.855257548757038855, -32.04999999999999005 ) ) ;
#2785 = VECTOR ( 'NONE', #2025, 1000.000000000000000 ) ;
#2786 = ORIENTED_EDGE ( 'NONE', *, *, #3184, .F. ) ;
#2787 = ORIENTED_EDGE ( 'NONE', *, *, #4699, .T. ) ;
#2788 = LINE ( 'NONE', #4047, #2179 ) ;
#2789 = CARTESIAN_POINT ( 'NONE',  ( -18.12129160594466626, 13.99999999999999822, 30.68860733016675724 ) ) ;
#2790 = AXIS2_PLACEMENT_3D ( 'NONE', #1147, #4093, #3278 ) ;
#2791 = CARTESIAN_POINT ( 'NONE',  ( -18.20000000000000284, 8.699999999859237221, 21.24264564540182576 ) ) ;
#2792 = VERTEX_POINT ( 'NONE', #1338 ) ;
#2793 = AXIS2_PLACEMENT_3D ( 'NONE', #2695, #543, #5196 ) ;
#2794 = ORIENTED_EDGE ( 'NONE', *, *, #1227, .F. ) ;
#2795 = ORIENTED_EDGE ( 'NONE', *, *, #4533, .F. ) ;
#2796 = ORIENTED_EDGE ( 'NONE', *, *, #1087, .F. ) ;
#2797 = CARTESIAN_POINT ( 'NONE',  ( -16.40000000000000213, 14.00000000000000000, 31.05000000000000071 ) ) ;
#2798 = CARTESIAN_POINT ( 'NONE',  ( 16.39999999999999858, 13.19999999999999929, -31.04999999999998650 ) ) ;
#2799 = CARTESIAN_POINT ( 'NONE',  ( 13.26626493730645429, 11.70000000000000107, 19.61745362678454541 ) ) ;
#2800 = FACE_OUTER_BOUND ( 'NONE', #1137, .T. ) ;
#2801 = EDGE_CURVE ( 'NONE', #4389, #747, #476, .T. ) ;
#2802 = ORIENTED_EDGE ( 'NONE', *, *, #4391, .T. ) ;
#2803 = ORIENTED_EDGE ( 'NONE', *, *, #1733, .T. ) ;
#2804 = ORIENTED_EDGE ( 'NONE', *, *, #5335, .F. ) ;
#2805 = VERTEX_POINT ( 'NONE', #502 ) ;
#2806 = CARTESIAN_POINT ( 'NONE',  ( 16.40000000000000213, 14.00000000000000000, 31.25000000000000000 ) ) ;
#2807 = DIRECTION ( 'NONE',  ( 0.000000000000000000, 0.000000000000000000, 1.000000000000000000 ) ) ;
#2808 = LINE ( 'NONE', #704, #2096 ) ;
#2809 = EDGE_CURVE ( 'NONE', #3045, #799, #328, .T. ) ;
#2810 = LINE ( 'NONE', #2020, #5108 ) ;
#2811 =( BOUNDED_SURFACE ( )  B_SPLINE_SURFACE ( 2, 3, ( 
 ( #1745, #1715, #3825, #791, #1663, #4611, #3794, #4123, #2483, #5373 ),
 ( #874, #5042, #2920, #92, #2462, #811, #4225, #4554, #60, #414 ),
 ( #3356, #3714, #4148, #2545, #1639, #3309, #11, #4203, #470, #3387 ) ),
 .UNSPECIFIED., .F., .F., .T. ) 
 B_SPLINE_SURFACE_WITH_KNOTS ( ( 3, 3 ),
 ( 4, 2, 2, 2, 4 ),
 ( 0.000000000000000000, 1.000000000000000000 ),
 ( 3.141592653589793116, 3.534291735288517255, 3.926990816987241395, 4.319689898685965090, 4.712388980384689674 ),
 .UNSPECIFIED. ) 
 GEOMETRIC_REPRESENTATION_ITEM ( )  RATIONAL_B_SPLINE_SURFACE ( (
 ( 1.000000000000000000, 1.000000000000000000, 1.000000000000000000, 1.000000000000000000, 1.000000000000000000, 1.000000000000000000, 1.000000000000000000, 1.000000000000000000, 1.000000000000000000, 1.000000000000000000),
 ( 0.7071067811865467956, 0.7071067811865467956, 0.7071067811865467956, 0.7071067811865467956, 0.7071067811865467956, 0.7071067811865467956, 0.7071067811865467956, 0.7071067811865467956, 0.7071067811865467956, 0.7071067811865467956),
 ( 1.000000000000000000, 1.000000000000000000, 1.000000000000000000, 1.000000000000000000, 1.000000000000000000, 1.000000000000000000, 1.000000000000000000, 1.000000000000000000, 1.000000000000000000, 1.000000000000000000) ) ) 
 REPRESENTATION_ITEM ( '' )  SURFACE ( )  );
#2812 = LINE ( 'NONE', #2429, #4959 ) ;
#2813 = CYLINDRICAL_SURFACE ( 'NONE', #2758, 3.599999999999999201 ) ;
#2814 = LINE ( 'NONE', #2751, #1291 ) ;
#2815 = EDGE_CURVE ( 'NONE', #853, #3614, #4969, .T. ) ;
#2816 = VERTEX_POINT ( 'NONE', #2165 ) ;
#2817 = DIRECTION ( 'NONE',  ( -4.905439608839507105E-17, -0.4226182617407037712, 0.9063077870366480493 ) ) ;
#2818 = CARTESIAN_POINT ( 'NONE',  ( -16.32500000000116813, 8.250000000000000000, -26.24999999999998934 ) ) ;
#2819 = CARTESIAN_POINT ( 'NONE',  ( 13.25206524156599563, 11.70000000000000107, 19.81694891154305083 ) ) ;
#2820 = ORIENTED_EDGE ( 'NONE', *, *, #2739, .T. ) ;
#2821 = VERTEX_POINT ( 'NONE', #2602 ) ;
#2822 = DIRECTION ( 'NONE',  ( -0.000000000000000000, 1.000000000000000000, -0.000000000000000000 ) ) ;
#2823 = CARTESIAN_POINT ( 'NONE',  ( 19.99999999999428013, 14.00000000000000000, 28.92132385417775353 ) ) ;
#2824 = CARTESIAN_POINT ( 'NONE',  ( -13.53605915637521306, 13.19999999999999929, 15.82704321637308809 ) ) ;
#2825 = DIRECTION ( 'NONE',  ( 0.000000000000000000, 0.000000000000000000, -1.000000000000000000 ) ) ;
#2826 = ORIENTED_EDGE ( 'NONE', *, *, #3500, .F. ) ;
#2827 = ORIENTED_EDGE ( 'NONE', *, *, #5223, .T. ) ;
#2828 = ORIENTED_EDGE ( 'NONE', *, *, #168, .T. ) ;
#2829 = ORIENTED_EDGE ( 'NONE', *, *, #2631, .F. ) ;
#2830 = ADVANCED_FACE ( 'NONE', ( #3338 ), #1232, .F. ) ;
#2831 = CARTESIAN_POINT ( 'NONE',  ( 17.13353340198695562, 14.00000000000000178, 31.17678143145286285 ) ) ;
#2832 = DIRECTION ( 'NONE',  ( 1.000000000000000000, -2.736911063134408342E-48, -1.654744174222709694E-16 ) ) ;
#2833 = EDGE_CURVE ( 'NONE', #1416, #1359, #851, .T. ) ;
#2834 = CARTESIAN_POINT ( 'NONE',  ( -16.64999999999999147, 8.750000000000000000, 28.79951569184058258 ) ) ;
#2835 = PLANE ( 'NONE',  #1134 ) ;
#2836 = EDGE_CURVE ( 'NONE', #1616, #1176, #420, .T. ) ;
#2837 = DIRECTION ( 'NONE',  ( 0.000000000000000000, 0.000000000000000000, -1.000000000000000000 ) ) ;
#2838 = DIRECTION ( 'NONE',  ( 1.000000000000000000, 0.000000000000000000, -0.000000000000000000 ) ) ;
#2839 = EDGE_CURVE ( 'NONE', #1086, #1011, #2086, .T. ) ;
#2840 = ORIENTED_EDGE ( 'NONE', *, *, #705, .F. ) ;
#2841 = DIRECTION ( 'NONE',  ( 0.000000000000000000, 0.000000000000000000, 1.000000000000000000 ) ) ;
#2842 = FACE_OUTER_BOUND ( 'NONE', #3562, .T. ) ;
#2843 = VERTEX_POINT ( 'NONE', #4587 ) ;
#2844 = VERTEX_POINT ( 'NONE', #2521 ) ;
#2845 = VECTOR ( 'NONE', #1556, 1000.000000000000000 ) ;
#2846 = ORIENTED_EDGE ( 'NONE', *, *, #3468, .F. ) ;
#2847 = DIRECTION ( 'NONE',  ( -5.412553747197527263E-17, 0.000000000000000000, -1.000000000000000000 ) ) ;
#2848 = CARTESIAN_POINT ( 'NONE',  ( -18.19999999999999574, 8.250000000000000000, -26.24999999999998934 ) ) ;
#2849 = PLANE ( 'NONE',  #505 ) ;
#2850 = CYLINDRICAL_SURFACE ( 'NONE', #860, 2.499999999999998668 ) ;
#2851 = CIRCLE ( 'NONE', #925, 0.5000000000000004441 ) ;
#2852 = VECTOR ( 'NONE', #1494, 1000.000000000000000 ) ;
#2853 = ORIENTED_EDGE ( 'NONE', *, *, #3870, .T. ) ;
#2854 = EDGE_LOOP ( 'NONE', ( #1754, #1677, #467, #3596 ) ) ;
#2855 = ORIENTED_EDGE ( 'NONE', *, *, #36, .T. ) ;
#2856 = ORIENTED_EDGE ( 'NONE', *, *, #1358, .F. ) ;
#2857 = CARTESIAN_POINT ( 'NONE',  ( 17.80949381925754693, 13.99999999999999822, 30.89694395061034982 ) ) ;
#2858 = VECTOR ( 'NONE', #3973, 1000.000000000000000 ) ;
#2859 = CIRCLE ( 'NONE', #3297, 1.750000000000018874 ) ;
#2860 = CARTESIAN_POINT ( 'NONE',  ( -20.00000000000000355, 10.85525754875708060, 15.21378748615546073 ) ) ;
#2861 = EDGE_CURVE ( 'NONE', #2145, #2736, #4184, .T. ) ;
#2862 = AXIS2_PLACEMENT_3D ( 'NONE', #2130, #2050, #4964 ) ;
#2863 = LINE ( 'NONE', #1961, #5286 ) ;
#2864 = CARTESIAN_POINT ( 'NONE',  ( 20.00100000000000833, 10.09999999985903862, 21.24264564540181865 ) ) ;
#2865 = CIRCLE ( 'NONE', #2515, 0.5000000000000004441 ) ;
#2866 = CARTESIAN_POINT ( 'NONE',  ( -13.17605797928974454, 11.70000000000000107, 7.900000000000103384 ) ) ;
#2867 = EDGE_CURVE ( 'NONE', #882, #3171, #2711, .T. ) ;
#2868 = VECTOR ( 'NONE', #1008, 1000.000000000000000 ) ;
#2869 = ADVANCED_FACE ( 'NONE', ( #221 ), #5153, .F. ) ;
#2870 = VERTEX_POINT ( 'NONE', #1365 ) ;
#2871 = DIRECTION ( 'NONE',  ( -0.000000000000000000, 1.000000000000000000, -0.000000000000000000 ) ) ;
#2872 = PLANE ( 'NONE',  #4082 ) ;
#2873 = VECTOR ( 'NONE', #1088, 1000.000000000000000 ) ;
#2874 = EDGE_CURVE ( 'NONE', #2843, #3215, #1832, .T. ) ;
#2875 = VERTEX_POINT ( 'NONE', #608 ) ;
#2876 = VERTEX_POINT ( 'NONE', #4263 ) ;
#2877 = AXIS2_PLACEMENT_3D ( 'NONE', #4710, #1437, #3582 ) ;
#2878 = VERTEX_POINT ( 'NONE', #5098 ) ;
#2879 = DIRECTION ( 'NONE',  ( 0.000000000000000000, -0.9063077870366478273, -0.4226182617407038822 ) ) ;
#2880 = DIRECTION ( 'NONE',  ( 0.7057733216852296598, 0.000000000000000000, -0.7084377307833042980 ) ) ;
#2881 = DIRECTION ( 'NONE',  ( -0.7057733216852319913, 0.000000000000000000, 0.7084377307833018556 ) ) ;
#2882 = DIRECTION ( 'NONE',  ( 0.000000000000000000, 0.000000000000000000, 1.000000000000000000 ) ) ;
#2883 = AXIS2_PLACEMENT_3D ( 'NONE', #1109, #3624, #2778 ) ;
#2884 = EDGE_LOOP ( 'NONE', ( #1257, #209, #814, #4946 ) ) ;
#2885 = ORIENTED_EDGE ( 'NONE', *, *, #3396, .F. ) ;
#2886 = VERTEX_POINT ( 'NONE', #3503 ) ;
#2887 = ORIENTED_EDGE ( 'NONE', *, *, #432, .T. ) ;
#2888 = CARTESIAN_POINT ( 'NONE',  ( 17.04999999999970939, 0.000000000000000000, -30.24999999999998934 ) ) ;
#2889 = CARTESIAN_POINT ( 'NONE',  ( 18.19999999999999574, 9.632466196467996511, -16.96929045201742881 ) ) ;
#2890 = DIRECTION ( 'NONE',  ( 0.000000000000000000, 0.000000000000000000, -1.000000000000000000 ) ) ;
#2891 = CARTESIAN_POINT ( 'NONE',  ( -16.39999999999999858, 14.00000000000000000, 31.25000000000000000 ) ) ;
#2892 = LINE ( 'NONE', #5, #3127 ) ;
#2893 = ORIENTED_EDGE ( 'NONE', *, *, #1104, .T. ) ;
#2894 = EDGE_CURVE ( 'NONE', #1867, #3171, #3474, .T. ) ;
#2895 = LINE ( 'NONE', #385, #4015 ) ;
#2896 = CARTESIAN_POINT ( 'NONE',  ( -16.29999999999999716, 9.599999999859038624, 27.54264080459935826 ) ) ;
#2897 = CARTESIAN_POINT ( 'NONE',  ( -19.54563099807532822, 12.49999999999999822, -30.26302832933522069 ) ) ;
#2898 = ORIENTED_EDGE ( 'NONE', *, *, #4227, .T. ) ;
#2899 = ADVANCED_FACE ( 'NONE', ( #3444 ), #3040, .F. ) ;
#2900 = CARTESIAN_POINT ( 'NONE',  ( 20.00100000000000833, 8.199999999859237221, 28.04264080459935471 ) ) ;
#2901 = CARTESIAN_POINT ( 'NONE',  ( 7.058141029146305812, 13.19999999999999929, 28.79678344542583801 ) ) ;
#2902 = DIRECTION ( 'NONE',  ( -1.000000000000000000, -0.000000000000000000, 5.412553747197527263E-17 ) ) ;
#2903 = CARTESIAN_POINT ( 'NONE',  ( -8.050000000036208192, 11.70000000000000107, 11.90000000000010338 ) ) ;
#2904 = LINE ( 'NONE', #3364, #4773 ) ;
#2905 = ORIENTED_EDGE ( 'NONE', *, *, #2929, .F. ) ;
#2906 = ORIENTED_EDGE ( 'NONE', *, *, #5123, .T. ) ;
#2907 = ORIENTED_EDGE ( 'NONE', *, *, #1998, .T. ) ;
#2908 = ORIENTED_EDGE ( 'NONE', *, *, #268, .T. ) ;
#2909 = ADVANCED_FACE ( 'NONE', ( #3558 ), #5210, .F. ) ;
#2910 = CARTESIAN_POINT ( 'NONE',  ( -16.39999999999999503, 12.50000000000000000, 32.05000000000000426 ) ) ;
#2911 = CARTESIAN_POINT ( 'NONE',  ( -5.466666666666688990, 14.00000000000000000, -32.04999999999999005 ) ) ;
#2912 = LINE ( 'NONE', #3785, #3648 ) ;
#2913 = CARTESIAN_POINT ( 'NONE',  ( -16.32500000000116813, 13.19999999999999929, 7.700000000000102318 ) ) ;
#2914 = CARTESIAN_POINT ( 'NONE',  ( -19.54563100190894431, 12.50000000000000000, 30.26302832008008181 ) ) ;
#2915 = CARTESIAN_POINT ( 'NONE',  ( -20.00000000000000711, 14.00000000000000000, -9.483333333333318294 ) ) ;
#2916 = CARTESIAN_POINT ( 'NONE',  ( 16.39999999999999858, 12.50000000000000000, -32.04999999999999005 ) ) ;
#2917 = ORIENTED_EDGE ( 'NONE', *, *, #1233, .T. ) ;
#2918 = ORIENTED_EDGE ( 'NONE', *, *, #4132, .T. ) ;
#2919 = LINE ( 'NONE', #4577, #178 ) ;
#2920 = CARTESIAN_POINT ( 'NONE',  ( -17.34229239294860747, 13.99999999999968203, -31.95630163217305508 ) ) ;
#2921 = ADVANCED_FACE ( 'NONE', ( #2193 ), #2276, .F. ) ;
#2922 = ORIENTED_EDGE ( 'NONE', *, *, #223, .T. ) ;
#2923 = CARTESIAN_POINT ( 'NONE',  ( 10.83402830016236251, 13.19999999999999929, 25.00664158573503215 ) ) ;
#2924 = FACE_OUTER_BOUND ( 'NONE', #3216, .T. ) ;
#2925 = DIRECTION ( 'NONE',  ( -4.905439608839507105E-17, -0.4226182617407037156, 0.9063077870366480493 ) ) ;
#2926 = CARTESIAN_POINT ( 'NONE',  ( -20.00100000000001543, 8.759612155171570436, -16.46929045201742170 ) ) ;
#2927 = CARTESIAN_POINT ( 'NONE',  ( -16.40000000000000213, 12.50000000000000000, 32.05000000000000426 ) ) ;
#2928 = ORIENTED_EDGE ( 'NONE', *, *, #633, .T. ) ;
#2929 = EDGE_CURVE ( 'NONE', #4403, #1359, #961, .T. ) ;
#2930 = AXIS2_PLACEMENT_3D ( 'NONE', #909, #3728, #3017 ) ;
#2931 = EDGE_LOOP ( 'NONE', ( #5053, #4542 ) ) ;
#2932 = VERTEX_POINT ( 'NONE', #1858 ) ;
#2933 = EDGE_CURVE ( 'NONE', #5077, #3951, #5121, .T. ) ;
#2934 = ORIENTED_EDGE ( 'NONE', *, *, #2490, .F. ) ;
#2935 = DIRECTION ( 'NONE',  ( -5.412553747197527263E-17, 0.000000000000000000, -1.000000000000000000 ) ) ;
#2936 = DIRECTION ( 'NONE',  ( 0.000000000000000000, -1.000000000000000000, 0.000000000000000000 ) ) ;
#2937 = VECTOR ( 'NONE', #3717, 1000.000000000000000 ) ;
#2938 = EDGE_CURVE ( 'NONE', #1520, #4920, #632, .T. ) ;
#2939 = VECTOR ( 'NONE', #5060, 1000.000000000000000 ) ;
#2940 = CIRCLE ( 'NONE', #4076, 1.000000000000000888 ) ;
#2941 = CARTESIAN_POINT ( 'NONE',  ( -9.223942020710227396, 11.70000000000000107, 7.900000000000103384 ) ) ;
#2942 = CARTESIAN_POINT ( 'NONE',  ( 19.99999999999999289, 8.759612155171570436, -16.96929045201742881 ) ) ;
#2943 = DIRECTION ( 'NONE',  ( 0.000000000000000000, 1.000000000000000000, 0.000000000000000000 ) ) ;
#2944 = CARTESIAN_POINT ( 'NONE',  ( 17.13289408340461151, 14.00000000000000000, -31.17712349168986208 ) ) ;
#2945 = PLANE ( 'NONE',  #1723 ) ;
#2946 = AXIS2_PLACEMENT_3D ( 'NONE', #4561, #5073, #17 ) ;
#2947 = AXIS2_PLACEMENT_3D ( 'NONE', #3760, #1704, #2997 ) ;
#2948 = EDGE_CURVE ( 'NONE', #1529, #3784, #2248, .T. ) ;
#2949 = ORIENTED_EDGE ( 'NONE', *, *, #5093, .T. ) ;
#2950 = FACE_OUTER_BOUND ( 'NONE', #4638, .T. ) ;
#2951 = AXIS2_PLACEMENT_3D ( 'NONE', #1607, #3176, #2733 ) ;
#2952 = FACE_OUTER_BOUND ( 'NONE', #2320, .T. ) ;
#2953 = DIRECTION ( 'NONE',  ( 0.000000000000000000, 0.000000000000000000, -1.000000000000000000 ) ) ;
#2954 = PRODUCT_DEFINITION_CONTEXT ( 'detailed design', #829, 'design' ) ;
#2955 = AXIS2_PLACEMENT_3D ( 'NONE', #4843, #4172, #4527 ) ;
#2956 = ORIENTED_EDGE ( 'NONE', *, *, #595, .T. ) ;
#2957 = DIRECTION ( 'NONE',  ( 0.000000000000000000, -1.000000000000000000, 0.000000000000000000 ) ) ;
#2958 = CARTESIAN_POINT ( 'NONE',  ( -20.00000000000000711, 14.00000000000000000, 28.44999999999999929 ) ) ;
#2959 = AXIS2_PLACEMENT_3D ( 'NONE', #44, #1672, #4588 ) ;
#2960 =( LENGTH_UNIT ( ) NAMED_UNIT ( * ) SI_UNIT ( .MILLI., .METRE. ) );
#2961 = DIRECTION ( 'NONE',  ( 0.000000000000000000, 0.000000000000000000, -1.000000000000000000 ) ) ;
#2962 = DIRECTION ( 'NONE',  ( 0.000000000000000000, -1.000000000000000000, 0.000000000000000000 ) ) ;
#2963 = ORIENTED_EDGE ( 'NONE', *, *, #4040, .T. ) ;
#2964 = AXIS2_PLACEMENT_3D ( 'NONE', #876, #2548, #847 ) ;
#2965 = ORIENTED_EDGE ( 'NONE', *, *, #1861, .F. ) ;
#2966 = VERTEX_POINT ( 'NONE', #5128 ) ;
#2967 = LINE ( 'NONE', #2556, #3887 ) ;
#2968 = B_SPLINE_CURVE_WITH_KNOTS ( 'NONE', 3,
 ( #4852, #5292, #2323, #3994, #250, #2789, #1121, #3588, #4451, #1969 ),
 .UNSPECIFIED., .F., .F.,
 ( 4, 2, 2, 2, 4 ),
 ( 0.000000000000000000, 0.2500000000000000000, 0.5000000000000000000, 0.7500000000000000000, 1.000000000000000000 ),
 .UNSPECIFIED. ) ;
#2969 = DIRECTION ( 'NONE',  ( 0.000000000000000000, 0.000000000000000000, -1.000000000000000000 ) ) ;
#2970 = EDGE_CURVE ( 'NONE', #1837, #4983, #3120, .T. ) ;
#2971 = AXIS2_PLACEMENT_3D ( 'NONE', #3876, #3932, #5146 ) ;
#2972 = CIRCLE ( 'NONE', #2883, 3.599999999999999201 ) ;
#2973 = CARTESIAN_POINT ( 'NONE',  ( 19.99999999999999645, 12.50000000000000000, -28.44999999999998863 ) ) ;
#2974 = CARTESIAN_POINT ( 'NONE',  ( 17.13357302733045984, 14.00000000000000000, -31.17691953992610010 ) ) ;
#2975 = EDGE_CURVE ( 'NONE', #1967, #4593, #2340, .T. ) ;
#2976 = CARTESIAN_POINT ( 'NONE',  ( -20.00000000000000000, 12.50000000000000000, 28.92132385417751195 ) ) ;
#2977 = CARTESIAN_POINT ( 'NONE',  ( 16.39999999999999503, 14.00000000000000000, -31.24999999999998934 ) ) ;
#2978 = CARTESIAN_POINT ( 'NONE',  ( -17.80594073601374561, 4.000000000000000000, 30.38953339543472509 ) ) ;
#2979 = ORIENTED_EDGE ( 'NONE', *, *, #2278, .F. ) ;
#2980 = CARTESIAN_POINT ( 'NONE',  ( 19.99999999999999289, 8.259612155171570436, -16.96929045201742881 ) ) ;
#2981 = EDGE_CURVE ( 'NONE', #1342, #1997, #2651, .T. ) ;
#2982 = DIRECTION ( 'NONE',  ( 0.000000000000000000, 0.000000000000000000, -1.000000000000000000 ) ) ;
#2983 = LINE ( 'NONE', #4637, #1637 ) ;
#2984 = VERTEX_POINT ( 'NONE', #2358 ) ;
#2985 = CARTESIAN_POINT ( 'NONE',  ( -15.77499999999998437, -4.162030754331431659, 30.25000000000004263 ) ) ;
#2986 =( BOUNDED_SURFACE ( )  B_SPLINE_SURFACE ( 2, 3, ( 
 ( #5005, #3025, #5085, #438, #4680, #488, #1269, #2944, #948, #2977 ),
 ( #866, #1327, #405, #2538, #2071, #464, #4631, #2124, #3000, #3788 ),
 ( #891, #2562, #4219, #3956, #5115, #2642, #3082, #3543, #5197, #1465 ) ),
 .UNSPECIFIED., .F., .F., .F. ) 
 B_SPLINE_SURFACE_WITH_KNOTS ( ( 3, 3 ),
 ( 4, 2, 2, 2, 4 ),
 ( 0.000000000000000000, 1.000000000000000000 ),
 ( 1.570796326794896558, 1.963495408493621142, 2.356194490192345725, 2.748893571891070309, 3.141592653589794448 ),
 .UNSPECIFIED. ) 
 GEOMETRIC_REPRESENTATION_ITEM ( )  RATIONAL_B_SPLINE_SURFACE ( (
 ( 1.000000000000000000, 1.000000000000000000, 1.000000000000000000, 1.000000000000000000, 1.000000000000000000, 1.000000000000000000, 1.000000000000000000, 1.000000000000000000, 1.000000000000000000, 1.000000000000000000),
 ( 0.7071067811865467956, 0.7071067811865467956, 0.7071067811865467956, 0.7071067811865467956, 0.7071067811865462405, 0.7071067811865462405, 0.7071067811865467956, 0.7071067811865467956, 0.7071067811865467956, 0.7071067811865467956),
 ( 1.000000000000000000, 1.000000000000000000, 1.000000000000000000, 1.000000000000000000, 1.000000000000000000, 1.000000000000000000, 1.000000000000000000, 1.000000000000000000, 1.000000000000000000, 1.000000000000000000) ) ) 
 REPRESENTATION_ITEM ( '' )  SURFACE ( )  );
#2987 = CARTESIAN_POINT ( 'NONE',  ( -16.29999999999999716, 8.250000000000000000, 30.24999999999998934 ) ) ;
#2988 = CARTESIAN_POINT ( 'NONE',  ( -8.050000000036208192, 11.70000000000000107, 7.700000000000102318 ) ) ;
#2989 = VERTEX_POINT ( 'NONE', #4936 ) ;
#2990 = ORIENTED_EDGE ( 'NONE', *, *, #3901, .F. ) ;
#2991 = EDGE_LOOP ( 'NONE', ( #1955, #4453, #4404, #5260, #349, #2979, #3805, #3358, #2058, #2576, #4150, #778, #4352, #4906, #2117, #3906 ) ) ;
#2992 = CARTESIAN_POINT ( 'NONE',  ( -18.00000000000000355, 10.85525754875699711, 4.713787486155460726 ) ) ;
#2993 = DIRECTION ( 'NONE',  ( -4.905439608839507105E-17, 0.4226182617407037156, -0.9063077870366480493 ) ) ;
#2994 = PRODUCT ( 'ио©г', 'ио©г', '', ( #4231 ) ) ;
#2995 = ORIENTED_EDGE ( 'NONE', *, *, #3367, .F. ) ;
#2996 = EDGE_CURVE ( 'NONE', #986, #2038, #3202, .T. ) ;
#2997 = DIRECTION ( 'NONE',  ( 0.000000000000000000, 0.000000000000000000, -1.000000000000000000 ) ) ;
#2998 = CARTESIAN_POINT ( 'NONE',  ( -18.00000000000000355, 1.855257548756997554, 0.5170185627604219070 ) ) ;
#2999 = CARTESIAN_POINT ( 'NONE',  ( -19.99999999999428013, 14.00000000000000000, 28.92132385417851737 ) ) ;
#3000 = CARTESIAN_POINT ( 'NONE',  ( 16.87132385417745795, 14.00000000000158984, -32.04999999999616733 ) ) ;
#3001 = CARTESIAN_POINT ( 'NONE',  ( -18.20000000000000284, 8.699999999859237221, 21.24264564540182576 ) ) ;
#3002 = ADVANCED_FACE ( 'NONE', ( #2026 ), #3692, .F. ) ;
#3003 = ORIENTED_EDGE ( 'NONE', *, *, #2605, .F. ) ;
#3004 = FACE_OUTER_BOUND ( 'NONE', #2473, .T. ) ;
#3005 = ADVANCED_FACE ( 'NONE', ( #5349 ), #3282, .T. ) ;
#3006 = DIRECTION ( 'NONE',  ( 0.000000000000000000, 0.000000000000000000, 1.000000000000000000 ) ) ;
#3007 = PLANE ( 'NONE',  #1996 ) ;
#3008 = ADVANCED_FACE ( 'NONE', ( #4049 ), #5325, .F. ) ;
#3009 = ORIENTED_EDGE ( 'NONE', *, *, #3636, .T. ) ;
#3010 = LINE ( 'NONE', #4661, #3398 ) ;
#3011 = LINE ( 'NONE', #928, #3804 ) ;
#3012 = CARTESIAN_POINT ( 'NONE',  ( 13.26626493730645429, 13.19999999999999929, 19.61745362678454185 ) ) ;
#3013 = DIRECTION ( 'NONE',  ( -0.000000000000000000, 1.000000000000000000, -0.000000000000000000 ) ) ;
#3014 = ORIENTED_EDGE ( 'NONE', *, *, #4555, .F. ) ;
#3015 = ORIENTED_EDGE ( 'NONE', *, *, #2213, .T. ) ;
#3016 = ORIENTED_EDGE ( 'NONE', *, *, #4606, .F. ) ;
#3017 = DIRECTION ( 'NONE',  ( 0.000000000000000000, 0.000000000000000000, 1.000000000000000000 ) ) ;
#3018 = LINE ( 'NONE', #2143, #759 ) ;
#3019 = ORIENTED_EDGE ( 'NONE', *, *, #4040, .F. ) ;
#3020 = FACE_OUTER_BOUND ( 'NONE', #3812, .T. ) ;
#3021 = VECTOR ( 'NONE', #4421, 1000.000000000000000 ) ;
#3022 = AXIS2_PLACEMENT_3D ( 'NONE', #3226, #299, #1115 ) ;
#3023 = CARTESIAN_POINT ( 'NONE',  ( 18.12129160594765054, 13.99999999999999822, -30.68860733016492048 ) ) ;
#3024 = DIRECTION ( 'NONE',  ( -0.000000000000000000, -0.9063077870366479383, -0.4226182617407036601 ) ) ;
#3025 = CARTESIAN_POINT ( 'NONE',  ( 19.19999999999427232, 14.00000000000000000, -28.81658521991554522 ) ) ;
#3026 = DIRECTION ( 'NONE',  ( -0.000000000000000000, -0.000000000000000000, -1.000000000000000000 ) ) ;
#3027 = B_SPLINE_CURVE_WITH_KNOTS ( 'NONE', 3,
 ( #1988, #1081, #5313, #2375, #3750, #1577, #4468, #1144, #675, #4409 ),
 .UNSPECIFIED., .F., .F.,
 ( 4, 2, 2, 2, 4 ),
 ( 0.000000000000000000, 0.2500000000000000000, 0.5000000000000000000, 0.7500000000000000000, 1.000000000000000000 ),
 .UNSPECIFIED. ) ;
#3028 = VECTOR ( 'NONE', #1027, 1000.000000000000227 ) ;
#3029 = CARTESIAN_POINT ( 'NONE',  ( -18.20000000000000284, 5.494999999858735329, 21.42499999999978755 ) ) ;
#3030 = FACE_BOUND ( 'NONE', #2991, .T. ) ;
#3031 = AXIS2_PLACEMENT_3D ( 'NONE', #1591, #4129, #1926 ) ;
#3032 = LINE ( 'NONE', #2784, #2167 ) ;
#3033 = ADVANCED_FACE ( 'NONE', ( #1502 ), #4073, .F. ) ;
#3034 = EDGE_CURVE ( 'NONE', #1101, #262, #1375, .T. ) ;
#3035 = AXIS2_PLACEMENT_3D ( 'NONE', #1066, #4772, #1478 ) ;
#3036 = ORIENTED_EDGE ( 'NONE', *, *, #2209, .F. ) ;
#3037 = DIRECTION ( 'NONE',  ( 0.000000000000000000, 1.000000000000000000, 0.000000000000000000 ) ) ;
#3038 = CARTESIAN_POINT ( 'NONE',  ( 16.22500000000117026, 11.70000000000000107, 7.700000000000102318 ) ) ;
#3039 = LINE ( 'NONE', #5097, #528 ) ;
#3040 = CYLINDRICAL_SURFACE ( 'NONE', #3035, 2.599999999999998312 ) ;
#3041 = LINE ( 'NONE', #649, #1623 ) ;
#3042 = EDGE_CURVE ( 'NONE', #4034, #1698, #765, .T. ) ;
#3043 = VECTOR ( 'NONE', #1031, 1000.000000000000000 ) ;
#3044 = CARTESIAN_POINT ( 'NONE',  ( -20.00000000000000355, 1.855257548757039521, 6.517018562760421574 ) ) ;
#3045 = VERTEX_POINT ( 'NONE', #2791 ) ;
#3046 = ORIENTED_EDGE ( 'NONE', *, *, #4757, .T. ) ;
#3047 = DIRECTION ( 'NONE',  ( 0.000000000000000000, 0.000000000000000000, 1.000000000000000000 ) ) ;
#3048 = LINE ( 'NONE', #1484, #2508 ) ;
#3049 = EDGE_CURVE ( 'NONE', #4725, #4379, #3122, .T. ) ;
#3050 = VECTOR ( 'NONE', #4821, 1000.000000000000000 ) ;
#3051 = VERTEX_POINT ( 'NONE', #4452 ) ;
#3052 = FACE_OUTER_BOUND ( 'NONE', #282, .T. ) ;
#3053 = AXIS2_PLACEMENT_3D ( 'NONE', #2457, #1516, #4042 ) ;
#3054 = CARTESIAN_POINT ( 'NONE',  ( 5.818375000275588071, 11.70000000000000107, 27.56168013247656390 ) ) ;
#3055 = DIRECTION ( 'NONE',  ( 0.7057733216852312141, 0.000000000000000000, -0.7084377307833026327 ) ) ;
#3056 = CARTESIAN_POINT ( 'NONE',  ( 17.04999999999970939, 8.250000000000000000, -30.24999999999998934 ) ) ;
#3057 = VECTOR ( 'NONE', #946, 1000.000000000000000 ) ;
#3058 = DIRECTION ( 'NONE',  ( -0.000000000000000000, 1.000000000000000000, -0.000000000000000000 ) ) ;
#3059 = CARTESIAN_POINT ( 'NONE',  ( -15.07333287014996515, 5.200000000000000178, 32.05100000000000193 ) ) ;
#3060 = CARTESIAN_POINT ( 'NONE',  ( -18.44999999999969731, 4.000000000000000000, -27.74999999999999289 ) ) ;
#3061 = EDGE_CURVE ( 'NONE', #5140, #1135, #5293, .T. ) ;
#3062 = EDGE_LOOP ( 'NONE', ( #3779, #3131, #2254, #651 ) ) ;
#3063 = DIRECTION ( 'NONE',  ( 0.000000000000000000, 0.000000000000000000, 1.000000000000000000 ) ) ;
#3064 = CARTESIAN_POINT ( 'NONE',  ( 18.99999999999999645, 13.19999999999999929, -28.44999999999998863 ) ) ;
#3065 = APPLICATION_PROTOCOL_DEFINITION ( 'draft international standard', 'automotive_design', 1998, #1957 ) ;
#3066 = CARTESIAN_POINT ( 'NONE',  ( 16.29999999999999716, 11.69999999999999929, 26.24999999999998934 ) ) ;
#3067 = CARTESIAN_POINT ( 'NONE',  ( 19.54563099807533177, 12.50000000000000178, -30.26302832933523135 ) ) ;
#3068 = MANIFOLD_SOLID_BREP ( 'т╡╫г14', #999 ) ;
#3069 = ORIENTED_EDGE ( 'NONE', *, *, #1761, .T. ) ;
#3070 = EDGE_CURVE ( 'NONE', #3343, #393, #3668, .T. ) ;
#3071 = ORIENTED_EDGE ( 'NONE', *, *, #5123, .F. ) ;
#3072 = ORIENTED_EDGE ( 'NONE', *, *, #3061, .F. ) ;
#3073 = CARTESIAN_POINT ( 'NONE',  ( 10.83402830016236251, 13.19999999999999929, 29.60664158573503713 ) ) ;
#3074 = LINE ( 'NONE', #207, #3903 ) ;
#3075 = ORIENTED_EDGE ( 'NONE', *, *, #2446, .F. ) ;
#3076 = ORIENTED_EDGE ( 'NONE', *, *, #492, .F. ) ;
#3077 = EDGE_CURVE ( 'NONE', #4776, #1035, #4855, .T. ) ;
#3078 = ORIENTED_EDGE ( 'NONE', *, *, #3310, .T. ) ;
#3079 = FACE_OUTER_BOUND ( 'NONE', #5125, .T. ) ;
#3080 = CARTESIAN_POINT ( 'NONE',  ( -13.53605915637521306, 11.70000000000000107, 19.62704321637306748 ) ) ;
#3081 = LINE ( 'NONE', #4728, #2184 ) ;
#3082 = CARTESIAN_POINT ( 'NONE',  ( 18.21302832007986083, 12.50000000000000000, -31.59563100190901963 ) ) ;
#3083 = FACE_OUTER_BOUND ( 'NONE', #2474, .T. ) ;
#3084 = FACE_BOUND ( 'NONE', #3262, .T. ) ;
#3085 = DIRECTION ( 'NONE',  ( 0.000000000000000000, -1.000000000000000000, 0.000000000000000000 ) ) ;
#3086 = DIRECTION ( 'NONE',  ( -1.000000000000000000, 0.000000000000000000, 0.000000000000000000 ) ) ;
#3087 = ORIENTED_EDGE ( 'NONE', *, *, #1701, .T. ) ;
#3088 = ORIENTED_EDGE ( 'NONE', *, *, #559, .F. ) ;
#3089 = CARTESIAN_POINT ( 'NONE',  ( 6.591820935136432524, 11.70000000000000107, 26.78531431339454727 ) ) ;
#3090 = CARTESIAN_POINT ( 'NONE',  ( 18.19999999999999574, 8.250000000000000000, 26.24999999999998934 ) ) ;
#3091 = DIRECTION ( 'NONE',  ( 0.000000000000000000, 0.000000000000000000, 1.000000000000000000 ) ) ;
#3092 = DIRECTION ( 'NONE',  ( -0.000000000000000000, -1.000000000000000000, -0.000000000000000000 ) ) ;
#3093 = ADVANCED_FACE ( 'NONE', ( #2842 ), #2811, .T. ) ;
#3094 = ORIENTED_EDGE ( 'NONE', *, *, #871, .F. ) ;
#3095 = ORIENTED_EDGE ( 'NONE', *, *, #1600, .F. ) ;
#3096 = CARTESIAN_POINT ( 'NONE',  ( 19.99999999999999645, 10.13246619646799651, -5.369667632591994533 ) ) ;
#3097 = DIRECTION ( 'NONE',  ( -0.000000000000000000, -0.9063077870366480493, -0.4226182617407036601 ) ) ;
#3098 = EDGE_CURVE ( 'NONE', #3790, #2843, #3417, .T. ) ;
#3099 = ORIENTED_EDGE ( 'NONE', *, *, #2933, .T. ) ;
#3100 = ORIENTED_EDGE ( 'NONE', *, *, #1421, .T. ) ;
#3101 = VERTEX_POINT ( 'NONE', #4178 ) ;
#3102 = ORIENTED_EDGE ( 'NONE', *, *, #139, .T. ) ;
#3103 = CARTESIAN_POINT ( 'NONE',  ( 15.32763862252533649, 11.70000000000000107, 19.40338814051948546 ) ) ;
#3104 = PLANE ( 'NONE',  #2245 ) ;
#3105 = CARTESIAN_POINT ( 'NONE',  ( 7.058141029146305812, 11.70000000000000107, 28.79678344542583801 ) ) ;
#3106 = EDGE_CURVE ( 'NONE', #4434, #2653, #1309, .T. ) ;
#3107 = AXIS2_PLACEMENT_3D ( 'NONE', #3774, #67, #4207 ) ;
#3108 = LINE ( 'NONE', #3579, #3639 ) ;
#3109 = CARTESIAN_POINT ( 'NONE',  ( -20.00000000000000000, 14.00000000000000000, 28.45000000000000284 ) ) ;
#3110 = PLANE ( 'NONE',  #1114 ) ;
#3111 = EDGE_CURVE ( 'NONE', #4753, #1842, #2983, .T. ) ;
#3112 = AXIS2_PLACEMENT_3D ( 'NONE', #2205, #3786, #2535 ) ;
#3113 = AXIS2_PLACEMENT_3D ( 'NONE', #5318, #4119, #382 ) ;
#3114 = ORIENTED_EDGE ( 'NONE', *, *, #4440, .T. ) ;
#3115 = ORIENTED_EDGE ( 'NONE', *, *, #4169, .T. ) ;
#3116 = AXIS2_PLACEMENT_3D ( 'NONE', #4626, #1294, #1756 ) ;
#3117 = VECTOR ( 'NONE', #2780, 1000.000000000000000 ) ;
#3118 = LINE ( 'NONE', #4738, #1561 ) ;
#3119 = DIRECTION ( 'NONE',  ( 0.000000000000000000, -0.000000000000000000, -1.000000000000000000 ) ) ;
#3120 = LINE ( 'NONE', #3066, #939 ) ;
#3121 = CARTESIAN_POINT ( 'NONE',  ( 19.27880063263344823, 12.50000000000000355, -30.66236819190968887 ) ) ;
#3122 = CIRCLE ( 'NONE', #331, 3.799999999999980282 ) ;
#3123 = ORIENTED_EDGE ( 'NONE', *, *, #4659, .F. ) ;
#3124 = ORIENTED_EDGE ( 'NONE', *, *, #3413, .F. ) ;
#3125 = ORIENTED_EDGE ( 'NONE', *, *, #4337, .F. ) ;
#3126 = CARTESIAN_POINT ( 'NONE',  ( 19.99999999999999645, 9.632466196467996511, -4.869667632591994533 ) ) ;
#3127 = VECTOR ( 'NONE', #161, 1000.000000000000000 ) ;
#3128 = CARTESIAN_POINT ( 'NONE',  ( 18.19999999999999929, 10.85525754875703797, 9.213787486155460726 ) ) ;
#3129 = VERTEX_POINT ( 'NONE', #2568 ) ;
#3130 = VERTEX_POINT ( 'NONE', #3331 ) ;
#3131 = ORIENTED_EDGE ( 'NONE', *, *, #3574, .F. ) ;
#3132 = ORIENTED_EDGE ( 'NONE', *, *, #4226, .F. ) ;
#3133 = EDGE_CURVE ( 'NONE', #3883, #5190, #494, .T. ) ;
#3134 = CARTESIAN_POINT ( 'NONE',  ( -20.00000000000000000, 9.599999999859038624, 21.74264564540182576 ) ) ;
#3135 = CARTESIAN_POINT ( 'NONE',  ( 2.332706501710884219E-12, 11.70000000000000107, 16.38178248604695142 ) ) ;
#3136 = DIRECTION ( 'NONE',  ( 0.000000000000000000, 0.000000000000000000, 1.000000000000000000 ) ) ;
#3137 = VECTOR ( 'NONE', #5176, 1000.000000000000000 ) ;
#3138 = FACE_OUTER_BOUND ( 'NONE', #373, .T. ) ;
#3139 = VECTOR ( 'NONE', #1029, 1000.000000000000000 ) ;
#3140 = ADVANCED_FACE ( 'NONE', ( #843 ), #2872, .F. ) ;
#3141 = FACE_OUTER_BOUND ( 'NONE', #2554, .T. ) ;
#3142 = CARTESIAN_POINT ( 'NONE',  ( 19.19999999999999929, 14.00000000000000000, -28.44999999999998863 ) ) ;
#3143 = DIRECTION ( 'NONE',  ( 0.000000000000000000, -0.000000000000000000, 1.000000000000000000 ) ) ;
#3144 = VECTOR ( 'NONE', #1911, 1000.000000000000000 ) ;
#3145 = VERTEX_POINT ( 'NONE', #3770 ) ;
#3146 = EDGE_CURVE ( 'NONE', #2038, #3449, #1717, .T. ) ;
#3147 = ORIENTED_EDGE ( 'NONE', *, *, #2592, .F. ) ;
#3148 = VECTOR ( 'NONE', #84, 1000.000000000000000 ) ;
#3149 = DIRECTION ( 'NONE',  ( -0.000000000000000000, 1.000000000000000000, -0.000000000000000000 ) ) ;
#3150 = FACE_OUTER_BOUND ( 'NONE', #180, .T. ) ;
#3151 = CARTESIAN_POINT ( 'NONE',  ( -19.20000000000000639, 14.00000000000000000, -28.81693053838084140 ) ) ;
#3152 = ORIENTED_EDGE ( 'NONE', *, *, #1861, .T. ) ;
#3153 = EDGE_LOOP ( 'NONE', ( #2132, #4742, #5351, #637 ) ) ;
#3154 = ORIENTED_EDGE ( 'NONE', *, *, #4294, .T. ) ;
#3155 = CARTESIAN_POINT ( 'NONE',  ( 18.61236819190969172, 12.50000000000000355, 31.32880063263344894 ) ) ;
#3156 = DIRECTION ( 'NONE',  ( 0.000000000000000000, 1.000000000000000000, 0.000000000000000000 ) ) ;
#3157 = VERTEX_POINT ( 'NONE', #4578 ) ;
#3158 = ORIENTED_EDGE ( 'NONE', *, *, #1493, .T. ) ;
#3159 = ORIENTED_EDGE ( 'NONE', *, *, #1733, .F. ) ;
#3160 = ORIENTED_EDGE ( 'NONE', *, *, #62, .T. ) ;
#3161 = LINE ( 'NONE', #1079, #4850 ) ;
#3162 = CARTESIAN_POINT ( 'NONE',  ( -16.29999999999999716, 10.09999999985903862, 26.24999999999998934 ) ) ;
#3163 = DIRECTION ( 'NONE',  ( 0.000000000000000000, -0.9063077870366479383, -0.4226182617407036601 ) ) ;
#3164 = DIRECTION ( 'NONE',  ( 1.000000000000000000, -0.000000000000000000, -0.000000000000000000 ) ) ;
#3165 = EDGE_CURVE ( 'NONE', #4228, #2736, #2427, .T. ) ;
#3166 = CARTESIAN_POINT ( 'NONE',  ( -19.00000000000000355, 14.00000000000000000, -28.44999999999998863 ) ) ;
#3167 = FACE_OUTER_BOUND ( 'NONE', #2169, .T. ) ;
#3168 = DIRECTION ( 'NONE',  ( 0.000000000000000000, 0.000000000000000000, -1.000000000000000000 ) ) ;
#3169 = LINE ( 'NONE', #4795, #3564 ) ;
#3170 = ADVANCED_FACE ( 'NONE', ( #35 ), #1689, .F. ) ;
#3171 = VERTEX_POINT ( 'NONE', #4686 ) ;
#3172 = EDGE_CURVE ( 'NONE', #2435, #2683, #2267, .T. ) ;
#3173 = EDGE_LOOP ( 'NONE', ( #3099, #3950, #1916, #741, #4820, #3418, #5138, #2227 ) ) ;
#3174 = CARTESIAN_POINT ( 'NONE',  ( -16.40000000000000568, 13.19999999999999929, -28.44999999999998863 ) ) ;
#3175 = DIRECTION ( 'NONE',  ( -1.000000000000000000, 0.000000000000000000, 0.000000000000000000 ) ) ;
#3176 = DIRECTION ( 'NONE',  ( -0.000000000000000000, 1.000000000000000000, 0.000000000000000000 ) ) ;
#3177 = ADVANCED_FACE ( 'NONE', ( #3854 ), #3110, .F. ) ;
#3178 = VERTEX_POINT ( 'NONE', #138 ) ;
#3179 = VERTEX_POINT ( 'NONE', #4766 ) ;
#3180 = ORIENTED_EDGE ( 'NONE', *, *, #997, .T. ) ;
#3181 = CARTESIAN_POINT ( 'NONE',  ( 19.27880062555030349, 14.00000000000000000, 30.66236819899285138 ) ) ;
#3182 = DIRECTION ( 'NONE',  ( 0.000000000000000000, 1.000000000000000000, 0.000000000000000000 ) ) ;
#3183 = CARTESIAN_POINT ( 'NONE',  ( -18.20000000000000284, 1.855257548757082153, -32.04999999999999005 ) ) ;
#3184 = EDGE_CURVE ( 'NONE', #1806, #263, #2624, .T. ) ;
#3185 = ORIENTED_EDGE ( 'NONE', *, *, #2232, .T. ) ;
#3186 = ORIENTED_EDGE ( 'NONE', *, *, #3505, .T. ) ;
#3187 = ORIENTED_EDGE ( 'NONE', *, *, #1498, .T. ) ;
#3188 = CARTESIAN_POINT ( 'NONE',  ( -5.466666666666663232, 12.50000000000000000, 32.05000000000000426 ) ) ;
#3189 = CARTESIAN_POINT ( 'NONE',  ( 18.00000000000000355, 1.855257548756997554, 0.5170185627604219070 ) ) ;
#3190 = CARTESIAN_POINT ( 'NONE',  ( -20.00000000000000355, 0.000000000000000000, -32.04999999999999005 ) ) ;
#3191 = CARTESIAN_POINT ( 'NONE',  ( -13.53232484621986131, 11.70000000000000107, 7.700000000000102318 ) ) ;
#3192 = CARTESIAN_POINT ( 'NONE',  ( -18.00000000000000355, 10.85525754875708060, 16.71378748615546073 ) ) ;
#3193 = FACE_BOUND ( 'NONE', #2541, .T. ) ;
#3194 = AXIS2_PLACEMENT_3D ( 'NONE', #3952, #3892, #994 ) ;
#3195 = ORIENTED_EDGE ( 'NONE', *, *, #3807, .F. ) ;
#3196 = ORIENTED_EDGE ( 'NONE', *, *, #4924, .F. ) ;
#3197 = EDGE_CURVE ( 'NONE', #4808, #3499, #953, .T. ) ;
#3198 = DIRECTION ( 'NONE',  ( 0.000000000000000000, -0.9063077870366479383, -0.4226182617407037156 ) ) ;
#3199 = CARTESIAN_POINT ( 'NONE',  ( -20.00000000000000355, 10.85525754875708060, 16.71378748615546073 ) ) ;
#3200 = VECTOR ( 'NONE', #2083, 1000.000000000000000 ) ;
#3201 = AXIS2_PLACEMENT_3D ( 'NONE', #1054, #4302, #4383 ) ;
#3202 = LINE ( 'NONE', #362, #3820 ) ;
#3203 = VECTOR ( 'NONE', #4874, 1000.000000000000000 ) ;
#3204 = ORIENTED_EDGE ( 'NONE', *, *, #4258, .F. ) ;
#3205 = AXIS2_PLACEMENT_3D ( 'NONE', #2104, #1686, #3354 ) ;
#3206 = ORIENTED_EDGE ( 'NONE', *, *, #3300, .F. ) ;
#3207 = ORIENTED_EDGE ( 'NONE', *, *, #3835, .F. ) ;
#3208 = ADVANCED_FACE ( 'NONE', ( #3497 ), #3522, .F. ) ;
#3209 = FACE_OUTER_BOUND ( 'NONE', #3567, .T. ) ;
#3210 = CARTESIAN_POINT ( 'NONE',  ( 19.27880062555029639, 12.50000000000000000, 30.66236819899284782 ) ) ;
#3211 = DIRECTION ( 'NONE',  ( -0.000000000000000000, -1.000000000000000000, -0.000000000000000000 ) ) ;
#3212 = VECTOR ( 'NONE', #286, 1000.000000000000000 ) ;
#3213 = AXIS2_PLACEMENT_3D ( 'NONE', #3517, #2745, #1379 ) ;
#3214 = VERTEX_POINT ( 'NONE', #4282 ) ;
#3215 = VERTEX_POINT ( 'NONE', #5173 ) ;
#3216 = EDGE_LOOP ( 'NONE', ( #4433, #1843, #1836, #4056, #4613, #496, #4911, #3532, #2965, #1570, #4530, #2286 ) ) ;
#3217 = EDGE_LOOP ( 'NONE', ( #3757, #46, #1043, #5321 ) ) ;
#3218 = EDGE_CURVE ( 'NONE', #3681, #2984, #2258, .T. ) ;
#3219 = CARTESIAN_POINT ( 'NONE',  ( 20.00000000000000000, 0.000000000000000000, 28.45000000000000284 ) ) ;
#3220 = DIRECTION ( 'NONE',  ( 0.000000000000000000, 0.000000000000000000, 1.000000000000000000 ) ) ;
#3221 = LINE ( 'NONE', #5252, #4102 ) ;
#3222 = VECTOR ( 'NONE', #4413, 1000.000000000000000 ) ;
#3223 = CARTESIAN_POINT ( 'NONE',  ( -16.29999999999999716, 8.750000000000000000, 29.50288987967800836 ) ) ;
#3224 = VECTOR ( 'NONE', #5212, 1000.000000000000000 ) ;
#3225 = CARTESIAN_POINT ( 'NONE',  ( -20.00000000000000000, 5.494999999858891648, 27.86500000000044608 ) ) ;
#3226 = CARTESIAN_POINT ( 'NONE',  ( -7.050000000036209080, 13.19999999999999929, 10.90000000000010338 ) ) ;
#3227 = FACE_OUTER_BOUND ( 'NONE', #410, .T. ) ;
#3228 = VECTOR ( 'NONE', #39, 1000.000000000000000 ) ;
#3229 = ORIENTED_EDGE ( 'NONE', *, *, #4492, .F. ) ;
#3230 = CARTESIAN_POINT ( 'NONE',  ( 18.19999999999999574, 9.632466196467996511, -16.96929045201742881 ) ) ;
#3231 = CARTESIAN_POINT ( 'NONE',  ( -9.074999999958757613, 5.099999999857725008, 32.05100000000000193 ) ) ;
#3232 = AXIS2_PLACEMENT_3D ( 'NONE', #1938, #2379, #4495 ) ;
#3233 = SURFACE_STYLE_FILL_AREA ( #2325 ) ;
#3234 = EDGE_CURVE ( 'NONE', #2876, #4745, #4427, .T. ) ;
#3235 = VECTOR ( 'NONE', #1707, 1000.000000000000000 ) ;
#3236 = VERTEX_POINT ( 'NONE', #2239 ) ;
#3237 = ORIENTED_EDGE ( 'NONE', *, *, #2753, .F. ) ;
#3238 = FACE_OUTER_BOUND ( 'NONE', #2353, .T. ) ;
#3239 = CARTESIAN_POINT ( 'NONE',  ( 19.12712349168979031, 14.00000000000000000, 29.18289408340418589 ) ) ;
#3240 = DIRECTION ( 'NONE',  ( 0.7084377307833042980, 0.000000000000000000, 0.7057733216852296598 ) ) ;
#3241 = CARTESIAN_POINT ( 'NONE',  ( 20.00000000000000000, 14.00000000000000000, 28.44999999999999929 ) ) ;
#3242 = ORIENTED_EDGE ( 'NONE', *, *, #5156, .T. ) ;
#3243 = ADVANCED_FACE ( 'NONE', ( #5122 ), #549, .F. ) ;
#3244 = ORIENTED_EDGE ( 'NONE', *, *, #2815, .F. ) ;
#3245 = ORIENTED_EDGE ( 'NONE', *, *, #802, .T. ) ;
#3246 = ADVANCED_FACE ( 'NONE', ( #4711 ), #3007, .F. ) ;
#3247 = ORIENTED_EDGE ( 'NONE', *, *, #1869, .F. ) ;
#3248 = DIRECTION ( 'NONE',  ( 0.000000000000000000, 0.000000000000000000, -1.000000000000000000 ) ) ;
#3249 = DIRECTION ( 'NONE',  ( 0.000000000000000000, 0.000000000000000000, 1.000000000000000000 ) ) ;
#3250 = CYLINDRICAL_SURFACE ( 'NONE', #1829, 3.599999999999999201 ) ;
#3251 = ADVANCED_FACE ( 'NONE', ( #2647 ), #4307, .F. ) ;
#3252 = CARTESIAN_POINT ( 'NONE',  ( -11.19999999999998685, 11.70000000000000107, 9.739889904990375769 ) ) ;
#3253 = FACE_BOUND ( 'NONE', #774, .T. ) ;
#3254 = CARTESIAN_POINT ( 'NONE',  ( 19.19999999999999929, 14.00000000000000000, 28.45000000000000284 ) ) ;
#3255 = DIRECTION ( 'NONE',  ( -0.000000000000000000, -1.000000000000000000, -0.000000000000000000 ) ) ;
#3256 = ORIENTED_EDGE ( 'NONE', *, *, #4471, .T. ) ;
#3257 = LINE ( 'NONE', #5348, #4439 ) ;
#3258 = CARTESIAN_POINT ( 'NONE',  ( -16.40000000000000568, 13.19999999999999929, -31.04999999999998650 ) ) ;
#3259 = PRESENTATION_STYLE_ASSIGNMENT (( #1945 ) ) ;
#3260 = EDGE_LOOP ( 'NONE', ( #4623, #527, #894, #3479, #2141, #1777, #1126, #3076 ) ) ;
#3261 = VERTEX_POINT ( 'NONE', #1001 ) ;
#3262 = EDGE_LOOP ( 'NONE', ( #4856, #2565, #698, #1897 ) ) ;
#3263 = DIRECTION ( 'NONE',  ( 1.000000000000000000, 0.000000000000000000, -1.654744174222709448E-16 ) ) ;
#3264 = CARTESIAN_POINT ( 'NONE',  ( 18.21302832007972228, 12.50000000000000000, 31.59563100190909068 ) ) ;
#3265 = FACE_OUTER_BOUND ( 'NONE', #3481, .T. ) ;
#3266 = EDGE_CURVE ( 'NONE', #2674, #4634, #1823, .T. ) ;
#3267 = FACE_OUTER_BOUND ( 'NONE', #735, .T. ) ;
#3268 = ORIENTED_EDGE ( 'NONE', *, *, #3460, .F. ) ;
#3269 = ORIENTED_EDGE ( 'NONE', *, *, #4145, .F. ) ;
#3270 = VERTEX_POINT ( 'NONE', #5092 ) ;
#3271 = EDGE_LOOP ( 'NONE', ( #1061, #1641, #3242, #2242, #2225, #103, #4351, #4211 ) ) ;
#3272 = DIRECTION ( 'NONE',  ( 0.000000000000000000, 0.000000000000000000, 1.000000000000000000 ) ) ;
#3273 = CARTESIAN_POINT ( 'NONE',  ( -19.93804677753133703, 5.494999999859252249, 29.11500000000011568 ) ) ;
#3274 = EDGE_CURVE ( 'NONE', #2481, #3888, #2345, .T. ) ;
#3275 = ADVANCED_FACE ( 'NONE', ( #4361 ), #194, .F. ) ;
#3276 = PLANE ( 'NONE',  #2329 ) ;
#3277 = EDGE_CURVE ( 'NONE', #1521, #263, #2703, .T. ) ;
#3278 = DIRECTION ( 'NONE',  ( 0.000000000000000000, 0.000000000000000000, 1.000000000000000000 ) ) ;
#3279 = DIRECTION ( 'NONE',  ( 0.000000000000000000, 0.000000000000000000, -1.000000000000000000 ) ) ;
#3280 = ORIENTED_EDGE ( 'NONE', *, *, #1853, .T. ) ;
#3281 = DIRECTION ( 'NONE',  ( -1.000000000000000000, 0.000000000000000000, 0.000000000000000000 ) ) ;
#3282 = CYLINDRICAL_SURFACE ( 'NONE', #2687, 0.1999999999999987899 ) ;
#3283 = ORIENTED_EDGE ( 'NONE', *, *, #4268, .T. ) ;
#3284 = AXIS2_PLACEMENT_3D ( 'NONE', #2634, #5134, #1403 ) ;
#3285 = ORIENTED_EDGE ( 'NONE', *, *, #3197, .F. ) ;
#3286 = DIRECTION ( 'NONE',  ( 0.000000000000000000, 0.000000000000000000, 1.000000000000000000 ) ) ;
#3287 = CARTESIAN_POINT ( 'NONE',  ( -15.77499999999998614, 8.250000000000000000, 28.97500000000004761 ) ) ;
#3288 = LINE ( 'NONE', #4943, #4937 ) ;
#3289 = FACE_OUTER_BOUND ( 'NONE', #660, .T. ) ;
#3290 = AXIS2_PLACEMENT_3D ( 'NONE', #3684, #1164, #3220 ) ;
#3291 = VECTOR ( 'NONE', #3520, 1000.000000000000000 ) ;
#3292 = ORIENTED_EDGE ( 'NONE', *, *, #2410, .F. ) ;
#3293 = ORIENTED_EDGE ( 'NONE', *, *, #570, .F. ) ;
#3294 = VERTEX_POINT ( 'NONE', #1355 ) ;
#3295 = CARTESIAN_POINT ( 'NONE',  ( 18.63860733016813498, 13.99999999999999822, 30.17129160594210546 ) ) ;
#3296 = VECTOR ( 'NONE', #1404, 1000.000000000000000 ) ;
#3297 = AXIS2_PLACEMENT_3D ( 'NONE', #1652, #1319, #76 ) ;
#3298 = CARTESIAN_POINT ( 'NONE',  ( -18.20000000000000284, 7.454999999859222015, 27.86500000000006594 ) ) ;
#3299 = STYLED_ITEM ( 'NONE', ( #3259 ), #3068 ) ;
#3300 = EDGE_CURVE ( 'NONE', #5105, #4051, #3032, .T. ) ;
#3301 = DIRECTION ( 'NONE',  ( 1.000000000000000000, 0.000000000000000000, -5.412553747197527263E-17 ) ) ;
#3302 = LINE ( 'NONE', #4194, #3235 ) ;
#3303 = AXIS2_PLACEMENT_3D ( 'NONE', #626, #3933, #2188 ) ;
#3304 = CARTESIAN_POINT ( 'NONE',  ( -18.20000000000000284, 10.85525754875699711, 4.713787486155460726 ) ) ;
#3305 = ADVANCED_FACE ( 'NONE', ( #1059 ), #2432, .T. ) ;
#3306 = AXIS2_PLACEMENT_3D ( 'NONE', #3941, #201, #3528 ) ;
#3307 = ORIENTED_EDGE ( 'NONE', *, *, #1223, .F. ) ;
#3308 = CARTESIAN_POINT ( 'NONE',  ( -9.074999999958757613, 5.200000000000000178, -30.94999999999998863 ) ) ;
#3309 = CARTESIAN_POINT ( 'NONE',  ( -19.27880062554977059, 12.50000000000000000, -30.66236819899337007 ) ) ;
#3310 = EDGE_CURVE ( 'NONE', #2030, #2115, #5037, .T. ) ;
#3311 = ORIENTED_EDGE ( 'NONE', *, *, #5180, .T. ) ;
#3312 = CIRCLE ( 'NONE', #3403, 1.249999999999668043 ) ;
#3313 = FACE_OUTER_BOUND ( 'NONE', #2659, .T. ) ;
#3314 = CARTESIAN_POINT ( 'NONE',  ( -20.00000000000000000, 4.244999999859221163, 27.86500000000014765 ) ) ;
#3315 = LINE ( 'NONE', #5379, #1989 ) ;
#3316 = CARTESIAN_POINT ( 'NONE',  ( -16.64999999999999147, 8.250000000000000000, 28.49951569184058187 ) ) ;
#3317 = VECTOR ( 'NONE', #4630, 1000.000000000000000 ) ;
#3318 = ORIENTED_EDGE ( 'NONE', *, *, #4329, .F. ) ;
#3319 = ORIENTED_EDGE ( 'NONE', *, *, #3968, .F. ) ;
#3320 = ORIENTED_EDGE ( 'NONE', *, *, #43, .T. ) ;
#3321 = EDGE_LOOP ( 'NONE', ( #3515, #4291, #3247, #4720 ) ) ;
#3322 = CARTESIAN_POINT ( 'NONE',  ( -13.53605915637521306, 13.19999999999999929, 12.02704321637310869 ) ) ;
#3323 = CARTESIAN_POINT ( 'NONE',  ( -19.20000000000000639, 14.00000000000000000, -28.44999999999998508 ) ) ;
#3324 = CARTESIAN_POINT ( 'NONE',  ( 19.99999999999999645, 10.85525754875699711, 4.713787486155466055 ) ) ;
#3325 = CARTESIAN_POINT ( 'NONE',  ( -17.34229239294834812, 12.50000000000000000, 31.95630163217241915 ) ) ;
#3326 = PLANE ( 'NONE',  #1608 ) ;
#3327 = DIRECTION ( 'NONE',  ( 0.000000000000000000, 0.000000000000000000, 1.000000000000000000 ) ) ;
#3328 = EDGE_CURVE ( 'NONE', #1161, #2578, #1913, .T. ) ;
#3329 = ORIENTED_EDGE ( 'NONE', *, *, #3049, .T. ) ;
#3330 = DIRECTION ( 'NONE',  ( -0.000000000000000000, 1.000000000000000000, 0.000000000000000000 ) ) ;
#3331 = CARTESIAN_POINT ( 'NONE',  ( 18.19999999999999574, 10.85525754875699711, 4.713787486155460726 ) ) ;
#3332 = EDGE_CURVE ( 'NONE', #658, #2116, #3169, .T. ) ;
#3333 = EDGE_CURVE ( 'NONE', #2844, #4131, #4066, .T. ) ;
#3334 = EDGE_LOOP ( 'NONE', ( #1440, #4723, #149, #4197, #3406, #2729 ) ) ;
#3335 = LINE ( 'NONE', #66, #950 ) ;
#3336 = CARTESIAN_POINT ( 'NONE',  ( -19.98325586202656723, 7.035084270390790984, 28.80630936262982544 ) ) ;
#3337 = PLANE ( 'NONE',  #1744 ) ;
#3338 = FACE_OUTER_BOUND ( 'NONE', #204, .T. ) ;
#3339 = EDGE_CURVE ( 'NONE', #1649, #2470, #3662, .T. ) ;
#3340 = DIRECTION ( 'NONE',  ( -5.412553747197526647E-17, -0.000000000000000000, -1.000000000000000000 ) ) ;
#3341 = ORIENTED_EDGE ( 'NONE', *, *, #1295, .F. ) ;
#3342 = ORIENTED_EDGE ( 'NONE', *, *, #3146, .F. ) ;
#3343 = VERTEX_POINT ( 'NONE', #1518 ) ;
#3344 = VERTEX_POINT ( 'NONE', #2727 ) ;
#3345 = CARTESIAN_POINT ( 'NONE',  ( -16.39999999999999503, 14.00000000000000000, 32.05000000000000426 ) ) ;
#3346 = CARTESIAN_POINT ( 'NONE',  ( 9.071352992877987020, 13.19999999999999929, 29.25552093929285746 ) ) ;
#3347 = EDGE_CURVE ( 'NONE', #2484, #1101, #2404, .T. ) ;
#3348 = CARTESIAN_POINT ( 'NONE',  ( 20.00000000000000000, 12.50000000000000000, 9.483333333333339610 ) ) ;
#3349 = LINE ( 'NONE', #1760, #1360 ) ;
#3350 = CARTESIAN_POINT ( 'NONE',  ( -18.21302832008014505, 14.00000000000000000, 31.59563100190842988 ) ) ;
#3351 = FACE_OUTER_BOUND ( 'NONE', #2103, .T. ) ;
#3352 = FACE_OUTER_BOUND ( 'NONE', #3217, .T. ) ;
#3353 = EDGE_LOOP ( 'NONE', ( #1047, #2840, #4344, #2024 ) ) ;
#3354 = DIRECTION ( 'NONE',  ( 0.000000000000000000, 0.000000000000000000, 1.000000000000000000 ) ) ;
#3355 = CARTESIAN_POINT ( 'NONE',  ( -20.00000000000000000, 6.204999999859034610, 20.17500000000010019 ) ) ;
#3356 = CARTESIAN_POINT ( 'NONE',  ( -16.40000000000000568, 12.50000000000000000, -32.04999999999999005 ) ) ;
#3357 = ADVANCED_FACE ( 'NONE', ( #708 ), #1116, .F. ) ;
#3358 = ORIENTED_EDGE ( 'NONE', *, *, #917, .T. ) ;
#3359 = CARTESIAN_POINT ( 'NONE',  ( 18.19999999999999929, 8.259612155171568659, -4.869667632591993645 ) ) ;
#3360 = CARTESIAN_POINT ( 'NONE',  ( -18.19999999999999929, 1.855257548757081265, 11.01701856276042690 ) ) ;
#3361 = ADVANCED_FACE ( 'NONE', ( #3193, #4903, #3227 ), #4817, .F. ) ;
#3362 = SURFACE_SIDE_STYLE ('',( #4617 ) ) ;
#3363 = DIRECTION ( 'NONE',  ( 0.000000000000000000, 0.000000000000000000, 1.000000000000000000 ) ) ;
#3364 = CARTESIAN_POINT ( 'NONE',  ( 19.99999999999999645, 0.000000000000000000, -32.04999999999999005 ) ) ;
#3365 = VERTEX_POINT ( 'NONE', #326 ) ;
#3366 = VECTOR ( 'NONE', #1772, 1000.000000000000227 ) ;
#3367 = EDGE_CURVE ( 'NONE', #2406, #5155, #650, .T. ) ;
#3368 = ORIENTED_EDGE ( 'NONE', *, *, #4892, .T. ) ;
#3369 = ORIENTED_EDGE ( 'NONE', *, *, #3870, .F. ) ;
#3370 = LINE ( 'NONE', #4976, #3555 ) ;
#3371 = FACE_OUTER_BOUND ( 'NONE', #956, .T. ) ;
#3372 = AXIS2_PLACEMENT_3D ( 'NONE', #3189, #4788, #2314 ) ;
#3373 = VECTOR ( 'NONE', #4264, 1000.000000000000000 ) ;
#3374 = VERTEX_POINT ( 'NONE', #275 ) ;
#3375 = EDGE_CURVE ( 'NONE', #2221, #395, #597, .T. ) ;
#3376 = AXIS2_PLACEMENT_3D ( 'NONE', #4992, #2136, #5019 ) ;
#3377 = CIRCLE ( 'NONE', #2158, 1.249999999999671596 ) ;
#3378 = PLANE ( 'NONE',  #1547 ) ;
#3379 = DIRECTION ( 'NONE',  ( -0.000000000000000000, 1.000000000000000000, -0.000000000000000000 ) ) ;
#3380 = CARTESIAN_POINT ( 'NONE',  ( -18.63906715320561958, 14.00000000000000000, 30.17073082143968676 ) ) ;
#3381 = CARTESIAN_POINT ( 'NONE',  ( -20.00000000000000000, 10.09999999985903862, 27.54264080459935826 ) ) ;
#3382 = FACE_OUTER_BOUND ( 'NONE', #1727, .T. ) ;
#3383 = ORIENTED_EDGE ( 'NONE', *, *, #5342, .F. ) ;
#3384 = DIRECTION ( 'NONE',  ( 4.905439608839507105E-17, 0.4226182617407038267, -0.9063077870366479383 ) ) ;
#3385 = AXIS2_PLACEMENT_3D ( 'NONE', #3987, #2351, #4881 ) ;
#3386 = DIRECTION ( 'NONE',  ( 0.000000000000000000, -0.000000000000000000, 1.000000000000000000 ) ) ;
#3387 = CARTESIAN_POINT ( 'NONE',  ( -20.00000000000000355, 12.50000000000000000, -28.44999999999998508 ) ) ;
#3388 = AXIS2_PLACEMENT_3D ( 'NONE', #3628, #4445, #2838 ) ;
#3389 = ORIENTED_EDGE ( 'NONE', *, *, #1687, .T. ) ;
#3390 = CARTESIAN_POINT ( 'NONE',  ( -11.19999999999998685, 13.19999999999999929, 9.739889904990375769 ) ) ;
#3391 = CARTESIAN_POINT ( 'NONE',  ( -20.00000000000000355, 0.000000000000000000, -32.04999999999999005 ) ) ;
#3392 = AXIS2_PLACEMENT_3D ( 'NONE', #114, #1739, #2587 ) ;
#3393 = CARTESIAN_POINT ( 'NONE',  ( 18.19999999999999574, 8.250000000000000000, -26.24999999999998934 ) ) ;
#3394 = DIRECTION ( 'NONE',  ( -0.000000000000000000, 1.000000000000000000, -0.000000000000000000 ) ) ;
#3395 = LINE ( 'NONE', #5020, #1208 ) ;
#3396 = EDGE_CURVE ( 'NONE', #3970, #1806, #1995, .T. ) ;
#3397 = ORIENTED_EDGE ( 'NONE', *, *, #239, .T. ) ;
#3398 = VECTOR ( 'NONE', #2626, 1000.000000000000000 ) ;
#3399 = VERTEX_POINT ( 'NONE', #3604 ) ;
#3400 = ORIENTED_EDGE ( 'NONE', *, *, #1898, .T. ) ;
#3401 = CARTESIAN_POINT ( 'NONE',  ( -9.074999999958757613, 5.099999999857725008, -30.94999999999998508 ) ) ;
#3402 = LINE ( 'NONE', #2093, #2327 ) ;
#3403 = AXIS2_PLACEMENT_3D ( 'NONE', #4610, #2187, #493 ) ;
#3404 = EDGE_CURVE ( 'NONE', #4745, #1482, #3823, .T. ) ;
#3405 = EDGE_CURVE ( 'NONE', #1782, #3539, #5170, .T. ) ;
#3406 = ORIENTED_EDGE ( 'NONE', *, *, #2269, .T. ) ;
#3407 = AXIS2_PLACEMENT_3D ( 'NONE', #974, #2262, #996 ) ;
#3408 = CARTESIAN_POINT ( 'NONE',  ( 19.99999999999999645, 12.50000000000000000, -9.483333333333325399 ) ) ;
#3409 = CARTESIAN_POINT ( 'NONE',  ( 18.44999999999970441, 0.000000000000000000, -27.74999999999998934 ) ) ;
#3410 = CARTESIAN_POINT ( 'NONE',  ( -16.76658521991587492, 14.00000000000000000, 31.24999999999618439 ) ) ;
#3411 = CARTESIAN_POINT ( 'NONE',  ( -20.00000000000000355, 12.50000000000000000, -28.44999999999998863 ) ) ;
#3412 = DIRECTION ( 'NONE',  ( 0.000000000000000000, -1.000000000000000000, 0.000000000000000000 ) ) ;
#3413 = EDGE_CURVE ( 'NONE', #1837, #1597, #2814, .T. ) ;
#3414 = EDGE_LOOP ( 'NONE', ( #2934, #628, #908, #4973 ) ) ;
#3415 = DIRECTION ( 'NONE',  ( 0.000000000000000000, -1.000000000000000000, 0.000000000000000000 ) ) ;
#3416 = PLANE ( 'NONE',  #1654 ) ;
#3417 = LINE ( 'NONE', #2107, #1019 ) ;
#3418 = ORIENTED_EDGE ( 'NONE', *, *, #3516, .T. ) ;
#3419 = DIRECTION ( 'NONE',  ( 0.000000000000000000, 2.081668171172721505E-15, -1.000000000000000000 ) ) ;
#3420 = CARTESIAN_POINT ( 'NONE',  ( -15.07500000004169749, 5.200000000000000178, -30.24999999999998934 ) ) ;
#3421 = FACE_OUTER_BOUND ( 'NONE', #1699, .T. ) ;
#3422 = CARTESIAN_POINT ( 'NONE',  ( -18.19999999999999574, 8.250000000000000000, -26.24999999999998934 ) ) ;
#3423 = ORIENTED_EDGE ( 'NONE', *, *, #2472, .T. ) ;
#3424 = ORIENTED_EDGE ( 'NONE', *, *, #1565, .T. ) ;
#3425 = ORIENTED_EDGE ( 'NONE', *, *, #1139, .F. ) ;
#3426 = ADVANCED_FACE ( 'NONE', ( #682 ), #1939, .F. ) ;
#3427 = DIRECTION ( 'NONE',  ( -2.287444056218751220E-17, -0.9063077870366479383, -0.4226182617407037156 ) ) ;
#3428 = DIRECTION ( 'NONE',  ( 0.000000000000000000, 0.000000000000000000, 1.000000000000000000 ) ) ;
#3429 = ORIENTED_EDGE ( 'NONE', *, *, #5355, .T. ) ;
#3430 = EDGE_CURVE ( 'NONE', #4543, #2048, #2080, .T. ) ;
#3431 = DIRECTION ( 'NONE',  ( 4.905439608839507105E-17, 0.4226182617407037712, -0.9063077870366480493 ) ) ;
#3432 = DIRECTION ( 'NONE',  ( 0.000000000000000000, 0.9063077870366479383, 0.4226182617407037712 ) ) ;
#3433 = DIRECTION ( 'NONE',  ( 0.000000000000000000, 1.000000000000000000, 0.000000000000000000 ) ) ;
#3434 = DIRECTION ( 'NONE',  ( 1.000000000000000000, -0.000000000000000000, 5.412553747197527263E-17 ) ) ;
#3435 = LINE ( 'NONE', #3056, #3739 ) ;
#3436 = EDGE_CURVE ( 'NONE', #4228, #4416, #465, .T. ) ;
#3437 = FACE_OUTER_BOUND ( 'NONE', #2675, .T. ) ;
#3438 = CARTESIAN_POINT ( 'NONE',  ( -17.80594073601374561, 0.000000000000000000, 30.88953339543472865 ) ) ;
#3439 = DIRECTION ( 'NONE',  ( -1.000000000000000000, 0.000000000000000000, 1.654744174222709694E-16 ) ) ;
#3440 = ADVANCED_FACE ( 'NONE', ( #3382 ), #2539, .F. ) ;
#3441 = VERTEX_POINT ( 'NONE', #1632 ) ;
#3442 = DIRECTION ( 'NONE',  ( -1.000000000000000000, -0.000000000000000000, 5.412553747197527263E-17 ) ) ;
#3443 = DIRECTION ( 'NONE',  ( -1.000000000000000000, 0.000000000000000000, 0.000000000000000000 ) ) ;
#3444 = FACE_OUTER_BOUND ( 'NONE', #2577, .T. ) ;
#3445 = DIRECTION ( 'NONE',  ( 1.000000000000000000, 0.000000000000000000, -1.654744174222709448E-16 ) ) ;
#3446 = VECTOR ( 'NONE', #2697, 1000.000000000000000 ) ;
#3447 = VERTEX_POINT ( 'NONE', #5368 ) ;
#3448 = ORIENTED_EDGE ( 'NONE', *, *, #5271, .F. ) ;
#3449 = VERTEX_POINT ( 'NONE', #1303 ) ;
#3450 = CARTESIAN_POINT ( 'NONE',  ( 19.54563099807532467, 12.49999999999999822, 30.26302832933523845 ) ) ;
#3451 = DIRECTION ( 'NONE',  ( 1.000000000000000000, -0.000000000000000000, -0.000000000000000000 ) ) ;
#3452 = VECTOR ( 'NONE', #4897, 1000.000000000000000 ) ;
#3453 = ORIENTED_EDGE ( 'NONE', *, *, #2228, .T. ) ;
#3454 = CARTESIAN_POINT ( 'NONE',  ( -16.40000000000000568, 14.00000000000000000, -28.44999999999998863 ) ) ;
#3455 = VECTOR ( 'NONE', #3938, 1000.000000000000000 ) ;
#3456 = CYLINDRICAL_SURFACE ( 'NONE', #1979, 4.600000000000003197 ) ;
#3457 = CARTESIAN_POINT ( 'NONE',  ( 15.07623566518829961, 11.70000000000000107, 23.22796885807552059 ) ) ;
#3458 = FACE_OUTER_BOUND ( 'NONE', #4594, .T. ) ;
#3459 = CARTESIAN_POINT ( 'NONE',  ( -9.370316685842803750, 11.70000000000000107, 8.036288141110496497 ) ) ;
#3460 = EDGE_CURVE ( 'NONE', #2792, #1429, #5386, .T. ) ;
#3461 = VECTOR ( 'NONE', #267, 1000.000000000000000 ) ;
#3462 = VECTOR ( 'NONE', #2347, 1000.000000000000000 ) ;
#3463 = DIRECTION ( 'NONE',  ( -0.7057733216852292157, 0.000000000000000000, 0.7084377307833045201 ) ) ;
#3464 = CARTESIAN_POINT ( 'NONE',  ( -20.00000000000000000, 0.000000000000000000, 28.45000000000000284 ) ) ;
#3465 = VECTOR ( 'NONE', #718, 1000.000000000000000 ) ;
#3466 = AXIS2_PLACEMENT_3D ( 'NONE', #292, #377, #3248 ) ;
#3467 = CARTESIAN_POINT ( 'NONE',  ( -8.050000000036208192, 13.19999999999999929, 11.90000000000010338 ) ) ;
#3468 = EDGE_CURVE ( 'NONE', #820, #3374, #2101, .T. ) ;
#3469 = VECTOR ( 'NONE', #2056, 1000.000000000000000 ) ;
#3470 = ORIENTED_EDGE ( 'NONE', *, *, #3976, .T. ) ;
#3471 = DIRECTION ( 'NONE',  ( 0.000000000000000000, 1.000000000000000000, -0.000000000000000000 ) ) ;
#3472 = FACE_OUTER_BOUND ( 'NONE', #2312, .T. ) ;
#3473 =( NAMED_UNIT ( * ) SI_UNIT ( $, .STERADIAN. ) SOLID_ANGLE_UNIT ( ) );
#3474 = LINE ( 'NONE', #4312, #5117 ) ;
#3475 = CIRCLE ( 'NONE', #1640, 2.599999999999998312 ) ;
#3476 = LINE ( 'NONE', #5130, #3918 ) ;
#3477 = ADVANCED_FACE ( 'NONE', ( #2506 ), #3764, .T. ) ;
#3478 = ORIENTED_EDGE ( 'NONE', *, *, #1462, .F. ) ;
#3479 = ORIENTED_EDGE ( 'NONE', *, *, #4385, .F. ) ;
#3480 = AXIS2_PLACEMENT_3D ( 'NONE', #2489, #880, #1340 ) ;
#3481 = EDGE_LOOP ( 'NONE', ( #375, #3694, #869, #2995 ) ) ;
#3482 = CARTESIAN_POINT ( 'NONE',  ( 17.34229238369341886, 12.50000000000000178, 31.95630163600592866 ) ) ;
#3483 = LINE ( 'NONE', #5135, #3296 ) ;
#3484 = VECTOR ( 'NONE', #4477, 1000.000000000000114 ) ;
#3485 = VERTEX_POINT ( 'NONE', #2125 ) ;
#3486 = ORIENTED_EDGE ( 'NONE', *, *, #2599, .F. ) ;
#3487 = ORIENTED_EDGE ( 'NONE', *, *, #2105, .F. ) ;
#3488 = DIRECTION ( 'NONE',  ( 0.000000000000000000, -0.000000000000000000, 1.000000000000000000 ) ) ;
#3489 = CIRCLE ( 'NONE', #1477, 1.274999999999998357 ) ;
#3490 = LINE ( 'NONE', #1846, #152 ) ;
#3491 = DIRECTION ( 'NONE',  ( -0.000000000000000000, -1.000000000000000000, -0.000000000000000000 ) ) ;
#3492 = CARTESIAN_POINT ( 'NONE',  ( -18.44999999999969731, 0.000000000000000000, -28.24999999999999289 ) ) ;
#3493 = VECTOR ( 'NONE', #1847, 1000.000000000000000 ) ;
#3494 = DIRECTION ( 'NONE',  ( 1.000000000000000000, 0.000000000000000000, 0.000000000000000000 ) ) ;
#3495 = ADVANCED_FACE ( 'NONE', ( #2023 ), #808, .F. ) ;
#3496 = DIRECTION ( 'NONE',  ( 0.000000000000000000, 1.000000000000000000, 0.000000000000000000 ) ) ;
#3497 = FACE_OUTER_BOUND ( 'NONE', #5214, .T. ) ;
#3498 = VERTEX_POINT ( 'NONE', #1270 ) ;
#3499 = VERTEX_POINT ( 'NONE', #5038 ) ;
#3500 = EDGE_CURVE ( 'NONE', #1094, #4296, #3657, .T. ) ;
#3501 = LINE ( 'NONE', #3089, #2873 ) ;
#3502 = CARTESIAN_POINT ( 'NONE',  ( 20.00100000000000833, 6.204999999859253101, 29.11500000000009081 ) ) ;
#3503 = CARTESIAN_POINT ( 'NONE',  ( -16.40000000000000213, 13.19999999999999929, 31.05000000000000071 ) ) ;
#3504 = CARTESIAN_POINT ( 'NONE',  ( -17.80594073601374561, 4.000000000000000000, 29.88953339543472509 ) ) ;
#3505 = EDGE_CURVE ( 'NONE', #3679, #4776, #4220, .T. ) ;
#3506 = ORIENTED_EDGE ( 'NONE', *, *, #4763, .F. ) ;
#3507 = ORIENTED_EDGE ( 'NONE', *, *, #4431, .F. ) ;
#3508 = EDGE_LOOP ( 'NONE', ( #1119, #2633, #1430, #2632 ) ) ;
#3509 = EDGE_CURVE ( 'NONE', #581, #4125, #3789, .T. ) ;
#3510 = CARTESIAN_POINT ( 'NONE',  ( 8.949999999963793584, 11.70000000000000107, 8.700000000000104095 ) ) ;
#3511 = CARTESIAN_POINT ( 'NONE',  ( 19.99999999999999289, 8.759612155171570436, -16.96929045201742881 ) ) ;
#3512 = VERTEX_POINT ( 'NONE', #3689 ) ;
#3513 = ORIENTED_EDGE ( 'NONE', *, *, #2739, .F. ) ;
#3514 = ORIENTED_EDGE ( 'NONE', *, *, #2077, .T. ) ;
#3515 = ORIENTED_EDGE ( 'NONE', *, *, #4204, .F. ) ;
#3516 = EDGE_CURVE ( 'NONE', #284, #3746, #4732, .T. ) ;
#3517 = CARTESIAN_POINT ( 'NONE',  ( 18.44999999999970441, 4.000000000000000000, -27.74999999999998934 ) ) ;
#3518 = DIRECTION ( 'NONE',  ( -0.000000000000000000, 1.000000000000000000, -0.000000000000000000 ) ) ;
#3519 = CARTESIAN_POINT ( 'NONE',  ( -18.20000000000000284, 5.494999999859034645, 20.17500000000011795 ) ) ;
#3520 = DIRECTION ( 'NONE',  ( 0.000000000000000000, -1.000000000000000000, 0.000000000000000000 ) ) ;
#3521 = CARTESIAN_POINT ( 'NONE',  ( -9.050000000036209968, 11.70000000000000107, 7.700000000000102318 ) ) ;
#3522 = CYLINDRICAL_SURFACE ( 'NONE', #3735, 1.249999999999668043 ) ;
#3523 = ORIENTED_EDGE ( 'NONE', *, *, #1824, .F. ) ;
#3524 = ORIENTED_EDGE ( 'NONE', *, *, #2734, .T. ) ;
#3525 = CARTESIAN_POINT ( 'NONE',  ( 2.332400340011097621E-12, 11.70000000000000107, 21.38178248604694787 ) ) ;
#3526 = DIRECTION ( 'NONE',  ( -1.000000000000000000, -0.000000000000000000, 1.654744174222709448E-16 ) ) ;
#3527 = CARTESIAN_POINT ( 'NONE',  ( -17.13353340198057495, 14.00000000000000178, -31.17678143145529646 ) ) ;
#3528 = DIRECTION ( 'NONE',  ( 0.000000000000000000, 0.000000000000000000, 1.000000000000000000 ) ) ;
#3529 = EDGE_CURVE ( 'NONE', #1086, #581, #2779, .T. ) ;
#3530 = ORIENTED_EDGE ( 'NONE', *, *, #2016, .F. ) ;
#3531 = ORIENTED_EDGE ( 'NONE', *, *, #4114, .T. ) ;
#3532 = ORIENTED_EDGE ( 'NONE', *, *, #653, .F. ) ;
#3533 = CARTESIAN_POINT ( 'NONE',  ( 20.00000000000000000, 12.50000000000000178, 28.92123889803847092 ) ) ;
#3534 = DIRECTION ( 'NONE',  ( -1.000000000000000000, 0.000000000000000000, 0.000000000000000000 ) ) ;
#3535 = ORIENTED_EDGE ( 'NONE', *, *, #5298, .T. ) ;
#3536 = EDGE_CURVE ( 'NONE', #722, #261, #3475, .T. ) ;
#3537 = VERTEX_POINT ( 'NONE', #3304 ) ;
#3538 = ORIENTED_EDGE ( 'NONE', *, *, #4818, .T. ) ;
#3539 = VERTEX_POINT ( 'NONE', #2916 ) ;
#3540 = FACE_OUTER_BOUND ( 'NONE', #4309, .T. ) ;
#3541 = DIRECTION ( 'NONE',  ( 0.000000000000000000, 0.000000000000000000, 1.000000000000000000 ) ) ;
#3542 = DIRECTION ( 'NONE',  ( 1.000000000000000000, 0.000000000000000000, -0.000000000000000000 ) ) ;
#3543 = CARTESIAN_POINT ( 'NONE',  ( 17.34229239294878866, 12.50000000000000000, -31.95630163217221664 ) ) ;
#3544 = ADVANCED_FACE ( 'NONE', ( #3352 ), #2945, .F. ) ;
#3545 = CIRCLE ( 'NONE', #1187, 2.499999999999998668 ) ;
#3546 = AXIS2_PLACEMENT_3D ( 'NONE', #1581, #2022, #2783 ) ;
#3547 = DIRECTION ( 'NONE',  ( -1.000000000000000000, 0.000000000000000000, 0.000000000000000000 ) ) ;
#3548 = CARTESIAN_POINT ( 'NONE',  ( -16.64999999999999147, 8.750000000000000000, 28.79951569184058258 ) ) ;
#3549 = DIRECTION ( 'NONE',  ( 0.000000000000000000, 0.000000000000000000, 1.000000000000000000 ) ) ;
#3550 = VECTOR ( 'NONE', #2723, 1000.000000000000000 ) ;
#3551 = AXIS2_PLACEMENT_3D ( 'NONE', #1766, #3415, #2566 ) ;
#3552 = ORIENTED_EDGE ( 'NONE', *, *, #896, .F. ) ;
#3553 = EDGE_LOOP ( 'NONE', ( #4199, #5080, #1972, #4520 ) ) ;
#3554 = VECTOR ( 'NONE', #4598, 1000.000000000000000 ) ;
#3555 = VECTOR ( 'NONE', #4595, 1000.000000000000000 ) ;
#3556 = DIRECTION ( 'NONE',  ( -0.000000000000000000, 1.000000000000000000, -0.000000000000000000 ) ) ;
#3557 = LINE ( 'NONE', #304, #64 ) ;
#3558 = FACE_OUTER_BOUND ( 'NONE', #5207, .T. ) ;
#3559 = DIRECTION ( 'NONE',  ( -5.412553747197527263E-17, 0.000000000000000000, -1.000000000000000000 ) ) ;
#3560 = PRESENTATION_LAYER_ASSIGNMENT (  '', '', ( #3299 ) ) ;
#3561 = ORIENTED_EDGE ( 'NONE', *, *, #2446, .T. ) ;
#3562 = EDGE_LOOP ( 'NONE', ( #4096, #1841, #2394, #2744 ) ) ;
#3563 = LINE ( 'NONE', #1838, #579 ) ;
#3564 = VECTOR ( 'NONE', #3255, 1000.000000000000000 ) ;
#3565 = LINE ( 'NONE', #2717, #240 ) ;
#3566 = EDGE_CURVE ( 'NONE', #262, #691, #2892, .T. ) ;
#3567 = EDGE_LOOP ( 'NONE', ( #4009, #2203, #2463, #5109 ) ) ;
#3568 = VECTOR ( 'NONE', #2652, 1000.000000000000000 ) ;
#3569 = ORIENTED_EDGE ( 'NONE', *, *, #2996, .T. ) ;
#3570 = ORIENTED_EDGE ( 'NONE', *, *, #2195, .T. ) ;
#3571 = ORIENTED_EDGE ( 'NONE', *, *, #4045, .F. ) ;
#3572 = CARTESIAN_POINT ( 'NONE',  ( 6.949999999963791808, 13.19999999999999929, 10.90000000000010338 ) ) ;
#3573 = LINE ( 'NONE', #5195, #3461 ) ;
#3574 = EDGE_CURVE ( 'NONE', #1529, #3270, #2865, .T. ) ;
#3575 = DIRECTION ( 'NONE',  ( 5.412553747197526647E-17, 0.000000000000000000, 1.000000000000000000 ) ) ;
#3576 = VECTOR ( 'NONE', #3281, 1000.000000000000000 ) ;
#3577 = ADVANCED_FACE ( 'NONE', ( #3083 ), #2768, .F. ) ;
#3578 = AXIS2_PLACEMENT_3D ( 'NONE', #920, #2106, #444 ) ;
#3579 = CARTESIAN_POINT ( 'NONE',  ( 18.19999999999999929, -5.239284698566578413, 9.208779181729187968 ) ) ;
#3580 =( BOUNDED_SURFACE ( )  B_SPLINE_SURFACE ( 2, 3, ( 
 ( #4189, #1293, #3840, #2910 ),
 ( #2142, #4671, #2475, #3345 ),
 ( #4137, #399, #3758, #826 ) ),
 .UNSPECIFIED., .F., .F., .T. ) 
 B_SPLINE_SURFACE_WITH_KNOTS ( ( 3, 3 ),
 ( 4, 4 ),
 ( 0.000000000000000000, 1.000000000000000000 ),
 ( -0.01640000000000000138, 0.01639999999999999791 ),
 .UNSPECIFIED. ) 
 GEOMETRIC_REPRESENTATION_ITEM ( )  RATIONAL_B_SPLINE_SURFACE ( (
 ( 1.000000000000000000, 1.000000000000000000, 1.000000000000000000, 1.000000000000000000),
 ( 0.7071067811865467956, 0.7071067811865467956, 0.7071067811865467956, 0.7071067811865467956),
 ( 1.000000000000000000, 1.000000000000000000, 1.000000000000000000, 1.000000000000000000) ) ) 
 REPRESENTATION_ITEM ( '' )  SURFACE ( )  );
#3581 = ADVANCED_FACE ( 'NONE', ( #4653 ), #4303, .T. ) ;
#3582 = DIRECTION ( 'NONE',  ( 0.000000000000000000, 0.000000000000000000, 1.000000000000000000 ) ) ;
#3583 = DIRECTION ( 'NONE',  ( 0.000000000000000000, 1.000000000000000000, 0.000000000000000000 ) ) ;
#3584 = AXIS2_PLACEMENT_3D ( 'NONE', #5062, #2943, #4980 ) ;
#3585 = ORIENTED_EDGE ( 'NONE', *, *, #1358, .T. ) ;
#3586 = ORIENTED_EDGE ( 'NONE', *, *, #4399, .F. ) ;
#3587 = FACE_OUTER_BOUND ( 'NONE', #1129, .T. ) ;
#3588 = CARTESIAN_POINT ( 'NONE',  ( -17.13357302734443266, 14.00000000000000000, 31.17691953991984732 ) ) ;
#3589 = FILL_AREA_STYLE_COLOUR ( '', #4166 ) ;
#3590 = EDGE_LOOP ( 'NONE', ( #2590, #1078, #5347, #5234 ) ) ;
#3591 = EDGE_LOOP ( 'NONE', ( #2928, #1162, #4033, #208 ) ) ;
#3592 = CARTESIAN_POINT ( 'NONE',  ( 20.00000000000000000, 12.50000000000000000, 28.45000000000000284 ) ) ;
#3593 = CARTESIAN_POINT ( 'NONE',  ( 19.99999999999999645, 8.259612155171568659, -5.369667632591994533 ) ) ;
#3594 = CARTESIAN_POINT ( 'NONE',  ( 18.00000000000000355, 10.85525754875708060, 15.21378748615546073 ) ) ;
#3595 = ORIENTED_EDGE ( 'NONE', *, *, #1998, .F. ) ;
#3596 = ORIENTED_EDGE ( 'NONE', *, *, #4135, .F. ) ;
#3597 = EDGE_LOOP ( 'NONE', ( #1888, #80, #3046, #1539 ) ) ;
#3598 = FACE_OUTER_BOUND ( 'NONE', #3591, .T. ) ;
#3599 = CARTESIAN_POINT ( 'NONE',  ( -17.03182155544979182, -4.162030754331431659, 29.18953339543471870 ) ) ;
#3600 = DIRECTION ( 'NONE',  ( -1.000000000000000000, -0.000000000000000000, 1.654744174222709448E-16 ) ) ;
#3601 = EDGE_CURVE ( 'NONE', #396, #4552, #3897, .T. ) ;
#3602 = DIRECTION ( 'NONE',  ( 6.097446312748004835E-17, 0.000000000000000000, 1.000000000000000000 ) ) ;
#3603 = CARTESIAN_POINT ( 'NONE',  ( -20.00000000000000355, 1.855257548757081265, 11.01701856276042335 ) ) ;
#3604 = CARTESIAN_POINT ( 'NONE',  ( -13.17605797928974454, 13.19999999999999929, 7.700000000000102318 ) ) ;
#3605 = ORIENTED_EDGE ( 'NONE', *, *, #4624, .T. ) ;
#3606 = EDGE_CURVE ( 'NONE', #4834, #5058, #1118, .T. ) ;
#3607 = EDGE_LOOP ( 'NONE', ( #2118, #2786, #2885, #1854, #2305, #560 ) ) ;
#3608 = LINE ( 'NONE', #1999, #1740 ) ;
#3609 = LINE ( 'NONE', #4393, #4503 ) ;
#3610 = DIRECTION ( 'NONE',  ( 1.000000000000000000, 0.000000000000000000, -0.000000000000000000 ) ) ;
#3611 = ADVANCED_FACE ( 'NONE', ( #2335 ), #2620, .F. ) ;
#3612 = ORIENTED_EDGE ( 'NONE', *, *, #3034, .T. ) ;
#3613 = VERTEX_POINT ( 'NONE', #259 ) ;
#3614 = VERTEX_POINT ( 'NONE', #3492 ) ;
#3615 = CARTESIAN_POINT ( 'NONE',  ( -19.93804677753132992, 6.319063246662709687, 29.11500000000012278 ) ) ;
#3616 = DIRECTION ( 'NONE',  ( 1.000000000000000000, 0.000000000000000000, -1.654744174222709694E-16 ) ) ;
#3617 = CARTESIAN_POINT ( 'NONE',  ( -17.03182155544979182, 0.000000000000000000, 29.18953339543471870 ) ) ;
#3618 = ORIENTED_EDGE ( 'NONE', *, *, #51, .F. ) ;
#3619 = ORIENTED_EDGE ( 'NONE', *, *, #3732, .F. ) ;
#3620 = ORIENTED_EDGE ( 'NONE', *, *, #4731, .T. ) ;
#3621 = ORIENTED_EDGE ( 'NONE', *, *, #4748, .F. ) ;
#3622 = DIRECTION ( 'NONE',  ( -1.000000000000000000, -0.000000000000000000, 5.412553747197527263E-17 ) ) ;
#3623 = LINE ( 'NONE', #5277, #1189 ) ;
#3624 = DIRECTION ( 'NONE',  ( -0.000000000000000000, -1.000000000000000000, -0.000000000000000000 ) ) ;
#3625 = PLANE ( 'NONE',  #4242 ) ;
#3626 = CARTESIAN_POINT ( 'NONE',  ( -16.40000000000000213, 13.19999999999999929, 31.05000000000000071 ) ) ;
#3627 = DIRECTION ( 'NONE',  ( 0.000000000000000000, 0.000000000000000000, 1.000000000000000000 ) ) ;
#3628 = CARTESIAN_POINT ( 'NONE',  ( -16.94999999999999218, 8.750000000000000000, 28.79951569184058258 ) ) ;
#3629 = EDGE_CURVE ( 'NONE', #3365, #1729, #5086, .T. ) ;
#3630 = AXIS2_PLACEMENT_3D ( 'NONE', #1231, #816, #2486 ) ;
#3631 = ORIENTED_EDGE ( 'NONE', *, *, #5033, .F. ) ;
#3632 = CARTESIAN_POINT ( 'NONE',  ( -17.80594073601374561, 4.000000000000000000, 30.38953339543472509 ) ) ;
#3633 = CARTESIAN_POINT ( 'NONE',  ( -20.00000000000000355, 12.50000000000000000, -28.44999999999998863 ) ) ;
#3634 = VECTOR ( 'NONE', #2055, 1000.000000000000000 ) ;
#3635 = CARTESIAN_POINT ( 'NONE',  ( -18.20000000000000284, 10.09999999985903862, 21.24264564540182221 ) ) ;
#3636 = EDGE_CURVE ( 'NONE', #2984, #3045, #567, .T. ) ;
#3637 = EDGE_CURVE ( 'NONE', #740, #1520, #2740, .T. ) ;
#3638 = VECTOR ( 'NONE', #3518, 1000.000000000000000 ) ;
#3639 = VECTOR ( 'NONE', #4762, 1000.000000000000000 ) ;
#3640 = ORIENTED_EDGE ( 'NONE', *, *, #2069, .F. ) ;
#3641 = ORIENTED_EDGE ( 'NONE', *, *, #5342, .T. ) ;
#3642 = CARTESIAN_POINT ( 'NONE',  ( 18.19999999999999574, 8.250000000000000000, 26.24999999999998934 ) ) ;
#3643 = CARTESIAN_POINT ( 'NONE',  ( -19.97490419269278306, 6.945444621120726580, 28.87833438791971830 ) ) ;
#3644 = CARTESIAN_POINT ( 'NONE',  ( -19.20000000000000639, 14.00000000000000000, 9.483333333333339610 ) ) ;
#3645 = EDGE_CURVE ( 'NONE', #395, #4581, #545, .T. ) ;
#3646 = AXIS2_PLACEMENT_3D ( 'NONE', #693, #744, #370 ) ;
#3647 = DIRECTION ( 'NONE',  ( 0.000000000000000000, 0.000000000000000000, -1.000000000000000000 ) ) ;
#3648 = VECTOR ( 'NONE', #912, 1000.000000000000000 ) ;
#3649 = ORIENTED_EDGE ( 'NONE', *, *, #5149, .F. ) ;
#3650 = ORIENTED_EDGE ( 'NONE', *, *, #2069, .T. ) ;
#3651 = VERTEX_POINT ( 'NONE', #2183 ) ;
#3652 = VECTOR ( 'NONE', #657, 1000.000000000000000 ) ;
#3653 = ORIENTED_EDGE ( 'NONE', *, *, #4423, .F. ) ;
#3654 = DIRECTION ( 'NONE',  ( -0.000000000000000000, 1.000000000000000000, -0.000000000000000000 ) ) ;
#3655 = CARTESIAN_POINT ( 'NONE',  ( -12.07500000000022844, 5.099999999857725008, -30.94999999999998508 ) ) ;
#3656 = DIRECTION ( 'NONE',  ( 1.000000000000000000, -0.000000000000000000, -0.000000000000000000 ) ) ;
#3657 = CIRCLE ( 'NONE', #4088, 3.599999999999999201 ) ;
#3658 = CARTESIAN_POINT ( 'NONE',  ( -20.00000000000000000, 9.599999999859038624, 27.54264080459935826 ) ) ;
#3659 = VECTOR ( 'NONE', #1927, 1000.000000000000000 ) ;
#3660 = CARTESIAN_POINT ( 'NONE',  ( -18.00000000000000355, 1.855257548757081265, 12.51701856276042335 ) ) ;
#3661 = PLANE ( 'NONE',  #3546 ) ;
#3662 = LINE ( 'NONE', #5284, #426 ) ;
#3663 = ADVANCED_FACE ( 'NONE', ( #1351, #4830 ), #1098, .T. ) ;
#3664 = ORIENTED_EDGE ( 'NONE', *, *, #4234, .T. ) ;
#3665 = LINE ( 'NONE', #4908, #4441 ) ;
#3666 = DIRECTION ( 'NONE',  ( 0.000000000000000000, 0.000000000000000000, 1.000000000000000000 ) ) ;
#3667 = AXIS2_PLACEMENT_3D ( 'NONE', #1413, #3085, #2623 ) ;
#3668 = LINE ( 'NONE', #3635, #1993 ) ;
#3669 = VECTOR ( 'NONE', #1337, 1000.000000000000000 ) ;
#3670 = ADVANCED_FACE ( 'NONE', ( #1411 ), #87, .T. ) ;
#3671 = ORIENTED_EDGE ( 'NONE', *, *, #5089, .F. ) ;
#3672 = ORIENTED_EDGE ( 'NONE', *, *, #1487, .F. ) ;
#3673 = PLANE ( 'NONE',  #687 ) ;
#3674 = CARTESIAN_POINT ( 'NONE',  ( 18.21302832007926753, 13.99999999999968203, 31.59563100190953833 ) ) ;
#3675 = PRODUCT_DEFINITION ( 'н╢ж╙', '', #5322, #2954 ) ;
#3676 = PLANE ( 'NONE',  #2249 ) ;
#3677 = FACE_BOUND ( 'NONE', #4750, .T. ) ;
#3678 = ORIENTED_EDGE ( 'NONE', *, *, #5101, .F. ) ;
#3679 = VERTEX_POINT ( 'NONE', #1764 ) ;
#3680 = EDGE_CURVE ( 'NONE', #1616, #2816, #3435, .T. ) ;
#3681 = VERTEX_POINT ( 'NONE', #4681 ) ;
#3682 = ORIENTED_EDGE ( 'NONE', *, *, #2433, .F. ) ;
#3683 = DIRECTION ( 'NONE',  ( 1.000000000000000000, 0.000000000000000000, 0.000000000000000000 ) ) ;
#3684 = CARTESIAN_POINT ( 'NONE',  ( 16.39999999999999858, 0.000000000000000000, -28.44999999999998863 ) ) ;
#3685 = B_SPLINE_CURVE_WITH_KNOTS ( 'NONE', 3,
 ( #4678, #973, #3761, #4629, #2180, #3023, #462, #2974, #889, #4217 ),
 .UNSPECIFIED., .F., .F.,
 ( 4, 2, 2, 2, 4 ),
 ( 0.000000000000000000, 0.2500000000000000000, 0.5000000000000000000, 0.7500000000000000000, 1.000000000000000000 ),
 .UNSPECIFIED. ) ;
#3686 = CARTESIAN_POINT ( 'NONE',  ( 18.99999999999999645, 14.00000000000000000, -28.44999999999998863 ) ) ;
#3687 = LINE ( 'NONE', #355, #6 ) ;
#3688 = FACE_OUTER_BOUND ( 'NONE', #550, .T. ) ;
#3689 = CARTESIAN_POINT ( 'NONE',  ( -20.00000000000000000, 8.199999999859237221, 28.04264080459935826 ) ) ;
#3690 = ORIENTED_EDGE ( 'NONE', *, *, #3404, .T. ) ;
#3691 = DIRECTION ( 'NONE',  ( -1.000000000000000000, -0.000000000000000000, 5.412553747197527263E-17 ) ) ;
#3692 = CYLINDRICAL_SURFACE ( 'NONE', #2774, 2.599999999999998312 ) ;
#3693 = ORIENTED_EDGE ( 'NONE', *, *, #1288, .F. ) ;
#3694 = ORIENTED_EDGE ( 'NONE', *, *, #5327, .F. ) ;
#3695 = CARTESIAN_POINT ( 'NONE',  ( -12.07500000000022844, 5.099999999857725008, -32.04999999999999005 ) ) ;
#3696 = CARTESIAN_POINT ( 'NONE',  ( 16.40000000000000213, 14.00000000000000000, 31.25000000000000000 ) ) ;
#3697 = FACE_OUTER_BOUND ( 'NONE', #4807, .T. ) ;
#3698 = LINE ( 'NONE', #1533, #85 ) ;
#3699 = EDGE_CURVE ( 'NONE', #1012, #1741, #4279, .T. ) ;
#3700 = EDGE_LOOP ( 'NONE', ( #4752, #2690, #4353, #2331 ) ) ;
#3701 = VERTEX_POINT ( 'NONE', #1787 ) ;
#3702 = ORIENTED_EDGE ( 'NONE', *, *, #4139, .F. ) ;
#3703 = EDGE_LOOP ( 'NONE', ( #509, #4077, #13, #3003 ) ) ;
#3704 = CARTESIAN_POINT ( 'NONE',  ( 16.40000000000000213, 12.50000000000000000, 32.05000000000000426 ) ) ;
#3705 = LINE ( 'NONE', #2476, #2418 ) ;
#3706 = EDGE_CURVE ( 'NONE', #620, #4593, #4708, .T. ) ;
#3707 = DIRECTION ( 'NONE',  ( 1.000000000000000000, 0.000000000000000000, -0.000000000000000000 ) ) ;
#3708 = DIRECTION ( 'NONE',  ( 0.000000000000000000, -0.000000000000000000, 1.000000000000000000 ) ) ;
#3709 = VECTOR ( 'NONE', #3434, 1000.000000000000000 ) ;
#3710 = DIRECTION ( 'NONE',  ( -0.000000000000000000, 1.000000000000000000, -0.000000000000000000 ) ) ;
#3711 = EDGE_CURVE ( 'NONE', #5258, #1967, #2234, .T. ) ;
#3712 = ORIENTED_EDGE ( 'NONE', *, *, #5298, .F. ) ;
#3713 = DIRECTION ( 'NONE',  ( -0.000000000000000000, -0.000000000000000000, -1.000000000000000000 ) ) ;
#3714 = CARTESIAN_POINT ( 'NONE',  ( -16.87132385417735492, 12.50000000000000000, -32.04999999999999005 ) ) ;
#3715 = ORIENTED_EDGE ( 'NONE', *, *, #3333, .T. ) ;
#3716 = CARTESIAN_POINT ( 'NONE',  ( -18.00000000000000355, 10.85525754875703797, 10.71378748615546250 ) ) ;
#3717 = DIRECTION ( 'NONE',  ( 1.000000000000000000, 0.000000000000000000, 0.000000000000000000 ) ) ;
#3718 = DIRECTION ( 'NONE',  ( 0.000000000000000000, 1.000000000000000000, -0.000000000000000000 ) ) ;
#3719 = DIRECTION ( 'NONE',  ( -0.000000000000000000, 1.000000000000000000, -0.000000000000000000 ) ) ;
#3720 = DIRECTION ( 'NONE',  ( 5.412553747197527263E-17, 0.000000000000000000, 1.000000000000000000 ) ) ;
#3721 = VECTOR ( 'NONE', #2732, 1000.000000000000000 ) ;
#3722 = AXIS2_PLACEMENT_3D ( 'NONE', #2941, #2534, #541 ) ;
#3723 = EDGE_LOOP ( 'NONE', ( #276, #2820, #289 ) ) ;
#3724 = ORIENTED_EDGE ( 'NONE', *, *, #3333, .F. ) ;
#3725 = VERTEX_POINT ( 'NONE', #4130 ) ;
#3726 = ORIENTED_EDGE ( 'NONE', *, *, #3509, .F. ) ;
#3727 = ADVANCED_FACE ( 'NONE', ( #1951, #2800, #3677, #2057, #1234 ), #1614, .F. ) ;
#3728 = DIRECTION ( 'NONE',  ( 0.000000000000000000, 1.000000000000000000, 0.000000000000000000 ) ) ;
#3729 = CIRCLE ( 'NONE', #1369, 3.799999999999980282 ) ;
#3730 = CARTESIAN_POINT ( 'NONE',  ( -20.00000000000000000, 6.204999999859395210, 21.42499999999976978 ) ) ;
#3731 = AXIS2_PLACEMENT_3D ( 'NONE', #738, #3610, #4505 ) ;
#3732 = EDGE_CURVE ( 'NONE', #4698, #4447, #773, .T. ) ;
#3733 = DIRECTION ( 'NONE',  ( 0.000000000000000000, 0.000000000000000000, 1.000000000000000000 ) ) ;
#3734 = CARTESIAN_POINT ( 'NONE',  ( -16.64999999999999147, 8.750000000000000000, 28.49951569184058187 ) ) ;
#3735 = AXIS2_PLACEMENT_3D ( 'NONE', #1388, #2295, #525 ) ;
#3736 = EDGE_CURVE ( 'NONE', #3270, #1529, #518, .T. ) ;
#3737 = DIRECTION ( 'NONE',  ( -1.000000000000000000, 0.000000000000000000, 0.000000000000000000 ) ) ;
#3738 = CARTESIAN_POINT ( 'NONE',  ( 16.39999999999999858, 14.00000000000000000, -28.44999999999998863 ) ) ;
#3739 = VECTOR ( 'NONE', #3026, 1000.000000000000000 ) ;
#3740 = EDGE_CURVE ( 'NONE', #809, #4778, #4346, .T. ) ;
#3741 = ORIENTED_EDGE ( 'NONE', *, *, #2108, .F. ) ;
#3742 = PLANE ( 'NONE',  #2011 ) ;
#3743 = DIRECTION ( 'NONE',  ( -1.000000000000000000, 0.000000000000000000, 0.000000000000000000 ) ) ;
#3744 = AXIS2_PLACEMENT_3D ( 'NONE', #4420, #1064, #1500 ) ;
#3745 = ADVANCED_FACE ( 'NONE', ( #391 ), #5333, .F. ) ;
#3746 = VERTEX_POINT ( 'NONE', #4429 ) ;
#3747 = VECTOR ( 'NONE', #1495, 1000.000000000000000 ) ;
#3748 = LINE ( 'NONE', #14, #1644 ) ;
#3749 = CARTESIAN_POINT ( 'NONE',  ( 8.297907058017150561, 13.19999999999999929, 30.03188675837486699 ) ) ;
#3750 = CARTESIAN_POINT ( 'NONE',  ( -18.61236819190969527, 12.50000000000000178, 31.32880063263344894 ) ) ;
#3751 = CARTESIAN_POINT ( 'NONE',  ( -15.07500000004169749, 5.200000000000000178, -30.94999999999998863 ) ) ;
#3752 = LINE ( 'NONE', #3422, #2084 ) ;
#3753 = VECTOR ( 'NONE', #2399, 1000.000000000000000 ) ;
#3754 = ORIENTED_EDGE ( 'NONE', *, *, #197, .T. ) ;
#3755 = EDGE_LOOP ( 'NONE', ( #1211, #2109 ) ) ;
#3756 = EDGE_LOOP ( 'NONE', ( #3159, #3586, #3206, #5174 ) ) ;
#3757 = ORIENTED_EDGE ( 'NONE', *, *, #3133, .F. ) ;
#3758 = CARTESIAN_POINT ( 'NONE',  ( -5.466666666666666785, 14.00000000000000000, 31.25000000000000000 ) ) ;
#3759 = PLANE ( 'NONE',  #4075 ) ;
#3760 = CARTESIAN_POINT ( 'NONE',  ( -16.40000000000000568, 14.00000000000000000, -28.44999999999998863 ) ) ;
#3761 = CARTESIAN_POINT ( 'NONE',  ( 19.12678143145086906, 14.00000000000000178, -29.18353340199008983 ) ) ;
#3762 = CARTESIAN_POINT ( 'NONE',  ( -19.20000000000000284, 14.00000000000000000, 28.45000000000000284 ) ) ;
#3763 = CARTESIAN_POINT ( 'NONE',  ( -20.00000000000000711, 14.00000000000000000, 9.483333333333334281 ) ) ;
#3764 = CYLINDRICAL_SURFACE ( 'NONE', #5119, 0.2000000000000005107 ) ;
#3765 = ADVANCED_FACE ( 'NONE', ( #3289 ), #4083, .F. ) ;
#3766 = ORIENTED_EDGE ( 'NONE', *, *, #955, .T. ) ;
#3767 = CARTESIAN_POINT ( 'NONE',  ( 16.22500000000117382, 8.250000000000000000, -26.24999999999998934 ) ) ;
#3768 = B_SPLINE_CURVE_WITH_KNOTS ( 'NONE', 3,
 ( #2806, #725, #2831, #2857, #750, #3295, #2397, #4951, #1216, #803 ),
 .UNSPECIFIED., .F., .F.,
 ( 4, 2, 2, 2, 4 ),
 ( 0.000000000000000000, 0.2500000000000000000, 0.5000000000000000000, 0.7500000000000000000, 1.000000000000000000 ),
 .UNSPECIFIED. ) ;
#3769 = DIRECTION ( 'NONE',  ( -0.000000000000000000, -1.000000000000000000, 0.000000000000000000 ) ) ;
#3770 = CARTESIAN_POINT ( 'NONE',  ( 18.19999999999999929, 1.855257548757081265, 11.01701856276042335 ) ) ;
#3771 = ADVANCED_FACE ( 'NONE', ( #2010 ), #2850, .F. ) ;
#3772 = ORIENTED_EDGE ( 'NONE', *, *, #4004, .F. ) ;
#3773 = CARTESIAN_POINT ( 'NONE',  ( 20.00000000000000355, 10.85525754875699711, 3.213787486155459838 ) ) ;
#3774 = CARTESIAN_POINT ( 'NONE',  ( -20.00000000000000355, 14.00000000000000000, -32.04999999999999005 ) ) ;
#3775 = DIRECTION ( 'NONE',  ( 1.000000000000000000, 0.000000000000000000, 0.000000000000000000 ) ) ;
#3776 = FACE_OUTER_BOUND ( 'NONE', #5014, .T. ) ;
#3777 = ADVANCED_FACE ( 'NONE', ( #2447 ), #4031, .F. ) ;
#3778 = VERTEX_POINT ( 'NONE', #5303 ) ;
#3779 = ORIENTED_EDGE ( 'NONE', *, *, #753, .F. ) ;
#3780 = VERTEX_POINT ( 'NONE', #3617 ) ;
#3781 = ORIENTED_EDGE ( 'NONE', *, *, #2833, .T. ) ;
#3782 = DIRECTION ( 'NONE',  ( 0.000000000000000000, 0.000000000000000000, 1.000000000000000000 ) ) ;
#3783 = CARTESIAN_POINT ( 'NONE',  ( -16.39999999999999503, 14.00000000000000000, 31.25000000000000000 ) ) ;
#3784 = VERTEX_POINT ( 'NONE', #5270 ) ;
#3785 = CARTESIAN_POINT ( 'NONE',  ( -20.00000000000000000, 9.599999999859038624, 21.24264564540182576 ) ) ;
#3786 = DIRECTION ( 'NONE',  ( -0.7084377307833046311, 0.000000000000000000, -0.7057733216852293268 ) ) ;
#3787 = LINE ( 'NONE', #54, #3317 ) ;
#3788 = CARTESIAN_POINT ( 'NONE',  ( 16.39999999999999503, 14.00000000000000000, -32.04999999999999005 ) ) ;
#3789 = LINE ( 'NONE', #1246, #5206 ) ;
#3790 = VERTEX_POINT ( 'NONE', #4945 ) ;
#3791 = PLANE ( 'NONE',  #4761 ) ;
#3792 = EDGE_CURVE ( 'NONE', #5155, #4034, #3698, .T. ) ;
#3793 = FACE_OUTER_BOUND ( 'NONE', #2570, .T. ) ;
#3794 = CARTESIAN_POINT ( 'NONE',  ( -18.84660189037414213, 14.00000000000000000, -29.86013313784009782 ) ) ;
#3795 = ORIENTED_EDGE ( 'NONE', *, *, #437, .F. ) ;
#3796 = ADVANCED_FACE ( 'NONE', ( #3267 ), #4128, .T. ) ;
#3797 = CARTESIAN_POINT ( 'NONE',  ( -18.20000000000000284, 6.204999999859553306, 27.86500000000043187 ) ) ;
#3798 = FACE_BOUND ( 'NONE', #5158, .T. ) ;
#3799 = DIRECTION ( 'NONE',  ( 0.000000000000000000, 0.000000000000000000, -1.000000000000000000 ) ) ;
#3800 = CARTESIAN_POINT ( 'NONE',  ( 18.19999999999999574, 8.250000000000000000, -26.24999999999998934 ) ) ;
#3801 = CYLINDRICAL_SURFACE ( 'NONE', #1817, 2.599999999999998312 ) ;
#3802 = ADVANCED_FACE ( 'NONE', ( #4515 ), #4156, .F. ) ;
#3803 = ORIENTED_EDGE ( 'NONE', *, *, #1203, .F. ) ;
#3804 = VECTOR ( 'NONE', #5152, 1000.000000000000000 ) ;
#3805 = ORIENTED_EDGE ( 'NONE', *, *, #30, .F. ) ;
#3806 = EDGE_LOOP ( 'NONE', ( #855, #2005, #3975, #2553 ) ) ;
#3807 = EDGE_CURVE ( 'NONE', #1482, #3701, #1315, .T. ) ;
#3808 = LINE ( 'NONE', #1239, #4163 ) ;
#3809 = LINE ( 'NONE', #5001, #3554 ) ;
#3810 = VECTOR ( 'NONE', #1461, 1000.000000000000000 ) ;
#3811 = AXIS2_PLACEMENT_3D ( 'NONE', #544, #4729, #3929 ) ;
#3812 = EDGE_LOOP ( 'NONE', ( #3069, #5336, #3863, #3293 ) ) ;
#3813 = CIRCLE ( 'NONE', #4849, 2.599999999999998312 ) ;
#3814 = VECTOR ( 'NONE', #4384, 1000.000000000000000 ) ;
#3815 = DIRECTION ( 'NONE',  ( -1.000000000000000000, 0.000000000000000000, 0.000000000000000000 ) ) ;
#3816 = LINE ( 'NONE', #5083, #2152 ) ;
#3817 = DIRECTION ( 'NONE',  ( -0.000000000000000000, -1.000000000000000000, -0.000000000000000000 ) ) ;
#3818 = CARTESIAN_POINT ( 'NONE',  ( -19.20000000000000639, 14.00000000000000000, 28.45000000000000284 ) ) ;
#3819 = DIRECTION ( 'NONE',  ( 0.000000000000000000, -0.000000000000000000, 1.000000000000000000 ) ) ;
#3820 = VECTOR ( 'NONE', #2385, 1000.000000000000000 ) ;
#3821 = ORIENTED_EDGE ( 'NONE', *, *, #2374, .T. ) ;
#3822 = LINE ( 'NONE', #3767, #2501 ) ;
#3823 = CIRCLE ( 'NONE', #3385, 1.750000000000001554 ) ;
#3824 = CARTESIAN_POINT ( 'NONE',  ( 16.22500000000117026, 13.19999999999999929, 7.700000000000102318 ) ) ;
#3825 = CARTESIAN_POINT ( 'NONE',  ( -17.13289408340461151, 14.00000000000000000, -31.17712349168923325 ) ) ;
#3826 = AXIS2_PLACEMENT_3D ( 'NONE', #1751, #70, #4562 ) ;
#3827 = ADVANCED_FACE ( 'NONE', ( #2087 ), #99, .F. ) ;
#3828 = ORIENTED_EDGE ( 'NONE', *, *, #3274, .T. ) ;
#3829 = DIRECTION ( 'NONE',  ( -0.000000000000000000, 0.000000000000000000, 1.000000000000000000 ) ) ;
#3830 = FACE_BOUND ( 'NONE', #3414, .T. ) ;
#3831 = VECTOR ( 'NONE', #4456, 1000.000000000000000 ) ;
#3832 = CARTESIAN_POINT ( 'NONE',  ( -12.07500000000022844, 5.099999999857725008, -32.04999999999999005 ) ) ;
#3833 = CARTESIAN_POINT ( 'NONE',  ( 16.40000000000000213, 13.19999999999999929, 28.45000000000000284 ) ) ;
#3834 = ORIENTED_EDGE ( 'NONE', *, *, #4724, .T. ) ;
#3835 = EDGE_CURVE ( 'NONE', #2244, #1806, #3752, .T. ) ;
#3836 = VECTOR ( 'NONE', #1850, 1000.000000000000000 ) ;
#3837 = EDGE_LOOP ( 'NONE', ( #4376, #2625, #1002, #5191 ) ) ;
#3838 = ADVANCED_FACE ( 'NONE', ( #3776 ), #3801, .F. ) ;
#3839 = ORIENTED_EDGE ( 'NONE', *, *, #2095, .T. ) ;
#3840 = CARTESIAN_POINT ( 'NONE',  ( -5.466666666666666785, 12.50000000000000000, 32.05000000000000426 ) ) ;
#3841 = CARTESIAN_POINT ( 'NONE',  ( 16.39999999999999503, 14.00000000000000000, -32.04999999999999005 ) ) ;
#3842 = EDGE_CURVE ( 'NONE', #3916, #1942, #1286, .T. ) ;
#3843 = VERTEX_POINT ( 'NONE', #452 ) ;
#3844 = CIRCLE ( 'NONE', #2454, 1.749999999999977351 ) ;
#3845 = LINE ( 'NONE', #4601, #1361 ) ;
#3846 = DIRECTION ( 'NONE',  ( 1.000000000000000000, 0.000000000000000000, -5.337610695313299505E-15 ) ) ;
#3847 = CARTESIAN_POINT ( 'NONE',  ( -19.27880062554999441, 14.00000000000000000, 30.66236819899379284 ) ) ;
#3848 = DIRECTION ( 'NONE',  ( 1.000000000000000000, -0.000000000000000000, 0.000000000000000000 ) ) ;
#3849 = DIRECTION ( 'NONE',  ( 0.000000000000000000, 0.000000000000000000, -1.000000000000000000 ) ) ;
#3850 = ADVANCED_FACE ( 'NONE', ( #4235 ), #4209, .T. ) ;
#3851 = ORIENTED_EDGE ( 'NONE', *, *, #2836, .F. ) ;
#3852 = FACE_OUTER_BOUND ( 'NONE', #210, .T. ) ;
#3853 = LINE ( 'NONE', #4657, #4787 ) ;
#3854 = FACE_OUTER_BOUND ( 'NONE', #2411, .T. ) ;
#3855 = ORIENTED_EDGE ( 'NONE', *, *, #2599, .T. ) ;
#3856 = LINE ( 'NONE', #120, #3228 ) ;
#3857 = PLANE ( 'NONE',  #1099 ) ;
#3858 = FILL_AREA_STYLE ('',( #1364 ) ) ;
#3859 = CARTESIAN_POINT ( 'NONE',  ( -18.63860733016279525, 13.99999999999999822, -30.17129160594978998 ) ) ;
#3860 = CARTESIAN_POINT ( 'NONE',  ( 7.058141029146305812, 11.70000000000000107, 28.79678344542583801 ) ) ;
#3861 = ORIENTED_EDGE ( 'NONE', *, *, #1203, .T. ) ;
#3862 = VERTEX_POINT ( 'NONE', #905 ) ;
#3863 = ORIENTED_EDGE ( 'NONE', *, *, #2043, .F. ) ;
#3864 = DIRECTION ( 'NONE',  ( -1.000000000000000000, 2.736911063134408342E-48, 1.654744174222709694E-16 ) ) ;
#3865 = CARTESIAN_POINT ( 'NONE',  ( 20.00000000000000355, 1.855257548756997554, -0.9829814372395776489 ) ) ;
#3866 = ADVANCED_FACE ( 'NONE', ( #932 ), #532, .F. ) ;
#3867 = ORIENTED_EDGE ( 'NONE', *, *, #4165, .T. ) ;
#3868 = FACE_OUTER_BOUND ( 'NONE', #1617, .T. ) ;
#3869 = DIRECTION ( 'NONE',  ( 0.000000000000000000, 0.000000000000000000, 1.000000000000000000 ) ) ;
#3870 = EDGE_CURVE ( 'NONE', #1741, #2396, #1776, .T. ) ;
#3871 = CARTESIAN_POINT ( 'NONE',  ( -18.19999999999999929, 1.855257548757039521, 6.517018562760421574 ) ) ;
#3872 = CARTESIAN_POINT ( 'NONE',  ( -20.00000000000000355, 12.50000000000000000, -28.44999999999998863 ) ) ;
#3873 = DIRECTION ( 'NONE',  ( 1.000000000000000000, -0.000000000000000000, -1.654744174222709448E-16 ) ) ;
#3874 = CARTESIAN_POINT ( 'NONE',  ( 0.000000000000000000, 8.250000000000000000, 0.000000000000000000 ) ) ;
#3875 = EDGE_CURVE ( 'NONE', #911, #854, #2781, .T. ) ;
#3876 = CARTESIAN_POINT ( 'NONE',  ( 18.00000000000000355, 10.85525754875703797, 10.71378748615546250 ) ) ;
#3877 = DIRECTION ( 'NONE',  ( -0.000000000000000000, -1.000000000000000000, -0.000000000000000000 ) ) ;
#3878 = ORIENTED_EDGE ( 'NONE', *, *, #1136, .T. ) ;
#3879 = DIRECTION ( 'NONE',  ( -0.000000000000000000, -1.000000000000000000, -0.000000000000000000 ) ) ;
#3880 = CARTESIAN_POINT ( 'NONE',  ( 8.297907058017150561, 13.19999999999999929, 30.03188675837486699 ) ) ;
#3881 = CARTESIAN_POINT ( 'NONE',  ( 18.44999999999970441, 4.000000000000000000, -28.24999999999998934 ) ) ;
#3882 = CARTESIAN_POINT ( 'NONE',  ( -18.00000000000000355, 1.855257548757039521, 5.017018562760422462 ) ) ;
#3883 = VERTEX_POINT ( 'NONE', #5099 ) ;
#3884 = ORIENTED_EDGE ( 'NONE', *, *, #2996, .F. ) ;
#3885 = CARTESIAN_POINT ( 'NONE',  ( 18.19999999999999574, 0.000000000000000000, -26.24999999999998934 ) ) ;
#3886 = DIRECTION ( 'NONE',  ( 0.000000000000000000, -0.9063077870366479383, -0.4226182617407036601 ) ) ;
#3887 = VECTOR ( 'NONE', #3427, 1000.000000000000000 ) ;
#3888 = VERTEX_POINT ( 'NONE', #1696 ) ;
#3889 = EDGE_LOOP ( 'NONE', ( #2609, #1922, #2419, #5132 ) ) ;
#3890 = EDGE_CURVE ( 'NONE', #1094, #94, #2904, .T. ) ;
#3891 = EDGE_LOOP ( 'NONE', ( #21, #4576, #2190, #1610 ) ) ;
#3892 = DIRECTION ( 'NONE',  ( -4.905439608839507105E-17, 0.4226182617407037712, -0.9063077870366480493 ) ) ;
#3893 = VECTOR ( 'NONE', #902, 1000.000000000000000 ) ;
#3894 = CARTESIAN_POINT ( 'NONE',  ( 13.53605915637520063, 13.19999999999999929, 15.82704321637290157 ) ) ;
#3895 = DIRECTION ( 'NONE',  ( -5.412553747197527263E-17, 0.000000000000000000, -1.000000000000000000 ) ) ;
#3896 = FACE_OUTER_BOUND ( 'NONE', #2420, .T. ) ;
#3897 = LINE ( 'NONE', #3459, #4683 ) ;
#3898 = VECTOR ( 'NONE', #3494, 1000.000000000000000 ) ;
#3899 = EDGE_CURVE ( 'NONE', #5058, #2251, #5050, .T. ) ;
#3900 = CARTESIAN_POINT ( 'NONE',  ( 18.99999999999999645, 13.19999999999999929, -28.44999999999998863 ) ) ;
#3901 = EDGE_CURVE ( 'NONE', #536, #3498, #431, .T. ) ;
#3902 = CARTESIAN_POINT ( 'NONE',  ( 15.25402600187435809, 11.70000000000000107, 19.58934830313743802 ) ) ;
#3903 = VECTOR ( 'NONE', #3451, 1000.000000000000000 ) ;
#3904 = VECTOR ( 'NONE', #4546, 1000.000000000000000 ) ;
#3905 = DIRECTION ( 'NONE',  ( -1.000000000000000000, 0.000000000000000000, 0.000000000000000000 ) ) ;
#3906 = ORIENTED_EDGE ( 'NONE', *, *, #1104, .F. ) ;
#3907 = ADVANCED_FACE ( 'NONE', ( #477 ), #819, .F. ) ;
#3908 = VECTOR ( 'NONE', #577, 1000.000000000000000 ) ;
#3909 = VERTEX_POINT ( 'NONE', #5074 ) ;
#3910 = DIRECTION ( 'NONE',  ( 0.000000000000000000, 1.000000000000000000, 0.000000000000000000 ) ) ;
#3911 = CARTESIAN_POINT ( 'NONE',  ( 18.19999999999999574, 10.85525754875699711, 3.213787486155459838 ) ) ;
#3912 = CARTESIAN_POINT ( 'NONE',  ( -18.12119064448188510, 14.00000000000000000, -30.68850636869485626 ) ) ;
#3913 = VECTOR ( 'NONE', #2151, 1000.000000000000000 ) ;
#3914 = CARTESIAN_POINT ( 'NONE',  ( 15.07623566518829961, 13.19999999999999929, 23.22796885807552059 ) ) ;
#3915 = EDGE_CURVE ( 'NONE', #5274, #3883, #2138, .T. ) ;
#3916 = VERTEX_POINT ( 'NONE', #2927 ) ;
#3917 = EDGE_LOOP ( 'NONE', ( #3977, #3569, #4974, #4997, #2898, #2908, #3828, #2139 ) ) ;
#3918 = VECTOR ( 'NONE', #3559, 1000.000000000000000 ) ;
#3919 = ORIENTED_EDGE ( 'NONE', *, *, #4165, .F. ) ;
#3920 = DIRECTION ( 'NONE',  ( -0.000000000000000000, 1.000000000000000000, 0.000000000000000000 ) ) ;
#3921 = DIRECTION ( 'NONE',  ( -0.000000000000000000, 1.000000000000000000, -0.000000000000000000 ) ) ;
#3922 = CIRCLE ( 'NONE', #2524, 0.4999999999999995559 ) ;
#3923 = ORIENTED_EDGE ( 'NONE', *, *, #4105, .F. ) ;
#3924 = ORIENTED_EDGE ( 'NONE', *, *, #5327, .T. ) ;
#3925 = CARTESIAN_POINT ( 'NONE',  ( -18.20000000000000284, 0.000000000000000000, -32.04999999999999005 ) ) ;
#3926 = VECTOR ( 'NONE', #3713, 1000.000000000000000 ) ;
#3927 = CARTESIAN_POINT ( 'NONE',  ( -20.00100000000001188, 8.759612155171568659, -5.369667632591987427 ) ) ;
#3928 = LINE ( 'NONE', #190, #3493 ) ;
#3929 = DIRECTION ( 'NONE',  ( 0.000000000000000000, 0.000000000000000000, 1.000000000000000000 ) ) ;
#3930 = VECTOR ( 'NONE', #3024, 1000.000000000000227 ) ;
#3931 = LINE ( 'NONE', #2700, #329 ) ;
#3932 = DIRECTION ( 'NONE',  ( 4.905439608839507721E-17, 0.4226182617407039377, -0.9063077870366479383 ) ) ;
#3933 = DIRECTION ( 'NONE',  ( -1.000000000000000000, -0.000000000000000000, 5.412553747197527263E-17 ) ) ;
#3934 = EDGE_CURVE ( 'NONE', #4417, #1343, #3395, .T. ) ;
#3935 = ORIENTED_EDGE ( 'NONE', *, *, #4965, .T. ) ;
#3936 = ORIENTED_EDGE ( 'NONE', *, *, #297, .F. ) ;
#3937 = CARTESIAN_POINT ( 'NONE',  ( 17.04999999999980176, -4.162030754331431659, 30.24999999999998934 ) ) ;
#3938 = DIRECTION ( 'NONE',  ( -1.000000000000000000, -0.000000000000000000, -0.000000000000000000 ) ) ;
#3939 = CARTESIAN_POINT ( 'NONE',  ( 20.00100000000000833, 5.494999999858735329, 21.42499999999978044 ) ) ;
#3940 = EDGE_CURVE ( 'NONE', #535, #5305, #4868, .T. ) ;
#3941 = CARTESIAN_POINT ( 'NONE',  ( 6.949999999963791808, 11.70000000000000107, 10.90000000000010338 ) ) ;
#3942 = ORIENTED_EDGE ( 'NONE', *, *, #4589, .F. ) ;
#3943 = ORIENTED_EDGE ( 'NONE', *, *, #1136, .F. ) ;
#3944 = ORIENTED_EDGE ( 'NONE', *, *, #5235, .T. ) ;
#3945 = LINE ( 'NONE', #557, #1534 ) ;
#3946 = LINE ( 'NONE', #615, #1985 ) ;
#3947 = EDGE_CURVE ( 'NONE', #988, #4543, #4774, .T. ) ;
#3948 = VERTEX_POINT ( 'NONE', #146 ) ;
#3949 = ORIENTED_EDGE ( 'NONE', *, *, #2698, .T. ) ;
#3950 = ORIENTED_EDGE ( 'NONE', *, *, #2610, .T. ) ;
#3951 = VERTEX_POINT ( 'NONE', #5179 ) ;
#3952 = CARTESIAN_POINT ( 'NONE',  ( -18.00000000000000355, 1.855257548757039521, 5.017018562760422462 ) ) ;
#3953 = B_SPLINE_CURVE_WITH_KNOTS ( 'NONE', 3,
 ( #1108, #351, #4116, #4923, #400, #2455, #4952, #2373, #2777, #3273 ),
 .UNSPECIFIED., .F., .F.,
 ( 4, 2, 2, 2, 4 ),
 ( 0.000000000000000000, 0.0003372537813659734745, 0.0006745075627319469490, 0.001011761344097920423, 0.001349015125463893898 ),
 .UNSPECIFIED. ) ;
#3954 = CARTESIAN_POINT ( 'NONE',  ( -18.19999999999999929, 4.244999999859222051, 27.86500000000014765 ) ) ;
#3955 = DIRECTION ( 'NONE',  ( 0.000000000000000000, 0.000000000000000000, 1.000000000000000000 ) ) ;
#3956 = CARTESIAN_POINT ( 'NONE',  ( 19.54563100190905089, 12.50000000000000000, -30.26302832007980825 ) ) ;
#3957 = LINE ( 'NONE', #4330, #3814 ) ;
#3958 = FACE_OUTER_BOUND ( 'NONE', #992, .T. ) ;
#3959 = CARTESIAN_POINT ( 'NONE',  ( -17.04999999999999716, -4.162030754331431659, -30.24999999999998934 ) ) ;
#3960 = ORIENTED_EDGE ( 'NONE', *, *, #3098, .T. ) ;
#3961 = EDGE_CURVE ( 'NONE', #4059, #20, #1479, .T. ) ;
#3962 = ORIENTED_EDGE ( 'NONE', *, *, #1165, .F. ) ;
#3963 = CYLINDRICAL_SURFACE ( 'NONE', #2352, 2.599999999999998312 ) ;
#3964 = DIRECTION ( 'NONE',  ( -0.000000000000000000, 1.000000000000000000, -0.000000000000000000 ) ) ;
#3965 = DIRECTION ( 'NONE',  ( 1.000000000000000000, -0.000000000000000000, 0.000000000000000000 ) ) ;
#3966 = CARTESIAN_POINT ( 'NONE',  ( 19.90630163600593150, 12.50000000000000178, -29.39229238369340180 ) ) ;
#3967 = EDGE_LOOP ( 'NONE', ( #2764, #4566, #2685, #4785 ) ) ;
#3968 = EDGE_CURVE ( 'NONE', #148, #1997, #4288, .T. ) ;
#3969 = ORIENTED_EDGE ( 'NONE', *, *, #2499, .F. ) ;
#3970 = VERTEX_POINT ( 'NONE', #4369 ) ;
#3971 = LINE ( 'NONE', #1892, #2583 ) ;
#3972 = EDGE_CURVE ( 'NONE', #2742, #3948, #3476, .T. ) ;
#3973 = DIRECTION ( 'NONE',  ( 1.000000000000000000, -2.736911063134408342E-48, -1.654744174222709694E-16 ) ) ;
#3974 = ORIENTED_EDGE ( 'NONE', *, *, #2459, .T. ) ;
#3975 = ORIENTED_EDGE ( 'NONE', *, *, #570, .T. ) ;
#3976 = EDGE_CURVE ( 'NONE', #4051, #4059, #962, .T. ) ;
#3977 = ORIENTED_EDGE ( 'NONE', *, *, #335, .T. ) ;
#3978 = ORIENTED_EDGE ( 'NONE', *, *, #2264, .F. ) ;
#3979 = CARTESIAN_POINT ( 'NONE',  ( -18.20000000000000284, 8.199999999859237221, 21.24264564540182221 ) ) ;
#3980 = DIRECTION ( 'NONE',  ( 0.000000000000000000, 0.000000000000000000, 1.000000000000000000 ) ) ;
#3981 = FACE_OUTER_BOUND ( 'NONE', #1870, .T. ) ;
#3982 = CARTESIAN_POINT ( 'NONE',  ( 19.99999999999999289, 9.632466196467996511, -16.46929045201742881 ) ) ;
#3983 = VECTOR ( 'NONE', #1096, 1000.000000000000000 ) ;
#3984 = AXIS2_PLACEMENT_3D ( 'NONE', #2233, #2207, #1848 ) ;
#3985 = DIRECTION ( 'NONE',  ( 0.000000000000000000, 0.000000000000000000, -1.000000000000000000 ) ) ;
#3986 = CARTESIAN_POINT ( 'NONE',  ( -13.53605915637521306, 11.70000000000000107, 12.02704321637310869 ) ) ;
#3987 = CARTESIAN_POINT ( 'NONE',  ( 14.60991557117830730, 11.70000000000000107, 21.21649972604452117 ) ) ;
#3988 = AXIS2_PLACEMENT_3D ( 'NONE', #5343, #1191, #4925 ) ;
#3989 = ORIENTED_EDGE ( 'NONE', *, *, #4784, .F. ) ;
#3990 = VERTEX_POINT ( 'NONE', #4313 ) ;
#3991 = AXIS2_PLACEMENT_3D ( 'NONE', #558, #3156, #4747 ) ;
#3992 = AXIS2_PLACEMENT_3D ( 'NONE', #3454, #4298, #5112 ) ;
#3993 = CARTESIAN_POINT ( 'NONE',  ( -9.050000000036209968, 11.70000000000000107, 8.700000000000104095 ) ) ;
#3994 = CARTESIAN_POINT ( 'NONE',  ( -18.84694395061043082, 13.99999999999999822, 29.85949381925900781 ) ) ;
#3995 = SURFACE_SIDE_STYLE ('',( #3233 ) ) ;
#3996 = MECHANICAL_DESIGN_GEOMETRIC_PRESENTATION_REPRESENTATION (  '', ( #3299 ), #1285 ) ;
#3997 = ORIENTED_EDGE ( 'NONE', *, *, #62, .F. ) ;
#3998 = ORIENTED_EDGE ( 'NONE', *, *, #1326, .F. ) ;
#3999 = ORIENTED_EDGE ( 'NONE', *, *, #1034, .F. ) ;
#4000 = CARTESIAN_POINT ( 'NONE',  ( 19.90630163217253568, 12.50000000000000000, 29.39229239294806817 ) ) ;
#4001 = AXIS2_PLACEMENT_3D ( 'NONE', #1171, #1471, #3143 ) ;
#4002 = CARTESIAN_POINT ( 'NONE',  ( -15.07500000004169749, 5.200000000000000178, -30.94999999999998863 ) ) ;
#4003 = CARTESIAN_POINT ( 'NONE',  ( -16.32500000000116813, 13.19999999999999929, 3.838945420175287282 ) ) ;
#4004 = EDGE_CURVE ( 'NONE', #3539, #1940, #2284, .T. ) ;
#4005 = ORIENTED_EDGE ( 'NONE', *, *, #2533, .T. ) ;
#4006 = AXIS2_PLACEMENT_3D ( 'NONE', #3695, #2443, #1177 ) ;
#4007 = EDGE_CURVE ( 'NONE', #5077, #5104, #4995, .T. ) ;
#4008 = ORIENTED_EDGE ( 'NONE', *, *, #1304, .F. ) ;
#4009 = ORIENTED_EDGE ( 'NONE', *, *, #4500, .T. ) ;
#4010 = DIRECTION ( 'NONE',  ( 0.000000000000000000, -0.000000000000000000, 1.000000000000000000 ) ) ;
#4011 = CARTESIAN_POINT ( 'NONE',  ( -16.29999999999999716, 8.250000000000000000, 29.50288987967800836 ) ) ;
#4012 = DIRECTION ( 'NONE',  ( 0.000000000000000000, -1.000000000000000000, 0.000000000000000000 ) ) ;
#4013 = AXIS2_PLACEMENT_3D ( 'NONE', #2162, #3829, #1747 ) ;
#4014 = EDGE_CURVE ( 'NONE', #723, #1588, #4694, .T. ) ;
#4015 = VECTOR ( 'NONE', #4070, 1000.000000000000000 ) ;
#4016 = DIRECTION ( 'NONE',  ( 0.000000000000000000, -1.000000000000000000, 0.000000000000000000 ) ) ;
#4017 = PLANE ( 'NONE',  #4529 ) ;
#4018 = CARTESIAN_POINT ( 'NONE',  ( -11.19999999999998685, 11.70000000000000107, 12.23988990499034557 ) ) ;
#4019 = ADVANCED_FACE ( 'NONE', ( #1397 ), #4716, .F. ) ;
#4020 = AXIS2_PLACEMENT_3D ( 'NONE', #2290, #4357, #5168 ) ;
#4021 = EDGE_LOOP ( 'NONE', ( #1595, #1450, #4535, #4160, #4996, #4819, #1924, #1488, #641, #4648 ) ) ;
#4022 = ORIENTED_EDGE ( 'NONE', *, *, #4654, .T. ) ;
#4023 =( GEOMETRIC_REPRESENTATION_CONTEXT ( 3 ) GLOBAL_UNCERTAINTY_ASSIGNED_CONTEXT ( ( #1242 ) ) GLOBAL_UNIT_ASSIGNED_CONTEXT ( ( #68, #5048, #1313 ) ) REPRESENTATION_CONTEXT ( 'NONE', 'WORKASPACE' ) );
#4024 = LINE ( 'NONE', #1606, #3 ) ;
#4025 = CARTESIAN_POINT ( 'NONE',  ( 18.19999999999999574, 11.69999999999999929, 26.24999999999998934 ) ) ;
#4026 = ORIENTED_EDGE ( 'NONE', *, *, #2801, .F. ) ;
#4027 = ORIENTED_EDGE ( 'NONE', *, *, #3940, .F. ) ;
#4028 = ORIENTED_EDGE ( 'NONE', *, *, #170, .T. ) ;
#4029 = DIRECTION ( 'NONE',  ( -0.000000000000000000, 1.000000000000000000, -0.000000000000000000 ) ) ;
#4030 = DIRECTION ( 'NONE',  ( 0.000000000000000000, -1.000000000000000000, -0.000000000000000000 ) ) ;
#4031 = CYLINDRICAL_SURFACE ( 'NONE', #4523, 0.5000000000000004441 ) ;
#4032 = VERTEX_POINT ( 'NONE', #222 ) ;
#4033 = ORIENTED_EDGE ( 'NONE', *, *, #1791, .F. ) ;
#4034 = VERTEX_POINT ( 'NONE', #176 ) ;
#4035 = ORIENTED_EDGE ( 'NONE', *, *, #663, .T. ) ;
#4036 = EDGE_CURVE ( 'NONE', #1429, #1474, #609, .T. ) ;
#4037 = CARTESIAN_POINT ( 'NONE',  ( -16.40000000000000213, 12.50000000000000000, 32.05000000000000426 ) ) ;
#4038 = CARTESIAN_POINT ( 'NONE',  ( 18.19999999999999929, 1.855257548757081265, 12.51701856276042513 ) ) ;
#4039 = DIRECTION ( 'NONE',  ( 0.000000000000000000, -0.000000000000000000, -1.000000000000000000 ) ) ;
#4040 = EDGE_CURVE ( 'NONE', #2027, #4802, #4607, .T. ) ;
#4041 = CARTESIAN_POINT ( 'NONE',  ( 18.00000000000000355, 10.85525754875699711, 4.713787486155460726 ) ) ;
#4042 = DIRECTION ( 'NONE',  ( 0.000000000000000000, -0.000000000000000000, -1.000000000000000000 ) ) ;
#4043 = FACE_OUTER_BOUND ( 'NONE', #800, .T. ) ;
#4044 = CARTESIAN_POINT ( 'NONE',  ( -16.32500000000116813, 8.250000000000000000, -26.24999999999998934 ) ) ;
#4045 = EDGE_CURVE ( 'NONE', #1359, #1416, #947, .T. ) ;
#4046 = ORIENTED_EDGE ( 'NONE', *, *, #5365, .T. ) ;
#4047 = CARTESIAN_POINT ( 'NONE',  ( -17.04999999999999716, -4.162030754331431659, -30.24999999999998934 ) ) ;
#4048 = CARTESIAN_POINT ( 'NONE',  ( -19.93804677753133703, 5.494999999859252249, 29.11500000000011568 ) ) ;
#4049 = FACE_OUTER_BOUND ( 'NONE', #1399, .T. ) ;
#4050 = VERTEX_POINT ( 'NONE', #4511 ) ;
#4051 = VERTEX_POINT ( 'NONE', #2082 ) ;
#4052 = CARTESIAN_POINT ( 'NONE',  ( 20.00000000000000355, 14.00000000000000000, 28.44999999999999929 ) ) ;
#4053 = CARTESIAN_POINT ( 'NONE',  ( 18.84660189037341738, 14.00000000000000000, 29.86013313784031808 ) ) ;
#4054 = CARTESIAN_POINT ( 'NONE',  ( -16.37815178400701299, 8.750000000000000000, 28.79951569184058258 ) ) ;
#4055 = DIRECTION ( 'NONE',  ( -0.000000000000000000, 1.000000000000000000, -0.000000000000000000 ) ) ;
#4056 = ORIENTED_EDGE ( 'NONE', *, *, #5264, .T. ) ;
#4057 = ORIENTED_EDGE ( 'NONE', *, *, #2706, .T. ) ;
#4058 = ORIENTED_EDGE ( 'NONE', *, *, #2439, .F. ) ;
#4059 = VERTEX_POINT ( 'NONE', #2485 ) ;
#4060 = CARTESIAN_POINT ( 'NONE',  ( -18.00000000000000355, 10.85525754875699711, 3.213787486155459838 ) ) ;
#4061 = CARTESIAN_POINT ( 'NONE',  ( 18.44999999999969731, 4.000000000000000000, 27.74999999999999645 ) ) ;
#4062 = DIRECTION ( 'NONE',  ( 0.000000000000000000, 0.000000000000000000, 1.000000000000000000 ) ) ;
#4063 = EDGE_CURVE ( 'NONE', #4034, #4395, #3748, .T. ) ;
#4064 = CARTESIAN_POINT ( 'NONE',  ( -7.050000000036209080, 11.70000000000000107, 10.90000000000010338 ) ) ;
#4065 = CARTESIAN_POINT ( 'NONE',  ( 15.07623566518829961, 11.70000000000000107, 23.22796885807552059 ) ) ;
#4066 = LINE ( 'NONE', #4018, #1377 ) ;
#4067 = EDGE_CURVE ( 'NONE', #1997, #1371, #4687, .T. ) ;
#4068 = VECTOR ( 'NONE', #2032, 1000.000000000000000 ) ;
#4069 = ORIENTED_EDGE ( 'NONE', *, *, #1435, .T. ) ;
#4070 = DIRECTION ( 'NONE',  ( 0.000000000000000000, 0.000000000000000000, 1.000000000000000000 ) ) ;
#4071 = LINE ( 'NONE', #3231, #4236 ) ;
#4072 = CIRCLE ( 'NONE', #5015, 0.5000000000000004441 ) ;
#4073 = PLANE ( 'NONE',  #2951 ) ;
#4074 = ADVANCED_FACE ( 'NONE', ( #4557 ), #3673, .T. ) ;
#4075 = AXIS2_PLACEMENT_3D ( 'NONE', #940, #2993, #1345 ) ;
#4076 = AXIS2_PLACEMENT_3D ( 'NONE', #4064, #756, #2 ) ;
#4077 = ORIENTED_EDGE ( 'NONE', *, *, #1630, .F. ) ;
#4078 = ORIENTED_EDGE ( 'NONE', *, *, #2126, .F. ) ;
#4079 = PLANE ( 'NONE',  #1914 ) ;
#4080 = CARTESIAN_POINT ( 'NONE',  ( -9.074999999958757613, 5.099999999857725008, -32.04999999999999005 ) ) ;
#4081 = CARTESIAN_POINT ( 'NONE',  ( -19.20000000000000639, 14.00000000000000000, -9.483333333333325399 ) ) ;
#4082 = AXIS2_PLACEMENT_3D ( 'NONE', #4532, #386, #1226 ) ;
#4083 = PLANE ( 'NONE',  #1382 ) ;
#4084 = ADVANCED_FACE ( 'NONE', ( #3313 ), #2389, .F. ) ;
#4085 = ORIENTED_EDGE ( 'NONE', *, *, #3968, .T. ) ;
#4086 = ORIENTED_EDGE ( 'NONE', *, *, #941, .T. ) ;
#4087 = ORIENTED_EDGE ( 'NONE', *, *, #4295, .T. ) ;
#4088 = AXIS2_PLACEMENT_3D ( 'NONE', #4605, #439, #3327 ) ;
#4089 = VERTEX_POINT ( 'NONE', #1642 ) ;
#4090 = LINE ( 'NONE', #2888, #5279 ) ;
#4091 = AXIS2_PLACEMENT_3D ( 'NONE', #3860, #4665, #2194 ) ;
#4092 = CARTESIAN_POINT ( 'NONE',  ( 20.00000000000000355, 1.855257548757039521, 5.017018562760422462 ) ) ;
#4093 = DIRECTION ( 'NONE',  ( 0.000000000000000000, 1.000000000000000000, 0.000000000000000000 ) ) ;
#4094 = DIRECTION ( 'NONE',  ( -0.000000000000000000, 0.000000000000000000, -1.000000000000000000 ) ) ;
#4095 = VECTOR ( 'NONE', #4126, 1000.000000000000000 ) ;
#4096 = ORIENTED_EDGE ( 'NONE', *, *, #4007, .T. ) ;
#4097 = ADVANCED_FACE ( 'NONE', ( #3209 ), #4079, .F. ) ;
#4098 = CARTESIAN_POINT ( 'NONE',  ( -9.074999999958757613, 5.200000000000000178, -30.94999999999998863 ) ) ;
#4099 = AXIS2_PLACEMENT_3D ( 'NONE', #897, #2567, #524 ) ;
#4100 = CARTESIAN_POINT ( 'NONE',  ( 18.00000000000000355, 1.855257548757039521, 6.517018562760421574 ) ) ;
#4101 =( BOUNDED_CURVE ( )  B_SPLINE_CURVE ( 2, ( #1563, #4052, #4860 ),
 .UNSPECIFIED., .F., .F. ) 
 B_SPLINE_CURVE_WITH_KNOTS ( ( 3, 3 ),
 ( 0.000000000000000000, 1.000000000000000000 ),
 .UNSPECIFIED. ) 
 CURVE ( )  GEOMETRIC_REPRESENTATION_ITEM ( )  RATIONAL_B_SPLINE_CURVE ( ( 1.000000000000000000, 0.7071067811865467956, 1.000000000000000000 ) ) 
 REPRESENTATION_ITEM ( '' )  );
#4102 = VECTOR ( 'NONE', #4153, 1000.000000000000000 ) ;
#4103 = ORIENTED_EDGE ( 'NONE', *, *, #1322, .F. ) ;
#4104 = ORIENTED_EDGE ( 'NONE', *, *, #4459, .T. ) ;
#4105 = EDGE_CURVE ( 'NONE', #4350, #4808, #815, .T. ) ;
#4106 = DIRECTION ( 'NONE',  ( -1.000000000000000000, 0.000000000000000000, -0.000000000000000000 ) ) ;
#4107 = LINE ( 'NONE', #5243, #4582 ) ;
#4108 = FACE_OUTER_BOUND ( 'NONE', #556, .T. ) ;
#4109 = DIRECTION ( 'NONE',  ( -0.000000000000000000, 1.000000000000000000, -0.000000000000000000 ) ) ;
#4110 = ORIENTED_EDGE ( 'NONE', *, *, #306, .T. ) ;
#4111 = ORIENTED_EDGE ( 'NONE', *, *, #3218, .F. ) ;
#4112 = VERTEX_POINT ( 'NONE', #2797 ) ;
#4113 = ORIENTED_EDGE ( 'NONE', *, *, #2137, .F. ) ;
#4114 = EDGE_CURVE ( 'NONE', #1343, #5274, #1589, .T. ) ;
#4115 = DIRECTION ( 'NONE',  ( -0.000000000000000000, -1.000000000000000000, -0.000000000000000000 ) ) ;
#4116 = CARTESIAN_POINT ( 'NONE',  ( -19.99581435973187382, 4.509382544185011277, 28.64204390507290299 ) ) ;
#4117 = DIRECTION ( 'NONE',  ( 0.000000000000000000, 0.000000000000000000, -1.000000000000000000 ) ) ;
#4118 = FACE_BOUND ( 'NONE', #316, .T. ) ;
#4119 = DIRECTION ( 'NONE',  ( -0.000000000000000000, 1.000000000000000000, 0.000000000000000000 ) ) ;
#4120 = DIRECTION ( 'NONE',  ( 0.000000000000000000, 0.000000000000000000, 1.000000000000000000 ) ) ;
#4121 = VERTEX_POINT ( 'NONE', #1975 ) ;
#4122 = DIRECTION ( 'NONE',  ( 0.000000000000000000, -1.000000000000000000, 0.000000000000000000 ) ) ;
#4123 = CARTESIAN_POINT ( 'NONE',  ( -19.12712349168906911, 14.00000000000000000, -29.18289408340438840 ) ) ;
#4124 = EDGE_CURVE ( 'NONE', #1615, #853, #4179, .T. ) ;
#4125 = VERTEX_POINT ( 'NONE', #4941 ) ;
#4126 = DIRECTION ( 'NONE',  ( -0.000000000000000000, -0.000000000000000000, 1.000000000000000000 ) ) ;
#4127 = CARTESIAN_POINT ( 'NONE',  ( -19.00000000000000355, 14.00000000000000000, -28.44999999999998863 ) ) ;
#4128 =( BOUNDED_SURFACE ( )  B_SPLINE_SURFACE ( 2, 3, ( 
 ( #4865, #5356, #4916, #1133 ),
 ( #345, #1567, #719, #3241 ),
 ( #1180, #745, #4891, #2417 ) ),
 .UNSPECIFIED., .F., .F., .T. ) 
 B_SPLINE_SURFACE_WITH_KNOTS ( ( 3, 3 ),
 ( 4, 4 ),
 ( 0.000000000000000000, 1.000000000000000000 ),
 ( -0.02844999999999998919, 0.02845000000000000306 ),
 .UNSPECIFIED. ) 
 GEOMETRIC_REPRESENTATION_ITEM ( )  RATIONAL_B_SPLINE_SURFACE ( (
 ( 1.000000000000000000, 1.000000000000000000, 1.000000000000000000, 1.000000000000000000),
 ( 0.7071067811865467956, 0.7071067811865467956, 0.7071067811865467956, 0.7071067811865467956),
 ( 1.000000000000000000, 1.000000000000000000, 1.000000000000000000, 1.000000000000000000) ) ) 
 REPRESENTATION_ITEM ( '' )  SURFACE ( )  );
#4129 = DIRECTION ( 'NONE',  ( -0.000000000000000000, -0.000000000000000000, 1.000000000000000000 ) ) ;
#4130 = CARTESIAN_POINT ( 'NONE',  ( 20.00000000000000355, 10.85525754875703797, 9.213787486155460726 ) ) ;
#4131 = VERTEX_POINT ( 'NONE', #367 ) ;
#4132 = EDGE_CURVE ( 'NONE', #3178, #1837, #2007, .T. ) ;
#4133 = ORIENTED_EDGE ( 'NONE', *, *, #2564, .F. ) ;
#4134 = ORIENTED_EDGE ( 'NONE', *, *, #4105, .T. ) ;
#4135 = EDGE_CURVE ( 'NONE', #1012, #3512, #794, .T. ) ;
#4136 = EDGE_LOOP ( 'NONE', ( #3424, #2154, #4297, #5044 ) ) ;
#4137 = CARTESIAN_POINT ( 'NONE',  ( 16.40000000000000213, 14.00000000000000000, 31.25000000000000000 ) ) ;
#4138 = CARTESIAN_POINT ( 'NONE',  ( -18.20000000000000284, 14.00000000000000000, -32.04999999999999005 ) ) ;
#4139 = EDGE_CURVE ( 'NONE', #4920, #2060, #5352, .T. ) ;
#4140 = CARTESIAN_POINT ( 'NONE',  ( -16.40000000000000213, 14.00000000000000000, 31.05000000000000071 ) ) ;
#4141 = UNCERTAINTY_MEASURE_WITH_UNIT (LENGTH_MEASURE( 1.000000000000000082E-05 ), #1970, 'distance_accuracy_value', 'NONE');
#4142 = CARTESIAN_POINT ( 'NONE',  ( -16.39999999999999858, 12.50000000000000000, 32.05000000000000426 ) ) ;
#4143 = CARTESIAN_POINT ( 'NONE',  ( -20.00000000000000711, 14.00000000000000000, -28.44999999999999218 ) ) ;
#4144 = CARTESIAN_POINT ( 'NONE',  ( 20.00000000000000355, 1.855257548757081265, 12.51701856276042335 ) ) ;
#4145 = EDGE_CURVE ( 'NONE', #1135, #2251, #716, .T. ) ;
#4146 = ORIENTED_EDGE ( 'NONE', *, *, #3172, .T. ) ;
#4147 = DIRECTION ( 'NONE',  ( -0.000000000000000000, 1.000000000000000000, 0.000000000000000000 ) ) ;
#4148 = CARTESIAN_POINT ( 'NONE',  ( -17.34229239294878511, 12.50000000000000000, -31.95630163217222375 ) ) ;
#4149 = VECTOR ( 'NONE', #317, 1000.000000000000000 ) ;
#4150 = ORIENTED_EDGE ( 'NONE', *, *, #2867, .T. ) ;
#4151 = DIRECTION ( 'NONE',  ( -0.000000000000000000, -1.000000000000000000, -0.000000000000000000 ) ) ;
#4152 = CARTESIAN_POINT ( 'NONE',  ( -20.00000000000000000, 7.256274008521759633, 28.55081032893584947 ) ) ;
#4153 = DIRECTION ( 'NONE',  ( 0.000000000000000000, 0.000000000000000000, 1.000000000000000000 ) ) ;
#4154 = DIRECTION ( 'NONE',  ( 1.000000000000000000, -0.000000000000000000, -1.654744174222709448E-16 ) ) ;
#4155 = LINE ( 'NONE', #1671, #3373 ) ;
#4156 = CYLINDRICAL_SURFACE ( 'NONE', #4432, 3.799999999999980282 ) ;
#4157 = AXIS2_PLACEMENT_3D ( 'NONE', #3894, #4811, #4381 ) ;
#4158 = ORIENTED_EDGE ( 'NONE', *, *, #1368, .T. ) ;
#4159 = ORIENTED_EDGE ( 'NONE', *, *, #1196, .F. ) ;
#4160 = ORIENTED_EDGE ( 'NONE', *, *, #931, .F. ) ;
#4161 = ORIENTED_EDGE ( 'NONE', *, *, #835, .T. ) ;
#4162 = CARTESIAN_POINT ( 'NONE',  ( -15.07500000004169749, 0.000000000000000000, -30.24999999999998934 ) ) ;
#4163 = VECTOR ( 'NONE', #23, 1000.000000000000000 ) ;
#4164 = CARTESIAN_POINT ( 'NONE',  ( -16.40000000000000568, 14.00000000000000000, -31.24999999999998934 ) ) ;
#4165 = EDGE_CURVE ( 'NONE', #3214, #284, #4101, .T. ) ;
#4166 = COLOUR_RGB ( '',0.9686274509803921573, 0.9686274509803921573, 0.9686274509803921573 ) ;
#4167 = FACE_OUTER_BOUND ( 'NONE', #3837, .T. ) ;
#4168 = CARTESIAN_POINT ( 'NONE',  ( 18.19999999999999574, 10.13246619646799651, -5.369667632591994533 ) ) ;
#4169 = EDGE_CURVE ( 'NONE', #2578, #1509, #5377, .T. ) ;
#4170 = LINE ( 'NONE', #2099, #3148 ) ;
#4171 = VECTOR ( 'NONE', #4474, 1000.000000000000000 ) ;
#4172 = DIRECTION ( 'NONE',  ( -0.000000000000000000, -1.000000000000000000, -0.000000000000000000 ) ) ;
#4173 = AXIS2_PLACEMENT_3D ( 'NONE', #916, #1073, #3819 ) ;
#4174 = ORIENTED_EDGE ( 'NONE', *, *, #3934, .F. ) ;
#4175 = DIRECTION ( 'NONE',  ( 0.000000000000000000, 2.437771344346289194E-14, 1.000000000000000000 ) ) ;
#4176 = ADVANCED_FACE ( 'NONE', ( #3238 ), #1154, .T. ) ;
#4177 = DIRECTION ( 'NONE',  ( -1.000000000000000000, -0.000000000000000000, 1.654744174222709448E-16 ) ) ;
#4178 = CARTESIAN_POINT ( 'NONE',  ( -20.00000000000000000, 10.85525754875703797, 9.213787486155453621 ) ) ;
#4179 = CIRCLE ( 'NONE', #1820, 0.5000000000000004441 ) ;
#4180 = VERTEX_POINT ( 'NONE', #5070 ) ;
#4181 = VECTOR ( 'NONE', #730, 1000.000000000000000 ) ;
#4182 = CARTESIAN_POINT ( 'NONE',  ( 16.40000000000000213, 0.000000000000000000, 32.05000000000000426 ) ) ;
#4183 = CARTESIAN_POINT ( 'NONE',  ( 17.04999999999970939, -4.162030754331431659, -30.24999999999998934 ) ) ;
#4184 = LINE ( 'NONE', #451, #77 ) ;
#4185 = DIRECTION ( 'NONE',  ( 0.000000000000000000, 0.000000000000000000, -1.000000000000000000 ) ) ;
#4186 = ORIENTED_EDGE ( 'NONE', *, *, #4689, .T. ) ;
#4187 = VERTEX_POINT ( 'NONE', #4690 ) ;
#4188 = EDGE_LOOP ( 'NONE', ( #3671, #2558, #3283, #979, #4912, #4536 ) ) ;
#4189 = CARTESIAN_POINT ( 'NONE',  ( 16.40000000000000213, 12.50000000000000000, 32.05000000000000426 ) ) ;
#4190 = CARTESIAN_POINT ( 'NONE',  ( 5.466666666666678331, 14.00000000000000000, -31.24999999999998934 ) ) ;
#4191 = EDGE_CURVE ( 'NONE', #1371, #2932, #901, .T. ) ;
#4192 = DIRECTION ( 'NONE',  ( -2.372407477984756470E-32, -1.000000000000000000, -1.433700456506612432E-16 ) ) ;
#4193 = DIRECTION ( 'NONE',  ( 0.000000000000000000, 0.000000000000000000, 1.000000000000000000 ) ) ;
#4194 = CARTESIAN_POINT ( 'NONE',  ( -16.37815178400701299, 8.750000000000000000, 28.79951569184058258 ) ) ;
#4195 = LINE ( 'NONE', #833, #397 ) ;
#4196 = CARTESIAN_POINT ( 'NONE',  ( 14.60991557117830730, 13.19999999999999929, 21.21649972604452117 ) ) ;
#4197 = ORIENTED_EDGE ( 'NONE', *, *, #30, .T. ) ;
#4198 = EDGE_CURVE ( 'NONE', #747, #4767, #4260, .T. ) ;
#4199 = ORIENTED_EDGE ( 'NONE', *, *, #1626, .T. ) ;
#4200 = DIRECTION ( 'NONE',  ( -4.033887930144084589E-30, 1.000000000000000000, -2.437771344346289194E-14 ) ) ;
#4201 = EDGE_CURVE ( 'NONE', #1117, #1342, #4955, .T. ) ;
#4202 = CARTESIAN_POINT ( 'NONE',  ( 0.000000000000000000, 0.000000000000000000, 0.000000000000000000 ) ) ;
#4203 = CARTESIAN_POINT ( 'NONE',  ( -19.90630163217223725, 12.50000000000000000, -29.39229239294878226 ) ) ;
#4204 = EDGE_CURVE ( 'NONE', #2932, #1161, #3922, .T. ) ;
#4205 = VERTEX_POINT ( 'NONE', #2215 ) ;
#4206 = CARTESIAN_POINT ( 'NONE',  ( -13.53605915637521306, 11.70000000000000107, 12.02704321637310869 ) ) ;
#4207 = DIRECTION ( 'NONE',  ( -5.412553747197527263E-17, 0.000000000000000000, -1.000000000000000000 ) ) ;
#4208 = LINE ( 'NONE', #2903, #4418 ) ;
#4209 = PLANE ( 'NONE',  #2001 ) ;
#4210 = ORIENTED_EDGE ( 'NONE', *, *, #802, .F. ) ;
#4211 = ORIENTED_EDGE ( 'NONE', *, *, #2376, .T. ) ;
#4212 = ORIENTED_EDGE ( 'NONE', *, *, #1427, .F. ) ;
#4213 = LINE ( 'NONE', #4568, #4838 ) ;
#4214 = CYLINDRICAL_SURFACE ( 'NONE', #4675, 3.599999999999999201 ) ;
#4215 = EDGE_LOOP ( 'NONE', ( #900, #1415, #1424, #1481 ) ) ;
#4216 = DIRECTION ( 'NONE',  ( 0.000000000000000000, -1.000000000000000000, 0.000000000000000000 ) ) ;
#4217 = CARTESIAN_POINT ( 'NONE',  ( 16.39999999999999503, 14.00000000000000000, -31.24999999999998934 ) ) ;
#4218 = DIRECTION ( 'NONE',  ( 0.000000000000000000, 1.000000000000000000, 0.000000000000000000 ) ) ;
#4219 = CARTESIAN_POINT ( 'NONE',  ( 19.90630163217221238, 12.50000000000000000, -29.39229239294882490 ) ) ;
#4220 = LINE ( 'NONE', #892, #4342 ) ;
#4221 = EDGE_CURVE ( 'NONE', #3948, #2435, #3335, .T. ) ;
#4222 = EDGE_LOOP ( 'NONE', ( #5032, #3180, #2692, #5150, #1540 ) ) ;
#4223 = PLANE ( 'NONE',  #413 ) ;
#4224 = CARTESIAN_POINT ( 'NONE',  ( 20.00100000000000833, 6.204999999859034610, 20.17500000000009308 ) ) ;
#4225 = CARTESIAN_POINT ( 'NONE',  ( -19.54563100190970459, 14.00000000000000000, -30.26302832008012800 ) ) ;
#4226 = EDGE_CURVE ( 'NONE', #2297, #1390, #1038, .T. ) ;
#4227 = EDGE_CURVE ( 'NONE', #3157, #2272, #2612, .T. ) ;
#4228 = VERTEX_POINT ( 'NONE', #1362 ) ;
#4229 = DIRECTION ( 'NONE',  ( 0.000000000000000000, -2.437771344346289194E-14, -1.000000000000000000 ) ) ;
#4230 = DIRECTION ( 'NONE',  ( 0.000000000000000000, 1.000000000000000000, 0.000000000000000000 ) ) ;
#4231 = PRODUCT_CONTEXT ( 'NONE', #1957, 'mechanical' ) ;
#4232 = CARTESIAN_POINT ( 'NONE',  ( -18.19999999999999929, 1.855257548756997554, 0.5170185627604219070 ) ) ;
#4233 = DIRECTION ( 'NONE',  ( 0.000000000000000000, 1.000000000000000000, 0.000000000000000000 ) ) ;
#4234 = EDGE_CURVE ( 'NONE', #691, #4131, #2699, .T. ) ;
#4235 = FACE_OUTER_BOUND ( 'NONE', #3607, .T. ) ;
#4236 = VECTOR ( 'NONE', #4884, 1000.000000000000000 ) ;
#4237 = ORIENTED_EDGE ( 'NONE', *, *, #4818, .F. ) ;
#4238 = ORIENTED_EDGE ( 'NONE', *, *, #3972, .T. ) ;
#4239 = LINE ( 'NONE', #2579, #1895 ) ;
#4240 = DIRECTION ( 'NONE',  ( 0.000000000000000000, 0.000000000000000000, -1.000000000000000000 ) ) ;
#4241 = CIRCLE ( 'NONE', #3290, 3.599999999999999201 ) ;
#4242 = AXIS2_PLACEMENT_3D ( 'NONE', #3191, #4549, #3707 ) ;
#4243 = EDGE_LOOP ( 'NONE', ( #5221, #224, #2252, #5189 ) ) ;
#4244 = VECTOR ( 'NONE', #1179, 1000.000000000000000 ) ;
#4245 = AXIS2_PLACEMENT_3D ( 'NONE', #857, #2529, #3782 ) ;
#4246 = PLANE ( 'NONE',  #1195 ) ;
#4247 = CARTESIAN_POINT ( 'NONE',  ( -17.03182155544979182, 0.000000000000000000, 29.18953339543471870 ) ) ;
#4248 = CARTESIAN_POINT ( 'NONE',  ( -20.00000000000000355, 14.00000000000000000, 28.44999999999999929 ) ) ;
#4249 = DIRECTION ( 'NONE',  ( 0.000000000000000000, -1.433700456506612432E-16, 1.000000000000000000 ) ) ;
#4250 = DIRECTION ( 'NONE',  ( 0.000000000000000000, 0.000000000000000000, -1.000000000000000000 ) ) ;
#4251 = VECTOR ( 'NONE', #145, 1000.000000000000000 ) ;
#4252 = ORIENTED_EDGE ( 'NONE', *, *, #598, .F. ) ;
#4253 = CARTESIAN_POINT ( 'NONE',  ( -9.370316685842803750, 13.19999999999999929, 8.036288141110496497 ) ) ;
#4254 = AXIS2_PLACEMENT_3D ( 'NONE', #1438, #3086, #4334 ) ;
#4255 = DIRECTION ( 'NONE',  ( 0.000000000000000000, -1.000000000000000000, 0.000000000000000000 ) ) ;
#4256 = DIRECTION ( 'NONE',  ( -0.000000000000000000, 0.000000000000000000, -1.000000000000000000 ) ) ;
#4257 = VECTOR ( 'NONE', #1040, 1000.000000000000000 ) ;
#4258 = EDGE_CURVE ( 'NONE', #3948, #4205, #958, .T. ) ;
#4259 = ORIENTED_EDGE ( 'NONE', *, *, #4900, .F. ) ;
#4260 = LINE ( 'NONE', #1335, #1735 ) ;
#4261 = FACE_OUTER_BOUND ( 'NONE', #3889, .T. ) ;
#4262 = VECTOR ( 'NONE', #2957, 1000.000000000000000 ) ;
#4263 = CARTESIAN_POINT ( 'NONE',  ( 13.26626493730645429, 11.70000000000000107, 19.61745362678454185 ) ) ;
#4264 = DIRECTION ( 'NONE',  ( -1.000000000000000000, 0.000000000000000000, 0.000000000000000000 ) ) ;
#4265 = CARTESIAN_POINT ( 'NONE',  ( -16.40000000000000213, 14.00000000000000000, 32.05000000000000426 ) ) ;
#4266 = ORIENTED_EDGE ( 'NONE', *, *, #3098, .F. ) ;
#4267 = AXIS2_PLACEMENT_3D ( 'NONE', #3225, #1962, #1629 ) ;
#4268 = EDGE_CURVE ( 'NONE', #2653, #1176, #3010, .T. ) ;
#4269 = ORIENTED_EDGE ( 'NONE', *, *, #1067, .T. ) ;
#4270 = ORIENTED_EDGE ( 'NONE', *, *, #4847, .F. ) ;
#4271 = LINE ( 'NONE', #2199, #923 ) ;
#4272 = CARTESIAN_POINT ( 'NONE',  ( -16.40000000000000568, 12.50000000000000000, -32.04999999999999005 ) ) ;
#4273 = ORIENTED_EDGE ( 'NONE', *, *, #3218, .T. ) ;
#4274 = ADVANCED_FACE ( 'NONE', ( #2600 ), #4284, .F. ) ;
#4275 = CARTESIAN_POINT ( 'NONE',  ( -18.00000000000000355, 1.855257548757039521, 6.517018562760421574 ) ) ;
#4276 = CARTESIAN_POINT ( 'NONE',  ( -16.94999999999999218, 8.750000000000000000, 28.04264080459936181 ) ) ;
#4277 = FACE_OUTER_BOUND ( 'NONE', #1372, .T. ) ;
#4278 = PLANE ( 'NONE',  #3811 ) ;
#4279 = LINE ( 'NONE', #2208, #2519 ) ;
#4280 = CARTESIAN_POINT ( 'NONE',  ( -9.223942020710227396, 11.70000000000000107, 7.700000000000102318 ) ) ;
#4281 = DIRECTION ( 'NONE',  ( 0.000000000000000000, 0.000000000000000000, -1.000000000000000000 ) ) ;
#4282 = CARTESIAN_POINT ( 'NONE',  ( 20.00000000000000000, 12.50000000000000000, 28.45000000000000284 ) ) ;
#4283 = VERTEX_POINT ( 'NONE', #3773 ) ;
#4284 = CYLINDRICAL_SURFACE ( 'NONE', #1299, 4.600000000000003197 ) ;
#4285 = DIRECTION ( 'NONE',  ( -0.000000000000000000, -0.000000000000000000, 1.000000000000000000 ) ) ;
#4286 = CARTESIAN_POINT ( 'NONE',  ( -18.19999999999999929, 10.85525754875703797, 9.213787486155460726 ) ) ;
#4287 = CARTESIAN_POINT ( 'NONE',  ( -16.76620637323042473, 14.00000000000000000, -31.24999999999999289 ) ) ;
#4288 = LINE ( 'NONE', #1367, #3568 ) ;
#4289 = ADVANCED_FACE ( 'NONE', ( #4989 ), #5046, .F. ) ;
#4290 = ORIENTED_EDGE ( 'NONE', *, *, #4191, .T. ) ;
#4291 = ORIENTED_EDGE ( 'NONE', *, *, #1368, .F. ) ;
#4292 = CARTESIAN_POINT ( 'NONE',  ( 20.00000000000000000, 12.50000000000000000, 28.45000000000000284 ) ) ;
#4293 = CARTESIAN_POINT ( 'NONE',  ( -16.40000000000000568, 12.50000000000000000, -32.04999999999999005 ) ) ;
#4294 = EDGE_CURVE ( 'NONE', #882, #4417, #2517, .T. ) ;
#4295 = EDGE_CURVE ( 'NONE', #4783, #1587, #3856, .T. ) ;
#4296 = VERTEX_POINT ( 'NONE', #4182 ) ;
#4297 = ORIENTED_EDGE ( 'NONE', *, *, #1853, .F. ) ;
#4298 = DIRECTION ( 'NONE',  ( 0.000000000000000000, 1.000000000000000000, 0.000000000000000000 ) ) ;
#4299 = DIRECTION ( 'NONE',  ( 0.000000000000000000, 0.000000000000000000, -1.000000000000000000 ) ) ;
#4300 = DIRECTION ( 'NONE',  ( 0.000000000000000000, 0.000000000000000000, 1.000000000000000000 ) ) ;
#4301 =( BOUNDED_CURVE ( )  B_SPLINE_CURVE ( 2, ( #2756, #4800, #1918 ),
 .UNSPECIFIED., .F., .T. ) 
 B_SPLINE_CURVE_WITH_KNOTS ( ( 3, 3 ),
 ( 0.000000000000000000, 1.000000000000000000 ),
 .UNSPECIFIED. ) 
 CURVE ( )  GEOMETRIC_REPRESENTATION_ITEM ( )  RATIONAL_B_SPLINE_CURVE ( ( 1.000000000000000000, 0.7071067811865467956, 1.000000000000000000 ) ) 
 REPRESENTATION_ITEM ( '' )  );
#4302 = DIRECTION ( 'NONE',  ( -1.000000000000000000, 2.736911063134408342E-48, 1.654744174222709694E-16 ) ) ;
#4303 = PLANE ( 'NONE',  #165 ) ;
#4304 = EDGE_CURVE ( 'NONE', #4725, #1224, #1311, .T. ) ;
#4305 = CARTESIAN_POINT ( 'NONE',  ( -12.07500000000022844, 5.099999999857725008, 32.05100000000000193 ) ) ;
#4306 = LINE ( 'NONE', #977, #3144 ) ;
#4307 = PLANE ( 'NONE',  #4254 ) ;
#4308 = EDGE_CURVE ( 'NONE', #1891, #1899, #2133, .T. ) ;
#4309 = EDGE_LOOP ( 'NONE', ( #3507, #481, #5308, #3650 ) ) ;
#4310 = LINE ( 'NONE', #574, #1384 ) ;
#4311 = DIRECTION ( 'NONE',  ( 0.000000000000000000, -1.000000000000000000, 0.000000000000000000 ) ) ;
#4312 = CARTESIAN_POINT ( 'NONE',  ( 17.04999999999980176, 0.000000000000000000, 30.24999999999998934 ) ) ;
#4313 = CARTESIAN_POINT ( 'NONE',  ( 20.00000000000000000, 10.85525754875708060, 16.71378748615546428 ) ) ;
#4314 = ORIENTED_EDGE ( 'NONE', *, *, #3133, .T. ) ;
#4315 = ORIENTED_EDGE ( 'NONE', *, *, #336, .T. ) ;
#4316 = CARTESIAN_POINT ( 'NONE',  ( 18.44999999999969731, 4.000000000000000000, 27.24999999999999645 ) ) ;
#4317 = LINE ( 'NONE', #584, #5110 ) ;
#4318 = AXIS2_PLACEMENT_3D ( 'NONE', #4183, #1207, #40 ) ;
#4319 = ORIENTED_EDGE ( 'NONE', *, *, #766, .T. ) ;
#4320 = ORIENTED_EDGE ( 'NONE', *, *, #4494, .T. ) ;
#4321 = ADVANCED_FACE ( 'NONE', ( #96 ), #500, .F. ) ;
#4322 = DIRECTION ( 'NONE',  ( 1.000000000000000000, 0.000000000000000000, 0.000000000000000000 ) ) ;
#4323 = CIRCLE ( 'NONE', #321, 3.000000000041469495 ) ;
#4324 = DIRECTION ( 'NONE',  ( 0.000000000000000000, 0.000000000000000000, 1.000000000000000000 ) ) ;
#4325 = DIRECTION ( 'NONE',  ( 0.000000000000000000, 1.000000000000000000, 0.000000000000000000 ) ) ;
#4326 = EDGE_CURVE ( 'NONE', #442, #747, #1472, .T. ) ;
#4327 = CIRCLE ( 'NONE', #5285, 0.5000000000000004441 ) ;
#4328 = AXIS2_PLACEMENT_3D ( 'NONE', #4954, #2044, #323 ) ;
#4329 = EDGE_CURVE ( 'NONE', #2115, #1980, #5126, .T. ) ;
#4330 = CARTESIAN_POINT ( 'NONE',  ( 18.00000000000000355, 1.855257548756997554, 0.5170185627604219070 ) ) ;
#4331 = CARTESIAN_POINT ( 'NONE',  ( 10.83402830016236251, 13.19999999999999929, 25.00664158573503215 ) ) ;
#4332 = CIRCLE ( 'NONE', #2073, 0.3000000000000016542 ) ;
#4333 = VECTOR ( 'NONE', #2722, 1000.000000000000000 ) ;
#4334 = DIRECTION ( 'NONE',  ( 0.000000000000000000, 0.000000000000000000, 1.000000000000000000 ) ) ;
#4335 = ORIENTED_EDGE ( 'NONE', *, *, #2472, .F. ) ;
#4336 = VECTOR ( 'NONE', #5049, 1000.000000000000000 ) ;
#4337 = EDGE_CURVE ( 'NONE', #4887, #4670, #630, .T. ) ;
#4338 = ORIENTED_EDGE ( 'NONE', *, *, #2202, .T. ) ;
#4339 = DIRECTION ( 'NONE',  ( 0.000000000000000000, 0.000000000000000000, -1.000000000000000000 ) ) ;
#4340 = CARTESIAN_POINT ( 'NONE',  ( 17.04999999999970939, 8.250000000000000000, -26.24999999999998934 ) ) ;
#4341 = DIRECTION ( 'NONE',  ( -1.000000000000000000, 0.000000000000000000, 6.097446312748004835E-17 ) ) ;
#4342 = VECTOR ( 'NONE', #2563, 1000.000000000000000 ) ;
#4343 = DIRECTION ( 'NONE',  ( -0.000000000000000000, 1.000000000000000000, -0.000000000000000000 ) ) ;
#4344 = ORIENTED_EDGE ( 'NONE', *, *, #3740, .F. ) ;
#4345 = ORIENTED_EDGE ( 'NONE', *, *, #37, .F. ) ;
#4346 = CIRCLE ( 'NONE', #2696, 0.3000000000000016542 ) ;
#4347 = ORIENTED_EDGE ( 'NONE', *, *, #3629, .F. ) ;
#4348 = CARTESIAN_POINT ( 'NONE',  ( -16.40000000000000568, 13.19999999999999929, -28.44999999999998863 ) ) ;
#4349 = DIRECTION ( 'NONE',  ( -0.000000000000000000, 1.000000000000000000, -0.000000000000000000 ) ) ;
#4350 = VERTEX_POINT ( 'NONE', #685 ) ;
#4351 = ORIENTED_EDGE ( 'NONE', *, *, #3940, .T. ) ;
#4352 = ORIENTED_EDGE ( 'NONE', *, *, #2546, .F. ) ;
#4353 = ORIENTED_EDGE ( 'NONE', *, *, #4326, .F. ) ;
#4354 = CARTESIAN_POINT ( 'NONE',  ( -9.076667129850491733, 5.200000000000000178, -30.24999999999998934 ) ) ;
#4355 = AXIS2_PLACEMENT_3D ( 'NONE', #5261, #2817, #3198 ) ;
#4356 = DIRECTION ( 'NONE',  ( 1.000000000000000000, 0.000000000000000000, -0.000000000000000000 ) ) ;
#4357 = DIRECTION ( 'NONE',  ( 0.000000000000000000, -1.000000000000000000, 0.000000000000000000 ) ) ;
#4358 = ADVANCED_FACE ( 'NONE', ( #3587 ), #5208, .T. ) ;
#4359 = CARTESIAN_POINT ( 'NONE',  ( 6.591820935136432524, 11.70000000000000107, 26.78531431339454727 ) ) ;
#4360 = FACE_OUTER_BOUND ( 'NONE', #2719, .T. ) ;
#4361 = FACE_OUTER_BOUND ( 'NONE', #4846, .T. ) ;
#4362 = EDGE_CURVE ( 'NONE', #3171, #5265, #5151, .T. ) ;
#4363 = EDGE_LOOP ( 'NONE', ( #3978, #154, #1811, #1473 ) ) ;
#4364 = EDGE_CURVE ( 'NONE', #776, #4283, #2731, .T. ) ;
#4365 = ORIENTED_EDGE ( 'NONE', *, *, #4857, .T. ) ;
#4366 = DIRECTION ( 'NONE',  ( -0.000000000000000000, 1.000000000000000000, -0.000000000000000000 ) ) ;
#4367 = CARTESIAN_POINT ( 'NONE',  ( -7.050000000036209080, 11.70000000000000107, 10.90000000000010338 ) ) ;
#4368 = CARTESIAN_POINT ( 'NONE',  ( -17.80949381926392761, 13.99999999999999822, -30.89694395060789489 ) ) ;
#4369 = CARTESIAN_POINT ( 'NONE',  ( -16.32500000000116813, 8.250000000000000000, -30.24999999999999289 ) ) ;
#4370 = EDGE_CURVE ( 'NONE', #658, #3790, #5215, .T. ) ;
#4371 = ORIENTED_EDGE ( 'NONE', *, *, #2874, .T. ) ;
#4372 = ORIENTED_EDGE ( 'NONE', *, *, #492, .T. ) ;
#4373 = ORIENTED_EDGE ( 'NONE', *, *, #1896, .T. ) ;
#4374 = CYLINDRICAL_SURFACE ( 'NONE', #752, 1.000000000000000888 ) ;
#4375 = DIRECTION ( 'NONE',  ( -0.000000000000000000, -0.000000000000000000, -1.000000000000000000 ) ) ;
#4376 = ORIENTED_EDGE ( 'NONE', *, *, #5013, .F. ) ;
#4377 = VERTEX_POINT ( 'NONE', #172 ) ;
#4378 = ORIENTED_EDGE ( 'NONE', *, *, #3566, .T. ) ;
#4379 = VERTEX_POINT ( 'NONE', #4799 ) ;
#4380 = CARTESIAN_POINT ( 'NONE',  ( 15.25402600187435809, 11.70000000000000107, 19.58934830313743802 ) ) ;
#4381 = DIRECTION ( 'NONE',  ( 0.000000000000000000, 0.000000000000000000, 1.000000000000000000 ) ) ;
#4382 = DIRECTION ( 'NONE',  ( 0.000000000000000000, 0.000000000000000000, 1.000000000000000000 ) ) ;
#4383 = DIRECTION ( 'NONE',  ( 0.000000000000000000, 0.000000000000000000, 1.000000000000000000 ) ) ;
#4384 = DIRECTION ( 'NONE',  ( 1.000000000000000000, -0.000000000000000000, 5.412553747197527263E-17 ) ) ;
#4385 = EDGE_CURVE ( 'NONE', #4593, #722, #1830, .T. ) ;
#4386 = CARTESIAN_POINT ( 'NONE',  ( 7.949999999963791808, 11.70000000000000107, 8.700000000000104095 ) ) ;
#4387 = DIRECTION ( 'NONE',  ( -1.000000000000000000, 9.830099697066024526E-15, 0.000000000000000000 ) ) ;
#4388 = DIRECTION ( 'NONE',  ( 0.000000000000000000, -1.000000000000000000, -0.000000000000000000 ) ) ;
#4389 = VERTEX_POINT ( 'NONE', #1880 ) ;
#4390 = ORIENTED_EDGE ( 'NONE', *, *, #466, .T. ) ;
#4391 = EDGE_CURVE ( 'NONE', #581, #248, #3501, .T. ) ;
#4392 = CARTESIAN_POINT ( 'NONE',  ( 19.00000000000000000, 14.00000000000000000, 28.45000000000000284 ) ) ;
#4393 = CARTESIAN_POINT ( 'NONE',  ( -20.00000000000000000, 6.204999999859034610, 20.17500000000010019 ) ) ;
#4394 = DIRECTION ( 'NONE',  ( 1.000000000000000000, -0.000000000000000000, 5.412553747197527263E-17 ) ) ;
#4395 = VERTEX_POINT ( 'NONE', #1441 ) ;
#4396 = B_SPLINE_CURVE_WITH_KNOTS ( 'NONE', 3,
 ( #4293, #151, #4780, #1045 ),
 .UNSPECIFIED., .F., .F.,
 ( 4, 4 ),
 ( 0.000000000000000000, 1.000000000000000000 ),
 .UNSPECIFIED. ) ;
#4397 = ORIENTED_EDGE ( 'NONE', *, *, #3740, .T. ) ;
#4398 = ORIENTED_EDGE ( 'NONE', *, *, #917, .F. ) ;
#4399 = EDGE_CURVE ( 'NONE', #4051, #5339, #3118, .T. ) ;
#4400 = PLANE ( 'NONE',  #4930 ) ;
#4401 = DIRECTION ( 'NONE',  ( -2.287444056218751836E-17, -0.9063077870366479383, -0.4226182617407038267 ) ) ;
#4402 = DIRECTION ( 'NONE',  ( 0.000000000000000000, -0.000000000000000000, -1.000000000000000000 ) ) ;
#4403 = VERTEX_POINT ( 'NONE', #1393 ) ;
#4404 = ORIENTED_EDGE ( 'NONE', *, *, #4295, .F. ) ;
#4405 = VERTEX_POINT ( 'NONE', #2322 ) ;
#4406 = EDGE_CURVE ( 'NONE', #1482, #1086, #1004, .T. ) ;
#4407 = CARTESIAN_POINT ( 'NONE',  ( -15.77499999999998437, 0.000000000000000000, 30.25000000000000711 ) ) ;
#4408 = CARTESIAN_POINT ( 'NONE',  ( 6.949999999963790920, 11.70000000000000107, 11.90000000000010338 ) ) ;
#4409 = CARTESIAN_POINT ( 'NONE',  ( -20.00000000000000000, 12.50000000000000000, 28.45000000000000284 ) ) ;
#4410 = CIRCLE ( 'NONE', #4668, 1.274999999999998357 ) ;
#4411 = CARTESIAN_POINT ( 'NONE',  ( -20.00000000000000000, 0.000000000000000000, 32.05000000000000426 ) ) ;
#4412 = DIRECTION ( 'NONE',  ( 1.000000000000000000, -0.000000000000000000, 5.412553747197527263E-17 ) ) ;
#4413 = DIRECTION ( 'NONE',  ( 0.000000000000000000, 0.000000000000000000, 1.000000000000000000 ) ) ;
#4414 = VECTOR ( 'NONE', #4602, 1000.000000000000000 ) ;
#4415 = VECTOR ( 'NONE', #2622, 1000.000000000000000 ) ;
#4416 = VERTEX_POINT ( 'NONE', #1475 ) ;
#4417 = VERTEX_POINT ( 'NONE', #2709 ) ;
#4418 = VECTOR ( 'NONE', #3775, 1000.000000000000000 ) ;
#4419 = AXIS2_PLACEMENT_3D ( 'NONE', #2453, #350, #1598 ) ;
#4420 = CARTESIAN_POINT ( 'NONE',  ( -16.07815178400701228, 8.750000000000000000, 29.30094095281597433 ) ) ;
#4421 = DIRECTION ( 'NONE',  ( 2.287444056218751220E-17, 0.9063077870366479383, 0.4226182617407037156 ) ) ;
#4422 = AXIS2_PLACEMENT_3D ( 'NONE', #2896, #3743, #2513 ) ;
#4423 = EDGE_CURVE ( 'NONE', #2484, #263, #2678, .T. ) ;
#4424 = VERTEX_POINT ( 'NONE', #2649 ) ;
#4425 = ORIENTED_EDGE ( 'NONE', *, *, #3436, .T. ) ;
#4426 = CARTESIAN_POINT ( 'NONE',  ( 19.54563100190873470, 12.50000000000000000, 30.26302832008057919 ) ) ;
#4427 = CIRCLE ( 'NONE', #4949, 0.1999999999999987899 ) ;
#4428 = DIRECTION ( 'NONE',  ( 1.654744174222709694E-16, -0.000000000000000000, 1.000000000000000000 ) ) ;
#4429 = CARTESIAN_POINT ( 'NONE',  ( 19.19999999999999929, 14.00000000000000000, -28.44999999999998863 ) ) ;
#4430 = ORIENTED_EDGE ( 'NONE', *, *, #2160, .F. ) ;
#4431 = EDGE_CURVE ( 'NONE', #1867, #1103, #1856, .T. ) ;
#4432 = AXIS2_PLACEMENT_3D ( 'NONE', #503, #3013, #2552 ) ;
#4433 = ORIENTED_EDGE ( 'NONE', *, *, #1469, .T. ) ;
#4434 = VERTEX_POINT ( 'NONE', #2274 ) ;
#4435 = ORIENTED_EDGE ( 'NONE', *, *, #2202, .F. ) ;
#4436 = CARTESIAN_POINT ( 'NONE',  ( -18.20000000000000284, 4.244999999859064843, 21.42500000000013927 ) ) ;
#4437 = CARTESIAN_POINT ( 'NONE',  ( -20.00000000000000711, 14.00000000000000000, -28.44999999999999218 ) ) ;
#4438 = LINE ( 'NONE', #319, #5320 ) ;
#4439 = VECTOR ( 'NONE', #1173, 1000.000000000000000 ) ;
#4440 = EDGE_CURVE ( 'NONE', #536, #2297, #4310, .T. ) ;
#4441 = VECTOR ( 'NONE', #2841, 1000.000000000000000 ) ;
#4442 = LINE ( 'NONE', #4041, #1986 ) ;
#4443 = FACE_BOUND ( 'NONE', #102, .T. ) ;
#4444 = FACE_OUTER_BOUND ( 'NONE', #2368, .T. ) ;
#4445 = DIRECTION ( 'NONE',  ( 0.000000000000000000, 0.000000000000000000, 1.000000000000000000 ) ) ;
#4446 = VECTOR ( 'NONE', #3656, 1000.000000000000000 ) ;
#4447 = VERTEX_POINT ( 'NONE', #198 ) ;
#4448 =( BOUNDED_CURVE ( )  B_SPLINE_CURVE ( 2, ( #3323, #4437, #5389 ),
 .UNSPECIFIED., .F., .T. ) 
 B_SPLINE_CURVE_WITH_KNOTS ( ( 3, 3 ),
 ( 0.000000000000000000, 1.000000000000000000 ),
 .UNSPECIFIED. ) 
 CURVE ( )  GEOMETRIC_REPRESENTATION_ITEM ( )  RATIONAL_B_SPLINE_CURVE ( ( 1.000000000000000000, 0.7071067811865467956, 1.000000000000000000 ) ) 
 REPRESENTATION_ITEM ( '' )  );
#4449 = ORIENTED_EDGE ( 'NONE', *, *, #828, .F. ) ;
#4450 = LINE ( 'NONE', #2461, #260 ) ;
#4451 = CARTESIAN_POINT ( 'NONE',  ( -16.76693053839274938, 14.00000000000000000, 31.25000000000000711 ) ) ;
#4452 = CARTESIAN_POINT ( 'NONE',  ( 15.23805964921783129, 11.70000000000000107, 19.22457089431215493 ) ) ;
#4453 = ORIENTED_EDGE ( 'NONE', *, *, #2540, .F. ) ;
#4454 = ORIENTED_EDGE ( 'NONE', *, *, #4570, .F. ) ;
#4455 = ORIENTED_EDGE ( 'NONE', *, *, #2833, .F. ) ;
#4456 = DIRECTION ( 'NONE',  ( -1.000000000000000000, -0.000000000000000000, 1.654744174222709448E-16 ) ) ;
#4457 = CARTESIAN_POINT ( 'NONE',  ( -17.80594073601374561, 4.000000000000000000, 29.88953339543472509 ) ) ;
#4458 = LINE ( 'NONE', #5332, #3465 ) ;
#4459 = EDGE_CURVE ( 'NONE', #2015, #4543, #4770, .T. ) ;
#4460 = CARTESIAN_POINT ( 'NONE',  ( -15.77499999999998614, -4.162030754331431659, 28.97500000000004761 ) ) ;
#4461 = VERTEX_POINT ( 'NONE', #249 ) ;
#4462 = ORIENTED_EDGE ( 'NONE', *, *, #344, .T. ) ;
#4463 = EDGE_LOOP ( 'NONE', ( #4462, #8, #3618, #604 ) ) ;
#4464 = ORIENTED_EDGE ( 'NONE', *, *, #5081, .T. ) ;
#4465 = PLANE ( 'NONE',  #4419 ) ;
#4466 = CARTESIAN_POINT ( 'NONE',  ( -20.00000000000000000, 4.244999999859064843, 21.42500000000014637 ) ) ;
#4467 = ADVANCED_FACE ( 'NONE', ( #5237 ), #3963, .F. ) ;
#4468 = CARTESIAN_POINT ( 'NONE',  ( -19.54563099807532822, 12.50000000000000178, 30.26302832933524556 ) ) ;
#4469 = EDGE_CURVE ( 'NONE', #1280, #5274, #810, .T. ) ;
#4470 = DIRECTION ( 'NONE',  ( 1.000000000000000000, -0.000000000000000000, 5.412553747197527263E-17 ) ) ;
#4471 = EDGE_CURVE ( 'NONE', #1504, #4882, #4024, .T. ) ;
#4472 = DIRECTION ( 'NONE',  ( -1.654744174222709448E-16, 0.000000000000000000, -1.000000000000000000 ) ) ;
#4473 = CARTESIAN_POINT ( 'NONE',  ( -16.32500000000116813, 11.69999999999999929, -26.24999999999998934 ) ) ;
#4474 = DIRECTION ( 'NONE',  ( 1.000000000000000000, -2.736911063134408342E-48, -1.654744174222709694E-16 ) ) ;
#4475 = EDGE_LOOP ( 'NONE', ( #3185, #2906 ) ) ;
#4476 = EDGE_CURVE ( 'NONE', #2792, #4644, #4531, .T. ) ;
#4477 = DIRECTION ( 'NONE',  ( -2.287444056218752144E-17, -0.9063077870366478273, -0.4226182617407038822 ) ) ;
#4478 = CARTESIAN_POINT ( 'NONE',  ( -18.19999999999999574, 8.250000000000000000, 28.04264080459935826 ) ) ;
#4479 = CARTESIAN_POINT ( 'NONE',  ( -8.050000000036208192, 13.19999999999999929, 7.700000000000102318 ) ) ;
#4480 = EDGE_LOOP ( 'NONE', ( #1159, #2855, #264, #3160, #1778, #424 ) ) ;
#4481 = ORIENTED_EDGE ( 'NONE', *, *, #5066, .T. ) ;
#4482 = DIRECTION ( 'NONE',  ( -0.000000000000000000, 1.000000000000000000, -0.000000000000000000 ) ) ;
#4483 = DIRECTION ( 'NONE',  ( 0.000000000000000000, 0.000000000000000000, 1.000000000000000000 ) ) ;
#4484 = CARTESIAN_POINT ( 'NONE',  ( 13.37014954230756558, 11.70000000000000107, 19.98139641309521863 ) ) ;
#4485 = DIRECTION ( 'NONE',  ( 0.000000000000000000, 0.000000000000000000, -1.000000000000000000 ) ) ;
#4486 = ORIENTED_EDGE ( 'NONE', *, *, #2528, .T. ) ;
#4487 = ORIENTED_EDGE ( 'NONE', *, *, #4757, .F. ) ;
#4488 = ORIENTED_EDGE ( 'NONE', *, *, #4308, .T. ) ;
#4489 = ORIENTED_EDGE ( 'NONE', *, *, #1264, .F. ) ;
#4490 = CARTESIAN_POINT ( 'NONE',  ( 8.033159821535258871, 13.19999999999999929, 30.24999999999999645 ) ) ;
#4491 = DIRECTION ( 'NONE',  ( -0.000000000000000000, -1.000000000000000000, -0.000000000000000000 ) ) ;
#4492 = EDGE_CURVE ( 'NONE', #4753, #2816, #3257, .T. ) ;
#4493 = CARTESIAN_POINT ( 'NONE',  ( 18.19999999999999929, 1.855257548756997554, -0.9829814372395776489 ) ) ;
#4494 = EDGE_CURVE ( 'NONE', #3179, #1050, #5371, .T. ) ;
#4495 = DIRECTION ( 'NONE',  ( 0.000000000000000000, 0.000000000000000000, 1.000000000000000000 ) ) ;
#4496 = LINE ( 'NONE', #2431, #1357 ) ;
#4497 = CARTESIAN_POINT ( 'NONE',  ( 18.19999999999999574, 10.85525754875703797, -32.04999999999999005 ) ) ;
#4498 = VECTOR ( 'NONE', #2679, 1000.000000000000000 ) ;
#4499 = AXIS2_PLACEMENT_3D ( 'NONE', #2380, #1170, #3627 ) ;
#4500 = EDGE_CURVE ( 'NONE', #1428, #5105, #332, .T. ) ;
#4501 = ORIENTED_EDGE ( 'NONE', *, *, #2102, .T. ) ;
#4502 = CARTESIAN_POINT ( 'NONE',  ( 19.00000000000000000, 14.00000000000000000, 28.45000000000000284 ) ) ;
#4503 = VECTOR ( 'NONE', #656, 1000.000000000000000 ) ;
#4504 = VECTOR ( 'NONE', #4635, 1000.000000000000000 ) ;
#4505 = DIRECTION ( 'NONE',  ( -0.000000000000000000, 0.000000000000000000, -1.000000000000000000 ) ) ;
#4506 = EDGE_CURVE ( 'NONE', #4887, #1236, #4933, .T. ) ;
#4507 = VECTOR ( 'NONE', #3097, 1000.000000000000000 ) ;
#4508 = AXIS2_PLACEMENT_3D ( 'NONE', #976, #2645, #596 ) ;
#4509 = ORIENTED_EDGE ( 'NONE', *, *, #4666, .F. ) ;
#4510 = ORIENTED_EDGE ( 'NONE', *, *, #896, .T. ) ;
#4511 = CARTESIAN_POINT ( 'NONE',  ( -9.223942020710227396, 13.19999999999999929, 7.700000000000102318 ) ) ;
#4512 = CARTESIAN_POINT ( 'NONE',  ( -20.00000000000000000, 8.199999999859237221, 21.24264564540182576 ) ) ;
#4513 = CARTESIAN_POINT ( 'NONE',  ( -15.07500000004169749, 0.000000000000000000, -30.24999999999998934 ) ) ;
#4514 = AXIS2_PLACEMENT_3D ( 'NONE', #4801, #4341, #983 ) ;
#4515 = FACE_OUTER_BOUND ( 'NONE', #715, .T. ) ;
#4516 = ORIENTED_EDGE ( 'NONE', *, *, #2728, .T. ) ;
#4517 = VERTEX_POINT ( 'NONE', #4553 ) ;
#4518 = ORIENTED_EDGE ( 'NONE', *, *, #2160, .T. ) ;
#4519 = AXIS2_PLACEMENT_3D ( 'NONE', #786, #3710, #1659 ) ;
#4520 = ORIENTED_EDGE ( 'NONE', *, *, #4984, .T. ) ;
#4521 = CARTESIAN_POINT ( 'NONE',  ( -18.00000000000000355, 10.85525754875708060, 16.71378748615546073 ) ) ;
#4522 = FACE_BOUND ( 'NONE', #3756, .T. ) ;
#4523 = AXIS2_PLACEMENT_3D ( 'NONE', #287, #2034, #3647 ) ;
#4524 = CARTESIAN_POINT ( 'NONE',  ( -13.02968331415716818, 13.19999999999999929, 8.036288141110496497 ) ) ;
#4525 = VECTOR ( 'NONE', #141, 1000.000000000000000 ) ;
#4526 = LINE ( 'NONE', #1113, #4181 ) ;
#4527 = DIRECTION ( 'NONE',  ( 0.000000000000000000, 0.000000000000000000, -1.000000000000000000 ) ) ;
#4528 = EDGE_CURVE ( 'NONE', #4802, #4767, #1199, .T. ) ;
#4529 = AXIS2_PLACEMENT_3D ( 'NONE', #3192, #273, #4926 ) ;
#4530 = ORIENTED_EDGE ( 'NONE', *, *, #4308, .F. ) ;
#4531 = LINE ( 'NONE', #2383, #2785 ) ;
#4532 = CARTESIAN_POINT ( 'NONE',  ( 20.00100000000000833, 10.09999999985903862, 28.04264080459935471 ) ) ;
#4533 = EDGE_CURVE ( 'NONE', #5382, #5104, #3608, .T. ) ;
#4534 = EDGE_CURVE ( 'NONE', #721, #4417, #3489, .T. ) ;
#4535 = ORIENTED_EDGE ( 'NONE', *, *, #12, .F. ) ;
#4536 = ORIENTED_EDGE ( 'NONE', *, *, #3266, .T. ) ;
#4537 = DIRECTION ( 'NONE',  ( 0.000000000000000000, 0.000000000000000000, 1.000000000000000000 ) ) ;
#4538 = LINE ( 'NONE', #877, #3893 ) ;
#4539 = DIRECTION ( 'NONE',  ( 0.000000000000000000, 0.000000000000000000, 1.000000000000000000 ) ) ;
#4540 = EDGE_CURVE ( 'NONE', #1729, #2484, #4450, .T. ) ;
#4541 = DIRECTION ( 'NONE',  ( -1.000000000000000000, 0.000000000000000000, 5.412553747197527263E-17 ) ) ;
#4542 = ORIENTED_EDGE ( 'NONE', *, *, #4624, .F. ) ;
#4543 = VERTEX_POINT ( 'NONE', #1120 ) ;
#4544 = ORIENTED_EDGE ( 'NONE', *, *, #5338, .T. ) ;
#4545 = ORIENTED_EDGE ( 'NONE', *, *, #1553, .F. ) ;
#4546 = DIRECTION ( 'NONE',  ( 2.867400913013224863E-16, -1.433700456506612432E-16, 1.000000000000000000 ) ) ;
#4547 = FACE_BOUND ( 'NONE', #4895, .T. ) ;
#4548 = ADVANCED_FACE ( 'NONE', ( #1584 ), #2407, .F. ) ;
#4549 = DIRECTION ( 'NONE',  ( 0.000000000000000000, 0.000000000000000000, 1.000000000000000000 ) ) ;
#4550 = CARTESIAN_POINT ( 'NONE',  ( -16.39999999999999858, 14.00000000000000000, 32.05000000000000426 ) ) ;
#4551 = CARTESIAN_POINT ( 'NONE',  ( -16.29999999999999716, 10.09999999985903862, 28.04264080459935826 ) ) ;
#4552 = VERTEX_POINT ( 'NONE', #1968 ) ;
#4553 = CARTESIAN_POINT ( 'NONE',  ( -18.19999999999999574, -1.734723475976807094E-15, 29.18953339543471870 ) ) ;
#4554 = CARTESIAN_POINT ( 'NONE',  ( -19.90630163217156934, 14.00000000000000000, -29.39229239294850871 ) ) ;
#4555 = EDGE_CURVE ( 'NONE', #2775, #2674, #2895, .T. ) ;
#4556 = ORIENTED_EDGE ( 'NONE', *, *, #441, .F. ) ;
#4557 = FACE_OUTER_BOUND ( 'NONE', #2040, .T. ) ;
#4558 = CARTESIAN_POINT ( 'NONE',  ( 20.00000000000000355, 10.85525754875708060, 15.21378748615546073 ) ) ;
#4559 = ADVANCED_FACE ( 'NONE', ( #736 ), #1943, .T. ) ;
#4560 = FACE_OUTER_BOUND ( 'NONE', #1138, .T. ) ;
#4561 = CARTESIAN_POINT ( 'NONE',  ( 13.25206524156599563, 13.19999999999999929, 19.81694891154305083 ) ) ;
#4562 = DIRECTION ( 'NONE',  ( 0.000000000000000000, 0.000000000000000000, 1.000000000000000000 ) ) ;
#4563 = EDGE_LOOP ( 'NONE', ( #48, #1102, #5241, #2310 ) ) ;
#4564 = ORIENTED_EDGE ( 'NONE', *, *, #478, .F. ) ;
#4565 = EDGE_CURVE ( 'NONE', #4121, #1594, #2788, .T. ) ;
#4566 = ORIENTED_EDGE ( 'NONE', *, *, #2938, .T. ) ;
#4567 = ORIENTED_EDGE ( 'NONE', *, *, #3405, .F. ) ;
#4568 = CARTESIAN_POINT ( 'NONE',  ( 18.19999999999999574, 0.000000000000000000, -32.04999999999999005 ) ) ;
#4569 = CARTESIAN_POINT ( 'NONE',  ( -16.94999999999999218, 8.250000000000000000, 28.04264080459936181 ) ) ;
#4570 = EDGE_CURVE ( 'NONE', #1429, #2792, #2704, .T. ) ;
#4571 = CARTESIAN_POINT ( 'NONE',  ( 18.00000000000000355, 1.855257548757081265, 11.01701856276042335 ) ) ;
#4572 = DIRECTION ( 'NONE',  ( 0.000000000000000000, 0.000000000000000000, 1.000000000000000000 ) ) ;
#4573 = DIRECTION ( 'NONE',  ( 0.000000000000000000, 0.000000000000000000, 1.000000000000000000 ) ) ;
#4574 = CARTESIAN_POINT ( 'NONE',  ( -20.00000000000000355, 1.855257548757039521, 6.517018562760421574 ) ) ;
#4575 = CARTESIAN_POINT ( 'NONE',  ( 19.19999999999999929, 14.00000000000000000, -28.44999999999998863 ) ) ;
#4576 = ORIENTED_EDGE ( 'NONE', *, *, #4304, .T. ) ;
#4577 = CARTESIAN_POINT ( 'NONE',  ( 20.00100000000000833, 5.494999999859252249, 29.11500000000010857 ) ) ;
#4578 = CARTESIAN_POINT ( 'NONE',  ( -18.20000000000000284, 6.204999999859253101, 29.11500000000009791 ) ) ;
#4579 = AXIS2_PLACEMENT_3D ( 'NONE', #3134, #2662, #4705 ) ;
#4580 = CARTESIAN_POINT ( 'NONE',  ( -16.40000000000000568, 12.50000000000000000, -32.04999999999999005 ) ) ;
#4581 = VERTEX_POINT ( 'NONE', #3230 ) ;
#4582 = VECTOR ( 'NONE', #1925, 1000.000000000000000 ) ;
#4583 = VECTOR ( 'NONE', #2046, 1000.000000000000000 ) ;
#4584 = DIRECTION ( 'NONE',  ( 0.000000000000000000, 0.000000000000000000, 1.000000000000000000 ) ) ;
#4585 = DIRECTION ( 'NONE',  ( -0.000000000000000000, 1.000000000000000000, -0.000000000000000000 ) ) ;
#4586 = CARTESIAN_POINT ( 'NONE',  ( 20.00000000000000000, 10.85525754875703797, 10.71378748615545895 ) ) ;
#4587 = CARTESIAN_POINT ( 'NONE',  ( -16.37815178400701299, 8.250000000000000000, 29.30094095281597433 ) ) ;
#4588 = DIRECTION ( 'NONE',  ( 1.000000000000000000, 0.000000000000000000, 0.000000000000000000 ) ) ;
#4589 = EDGE_CURVE ( 'NONE', #697, #1698, #3665, .T. ) ;
#4590 = CIRCLE ( 'NONE', #1275, 1.249999999999671596 ) ;
#4591 = ORIENTED_EDGE ( 'NONE', *, *, #168, .F. ) ;
#4592 = ORIENTED_EDGE ( 'NONE', *, *, #1886, .T. ) ;
#4593 = VERTEX_POINT ( 'NONE', #4502 ) ;
#4594 = EDGE_LOOP ( 'NONE', ( #1238, #3595, #3649, #4373 ) ) ;
#4595 = DIRECTION ( 'NONE',  ( -0.000000000000000000, 1.000000000000000000, -0.000000000000000000 ) ) ;
#4596 = VECTOR ( 'NONE', #2688, 1000.000000000000000 ) ;
#4597 = VECTOR ( 'NONE', #3683, 1000.000000000000000 ) ;
#4598 = DIRECTION ( 'NONE',  ( -1.000000000000000000, 0.000000000000000000, 0.000000000000000000 ) ) ;
#4599 = ADVANCED_FACE ( 'NONE', ( #764 ), #2436, .F. ) ;
#4600 = ADVANCED_FACE ( 'NONE', ( #2952 ), #2593, .F. ) ;
#4601 = CARTESIAN_POINT ( 'NONE',  ( 10.83402830016236251, 11.70000000000000107, 29.60664158573503713 ) ) ;
#4602 = DIRECTION ( 'NONE',  ( -1.000000000000000000, 0.000000000000000000, 0.000000000000000000 ) ) ;
#4603 = CARTESIAN_POINT ( 'NONE',  ( -5.466666666666673891, 14.00000000000000000, -31.24999999999998934 ) ) ;
#4604 = CARTESIAN_POINT ( 'NONE',  ( -20.00000000000000000, 10.09999999985903862, 21.24264564540182576 ) ) ;
#4605 = CARTESIAN_POINT ( 'NONE',  ( 16.40000000000000213, 0.000000000000000000, 28.45000000000000284 ) ) ;
#4606 = EDGE_CURVE ( 'NONE', #799, #3681, #4636, .T. ) ;
#4607 = CIRCLE ( 'NONE', #3306, 1.000000000000000888 ) ;
#4608 = VERTEX_POINT ( 'NONE', #3355 ) ;
#4609 = CARTESIAN_POINT ( 'NONE',  ( 18.00000000000000355, 1.855257548757039521, 5.017018562760422462 ) ) ;
#4610 = CARTESIAN_POINT ( 'NONE',  ( -20.00000000000000000, 6.204999999859553306, 27.86500000000043187 ) ) ;
#4611 = CARTESIAN_POINT ( 'NONE',  ( -18.63906715320530694, 14.00000000000000000, -30.17073082143935281 ) ) ;
#4612 = VECTOR ( 'NONE', #1799, 1000.000000000000114 ) ;
#4613 = ORIENTED_EDGE ( 'NONE', *, *, #4847, .T. ) ;
#4614 = VECTOR ( 'NONE', #1354, 1000.000000000000000 ) ;
#4615 = CARTESIAN_POINT ( 'NONE',  ( 10.83402830016236251, 11.70000000000000107, 25.00664158573503215 ) ) ;
#4616 = PLANE ( 'NONE',  #3107 ) ;
#4617 = SURFACE_STYLE_FILL_AREA ( #3858 ) ;
#4618 = CARTESIAN_POINT ( 'NONE',  ( 12.59670360744673623, 11.70000000000000107, 20.75776223217721395 ) ) ;
#4619 = DIRECTION ( 'NONE',  ( 0.000000000000000000, 0.000000000000000000, -1.000000000000000000 ) ) ;
#4620 = AXIS2_PLACEMENT_3D ( 'NONE', #3105, #3433, #3955 ) ;
#4621 = ORIENTED_EDGE ( 'NONE', *, *, #4067, .F. ) ;
#4622 = VERTEX_POINT ( 'NONE', #872 ) ;
#4623 = ORIENTED_EDGE ( 'NONE', *, *, #964, .F. ) ;
#4624 = EDGE_CURVE ( 'NONE', #825, #3614, #1568, .T. ) ;
#4625 = PLANE ( 'NONE',  #4245 ) ;
#4626 = CARTESIAN_POINT ( 'NONE',  ( -11.19999999999998685, 11.70000000000000107, 9.739889904990375769 ) ) ;
#4627 = ADVANCED_FACE ( 'NONE', ( #1248 ), #3416, .F. ) ;
#4628 = CARTESIAN_POINT ( 'NONE',  ( 16.39999999999999858, 13.19999999999999929, -31.04999999999998650 ) ) ;
#4629 = CARTESIAN_POINT ( 'NONE',  ( 18.84694395061233507, 13.99999999999999822, -29.85949381925439994 ) ) ;
#4630 = DIRECTION ( 'NONE',  ( 5.412553747197527263E-17, 0.000000000000000000, 1.000000000000000000 ) ) ;
#4631 = CARTESIAN_POINT ( 'NONE',  ( 18.21302832008004557, 14.00000000000031797, -31.59563100190818474 ) ) ;
#4632 = CARTESIAN_POINT ( 'NONE',  ( 20.00100000000000833, 5.494999999859252249, 29.11500000000010857 ) ) ;
#4633 = ADVANCED_FACE ( 'NONE', ( #2482 ), #2543, .F. ) ;
#4634 = VERTEX_POINT ( 'NONE', #3824 ) ;
#4635 = DIRECTION ( 'NONE',  ( 1.000000000000000000, -0.000000000000000000, 5.412553747197527263E-17 ) ) ;
#4636 = LINE ( 'NONE', #2156, #4614 ) ;
#4637 = CARTESIAN_POINT ( 'NONE',  ( -20.00000000000000355, 0.000000000000000000, -30.24999999999998934 ) ) ;
#4638 = EDGE_LOOP ( 'NONE', ( #4133, #3640, #3088, #5358 ) ) ;
#4639 = CARTESIAN_POINT ( 'NONE',  ( -20.00000000000000000, 7.454999999859222015, 27.86500000000006949 ) ) ;
#4640 = PLANE ( 'NONE',  #4318 ) ;
#4641 = CARTESIAN_POINT ( 'NONE',  ( -16.07815178400701228, 8.250000000000000000, 29.30094095281597433 ) ) ;
#4642 = CARTESIAN_POINT ( 'NONE',  ( -16.32500000000116813, 0.000000000000000000, 0.000000000000000000 ) ) ;
#4643 = ORIENTED_EDGE ( 'NONE', *, *, #2569, .F. ) ;
#4644 = VERTEX_POINT ( 'NONE', #3438 ) ;
#4645 = DIRECTION ( 'NONE',  ( 4.905439608839507105E-17, -0.4226182617407038267, 0.9063077870366479383 ) ) ;
#4646 = DIRECTION ( 'NONE',  ( -0.000000000000000000, 1.000000000000000000, -0.000000000000000000 ) ) ;
#4647 =( BOUNDED_CURVE ( )  B_SPLINE_CURVE ( 2, ( #3142, #648, #599 ),
 .UNSPECIFIED., .F., .T. ) 
 B_SPLINE_CURVE_WITH_KNOTS ( ( 3, 3 ),
 ( 0.000000000000000000, 1.000000000000000000 ),
 .UNSPECIFIED. ) 
 CURVE ( )  GEOMETRIC_REPRESENTATION_ITEM ( )  RATIONAL_B_SPLINE_CURVE ( ( 1.000000000000000000, 0.7071067811865467956, 1.000000000000000000 ) ) 
 REPRESENTATION_ITEM ( '' )  );
#4648 = ORIENTED_EDGE ( 'NONE', *, *, #1453, .T. ) ;
#4649 = CYLINDRICAL_SURFACE ( 'NONE', #3722, 0.2000000000000005107 ) ;
#4650 = FACE_OUTER_BOUND ( 'NONE', #2259, .T. ) ;
#4651 = CARTESIAN_POINT ( 'NONE',  ( -18.61236819899348660, 12.50000000000000000, 31.32880062554966472 ) ) ;
#4652 = FACE_OUTER_BOUND ( 'NONE', #2770, .T. ) ;
#4653 = FACE_OUTER_BOUND ( 'NONE', #4894, .T. ) ;
#4654 = EDGE_CURVE ( 'NONE', #2495, #1891, #3312, .T. ) ;
#4655 = ORIENTED_EDGE ( 'NONE', *, *, #4370, .T. ) ;
#4656 = DIRECTION ( 'NONE',  ( 0.000000000000000000, 1.000000000000000000, 0.000000000000000000 ) ) ;
#4657 = CARTESIAN_POINT ( 'NONE',  ( -9.050000000036209968, 11.70000000000000107, 7.700000000000102318 ) ) ;
#4658 = DIRECTION ( 'NONE',  ( 1.000000000000000000, -0.000000000000000000, 0.000000000000000000 ) ) ;
#4659 = EDGE_CURVE ( 'NONE', #4769, #3051, #2531, .T. ) ;
#4660 = ORIENTED_EDGE ( 'NONE', *, *, #4406, .T. ) ;
#4661 = CARTESIAN_POINT ( 'NONE',  ( 16.22500000000117382, 8.250000000000000000, -30.24999999999998934 ) ) ;
#4662 = CARTESIAN_POINT ( 'NONE',  ( 18.19999999999999574, 11.69999999999999929, -26.24999999999998934 ) ) ;
#4663 = CARTESIAN_POINT ( 'NONE',  ( -18.00000000000000355, 1.855257548756997554, 0.5170185627604219070 ) ) ;
#4664 = LINE ( 'NONE', #1366, #5281 ) ;
#4665 = DIRECTION ( 'NONE',  ( -0.000000000000000000, 1.000000000000000000, -0.000000000000000000 ) ) ;
#4666 = EDGE_CURVE ( 'NONE', #1758, #4834, #3853, .T. ) ;
#4667 = ORIENTED_EDGE ( 'NONE', *, *, #627, .T. ) ;
#4668 = AXIS2_PLACEMENT_3D ( 'NONE', #3287, #4585, #848 ) ;
#4669 = ORIENTED_EDGE ( 'NONE', *, *, #3509, .T. ) ;
#4670 = VERTEX_POINT ( 'NONE', #5091 ) ;
#4671 = CARTESIAN_POINT ( 'NONE',  ( 5.466666666666663232, 14.00000000000000000, 32.05000000000000426 ) ) ;
#4672 = DIRECTION ( 'NONE',  ( -6.097446312748004835E-17, 0.000000000000000000, -1.000000000000000000 ) ) ;
#4673 = CIRCLE ( 'NONE', #4157, 3.799999999999980282 ) ;
#4674 = EDGE_LOOP ( 'NONE', ( #3795, #1562, #2452, #3943 ) ) ;
#4675 = AXIS2_PLACEMENT_3D ( 'NONE', #1240, #2936, #4240 ) ;
#4676 = VECTOR ( 'NONE', #1185, 1000.000000000000114 ) ;
#4677 = CARTESIAN_POINT ( 'NONE',  ( -18.44999999999969731, 0.000000000000000000, -27.24999999999999289 ) ) ;
#4678 = CARTESIAN_POINT ( 'NONE',  ( 19.19999999999999929, 14.00000000000000000, -28.44999999999998863 ) ) ;
#4679 = LINE ( 'NONE', #132, #3057 ) ;
#4680 = CARTESIAN_POINT ( 'NONE',  ( 18.63906715320529628, 14.00000000000000000, -30.17073082143935636 ) ) ;
#4681 = CARTESIAN_POINT ( 'NONE',  ( -20.00000000000000000, 8.199999999859237221, 21.74264564540182576 ) ) ;
#4682 = DIRECTION ( 'NONE',  ( 0.000000000000000000, 0.000000000000000000, 1.000000000000000000 ) ) ;
#4683 = VECTOR ( 'NONE', #3412, 1000.000000000000000 ) ;
#4684 = ADVANCED_FACE ( 'NONE', ( #2129, #1768, #1743, #469, #3030, #34 ), #2078, .F. ) ;
#4685 = CARTESIAN_POINT ( 'NONE',  ( 8.949999999963793584, 11.70000000000000107, 7.700000000000102318 ) ) ;
#4686 = CARTESIAN_POINT ( 'NONE',  ( 17.04999999999980176, 0.000000000000000000, 30.24999999999998934 ) ) ;
#4687 = CIRCLE ( 'NONE', #2348, 0.4999999999999995559 ) ;
#4688 = ORIENTED_EDGE ( 'NONE', *, *, #3468, .T. ) ;
#4689 = EDGE_CURVE ( 'NONE', #3613, #442, #1332, .T. ) ;
#4690 = CARTESIAN_POINT ( 'NONE',  ( 19.99999999999999645, 8.759612155171568659, -4.869667632591994533 ) ) ;
#4691 = FACE_OUTER_BOUND ( 'NONE', #2754, .T. ) ;
#4692 = VECTOR ( 'NONE', #4366, 1000.000000000000000 ) ;
#4693 = CARTESIAN_POINT ( 'NONE',  ( 20.00100000000000833, 6.204999999859395210, 21.42499999999976268 ) ) ;
#4694 = LINE ( 'NONE', #1885, #2608 ) ;
#4695 = ADVANCED_FACE ( 'NONE', ( #411 ), #3742, .F. ) ;
#4696 = VECTOR ( 'NONE', #4147, 1000.000000000000000 ) ;
#4697 = ORIENTED_EDGE ( 'NONE', *, *, #2975, .T. ) ;
#4698 = VERTEX_POINT ( 'NONE', #4985 ) ;
#4699 = EDGE_CURVE ( 'NONE', #3449, #1618, #2919, .T. ) ;
#4700 = DIRECTION ( 'NONE',  ( 0.000000000000000000, 0.000000000000000000, 1.000000000000000000 ) ) ;
#4701 = DIRECTION ( 'NONE',  ( -0.000000000000000000, 0.000000000000000000, 1.000000000000000000 ) ) ;
#4702 = CIRCLE ( 'NONE', #4620, 1.750000000000018874 ) ;
#4703 = ORIENTED_EDGE ( 'NONE', *, *, #3274, .F. ) ;
#4704 = ADVANCED_FACE ( 'NONE', ( #3793 ), #1688, .F. ) ;
#4705 = DIRECTION ( 'NONE',  ( 0.000000000000000000, 0.000000000000000000, -1.000000000000000000 ) ) ;
#4706 = LINE ( 'NONE', #4247, #4414 ) ;
#4707 = CARTESIAN_POINT ( 'NONE',  ( 18.44999999999969731, 0.000000000000000000, 27.24999999999999645 ) ) ;
#4708 = LINE ( 'NONE', #975, #2263 ) ;
#4709 = CARTESIAN_POINT ( 'NONE',  ( 18.19999999999999929, 10.85525754875708060, 15.21378748615546073 ) ) ;
#4710 = CARTESIAN_POINT ( 'NONE',  ( 14.60991557117830730, 13.19999999999999929, 21.21649972604452117 ) ) ;
#4711 = FACE_OUTER_BOUND ( 'NONE', #3153, .T. ) ;
#4712 = ORIENTED_EDGE ( 'NONE', *, *, #3890, .T. ) ;
#4713 = CARTESIAN_POINT ( 'NONE',  ( 8.949999999963793584, 13.19999999999999929, 8.700000000000104095 ) ) ;
#4714 = DIRECTION ( 'NONE',  ( 0.000000000000000000, 0.000000000000000000, -1.000000000000000000 ) ) ;
#4715 = DIRECTION ( 'NONE',  ( -1.000000000000000000, 0.000000000000000000, 0.000000000000000000 ) ) ;
#4716 = CYLINDRICAL_SURFACE ( 'NONE', #1558, 1.750000000000001554 ) ;
#4717 = ADVANCED_FACE ( 'NONE', ( #4360 ), #2670, .F. ) ;
#4718 = ORIENTED_EDGE ( 'NONE', *, *, #3266, .F. ) ;
#4719 = ORIENTED_EDGE ( 'NONE', *, *, #4797, .T. ) ;
#4720 = ORIENTED_EDGE ( 'NONE', *, *, #3328, .F. ) ;
#4721 = DIRECTION ( 'NONE',  ( -0.000000000000000000, -1.000000000000000000, -0.000000000000000000 ) ) ;
#4722 = CARTESIAN_POINT ( 'NONE',  ( -20.00000000000000355, 1.855257548756997554, -0.9829814372395776489 ) ) ;
#4723 = ORIENTED_EDGE ( 'NONE', *, *, #3277, .F. ) ;
#4724 = EDGE_CURVE ( 'NONE', #2775, #1597, #4306, .T. ) ;
#4725 = VERTEX_POINT ( 'NONE', #3986 ) ;
#4726 = DIRECTION ( 'NONE',  ( -1.000000000000000000, 0.000000000000000000, 0.000000000000000000 ) ) ;
#4727 = DIRECTION ( 'NONE',  ( -1.000000000000000000, -0.000000000000000000, 5.412553747197527263E-17 ) ) ;
#4728 = CARTESIAN_POINT ( 'NONE',  ( 18.19999999999999574, 1.855257548756997110, -32.04999999999999005 ) ) ;
#4729 = DIRECTION ( 'NONE',  ( -1.000000000000000000, 0.000000000000000000, 0.000000000000000000 ) ) ;
#4730 = DIRECTION ( 'NONE',  ( 0.000000000000000000, -0.000000000000000000, 1.000000000000000000 ) ) ;
#4731 = EDGE_CURVE ( 'NONE', #1698, #5297, #1057, .T. ) ;
#4732 = B_SPLINE_CURVE_WITH_KNOTS ( 'NONE', 3,
 ( #867, #56, #5346, #4575 ),
 .UNSPECIFIED., .F., .F.,
 ( 4, 4 ),
 ( 0.000000000000000000, 1.000000000000000000 ),
 .UNSPECIFIED. ) ;
#4733 = LINE ( 'NONE', #2291, #2852 ) ;
#4734 = DIRECTION ( 'NONE',  ( 1.000000000000000000, -0.000000000000000000, -0.000000000000000000 ) ) ;
#4735 = DIRECTION ( 'NONE',  ( 0.000000000000000000, 0.000000000000000000, -1.000000000000000000 ) ) ;
#4736 = ORIENTED_EDGE ( 'NONE', *, *, #2867, .F. ) ;
#4737 = ORIENTED_EDGE ( 'NONE', *, *, #753, .T. ) ;
#4738 = CARTESIAN_POINT ( 'NONE',  ( -18.19999999999999929, -2.366618036870391517, 3.048325645404699635 ) ) ;
#4739 = LINE ( 'NONE', #1005, #4498 ) ;
#4740 = CARTESIAN_POINT ( 'NONE',  ( 18.19999999999999929, 10.13246619646799651, -5.369667632591993645 ) ) ;
#4741 = DIRECTION ( 'NONE',  ( -1.000000000000000000, 0.000000000000000000, -7.304098846218139203E-15 ) ) ;
#4742 = ORIENTED_EDGE ( 'NONE', *, *, #2278, .T. ) ;
#4743 = ORIENTED_EDGE ( 'NONE', *, *, #36, .F. ) ;
#4744 = CIRCLE ( 'NONE', #322, 0.5000000000000004441 ) ;
#4745 = VERTEX_POINT ( 'NONE', #2701 ) ;
#4746 = CARTESIAN_POINT ( 'NONE',  ( -20.00000000000000000, 4.244999999859063955, 21.42500000000014637 ) ) ;
#4747 = DIRECTION ( 'NONE',  ( 0.000000000000000000, 0.000000000000000000, 1.000000000000000000 ) ) ;
#4748 = EDGE_CURVE ( 'NONE', #4644, #1474, #1041, .T. ) ;
#4749 = VECTOR ( 'NONE', #173, 1000.000000000000000 ) ;
#4750 = EDGE_LOOP ( 'NONE', ( #1272, #2279, #689, #187, #1197, #5069, #423, #1215 ) ) ;
#4751 = ORIENTED_EDGE ( 'NONE', *, *, #4145, .T. ) ;
#4752 = ORIENTED_EDGE ( 'NONE', *, *, #1259, .F. ) ;
#4753 = VERTEX_POINT ( 'NONE', #2646 ) ;
#4754 = PLANE ( 'NONE',  #1111 ) ;
#4755 = VECTOR ( 'NONE', #2832, 1000.000000000000000 ) ;
#4756 = LINE ( 'NONE', #1432, #1797 ) ;
#4757 = EDGE_CURVE ( 'NONE', #3539, #4622, #2238, .T. ) ;
#4758 = CARTESIAN_POINT ( 'NONE',  ( 18.19999999999999929, 10.85525754875703797, 10.71378748615546250 ) ) ;
#4759 = EDGE_CURVE ( 'NONE', #2606, #3701, #5131, .T. ) ;
#4760 = CIRCLE ( 'NONE', #1894, 0.2000000000000005107 ) ;
#4761 = AXIS2_PLACEMENT_3D ( 'NONE', #3874, #5118, #33 ) ;
#4762 = DIRECTION ( 'NONE',  ( -2.287444056218751220E-17, -0.9063077870366479383, -0.4226182617407037156 ) ) ;
#4763 = EDGE_CURVE ( 'NONE', #3441, #1423, #548, .T. ) ;
#4764 = CARTESIAN_POINT ( 'NONE',  ( -16.64999999999999147, 8.250000000000000000, 28.79951569184058258 ) ) ;
#4765 = VECTOR ( 'NONE', #3965, 1000.000000000000000 ) ;
#4766 = CARTESIAN_POINT ( 'NONE',  ( 6.083122236757340318, 13.19999999999999929, 30.25000000000001421 ) ) ;
#4767 = VERTEX_POINT ( 'NONE', #4386 ) ;
#4768 = AXIS2_PLACEMENT_3D ( 'NONE', #1769, #1851, #3439 ) ;
#4769 = VERTEX_POINT ( 'NONE', #3902 ) ;
#4770 = LINE ( 'NONE', #1036, #4692 ) ;
#4771 = LINE ( 'NONE', #1418, #3366 ) ;
#4772 = DIRECTION ( 'NONE',  ( -0.000000000000000000, 1.000000000000000000, -0.000000000000000000 ) ) ;
#4773 = VECTOR ( 'NONE', #3340, 1000.000000000000000 ) ;
#4774 = LINE ( 'NONE', #3914, #2868 ) ;
#4775 = ORIENTED_EDGE ( 'NONE', *, *, #2728, .F. ) ;
#4776 = VERTEX_POINT ( 'NONE', #3548 ) ;
#4777 = VECTOR ( 'NONE', #4229, 1000.000000000000000 ) ;
#4778 = VERTEX_POINT ( 'NONE', #4764 ) ;
#4779 = DIRECTION ( 'NONE',  ( 1.000000000000000000, -2.736911063134408342E-48, -1.654744174222709694E-16 ) ) ;
#4780 = CARTESIAN_POINT ( 'NONE',  ( 5.466666666666665009, 12.50000000000000000, -32.04999999999999005 ) ) ;
#4781 = VECTOR ( 'NONE', #340, 1000.000000000000000 ) ;
#4782 = ORIENTED_EDGE ( 'NONE', *, *, #3961, .T. ) ;
#4783 = VERTEX_POINT ( 'NONE', #166 ) ;
#4784 = EDGE_CURVE ( 'NONE', #1390, #988, #95, .T. ) ;
#4785 = ORIENTED_EDGE ( 'NONE', *, *, #5355, .F. ) ;
#4786 = DIRECTION ( 'NONE',  ( 2.602085213965208275E-15, 0.000000000000000000, 1.000000000000000000 ) ) ;
#4787 = VECTOR ( 'NONE', #3769, 1000.000000000000000 ) ;
#4788 = DIRECTION ( 'NONE',  ( 0.000000000000000000, 1.000000000000000000, -0.000000000000000000 ) ) ;
#4789 = DIRECTION ( 'NONE',  ( 0.000000000000000000, 0.000000000000000000, 1.000000000000000000 ) ) ;
#4790 = AXIS2_PLACEMENT_3D ( 'NONE', #2724, #2315, #3136 ) ;
#4791 = ADVANCED_FACE ( 'NONE', ( #3167 ), #952, .T. ) ;
#4792 = CARTESIAN_POINT ( 'NONE',  ( 18.19999999999999574, 8.250000000000000000, 30.24999999999998934 ) ) ;
#4793 = ADVANCED_FACE ( 'NONE', ( #3958 ), #215, .F. ) ;
#4794 = DIRECTION ( 'NONE',  ( -0.000000000000000000, 1.000000000000000000, -0.000000000000000000 ) ) ;
#4795 = CARTESIAN_POINT ( 'NONE',  ( -16.29999999999999716, 8.750000000000000000, 29.50288987967800836 ) ) ;
#4796 = ORIENTED_EDGE ( 'NONE', *, *, #2232, .F. ) ;
#4797 = EDGE_CURVE ( 'NONE', #2030, #3294, #5120, .T. ) ;
#4798 = ORIENTED_EDGE ( 'NONE', *, *, #2970, .T. ) ;
#4799 = CARTESIAN_POINT ( 'NONE',  ( -13.53605915637521306, 11.70000000000000107, 19.62704321637306748 ) ) ;
#4800 = CARTESIAN_POINT ( 'NONE',  ( -16.39999999999999858, 14.00000000000000000, 32.05000000000000426 ) ) ;
#4801 = CARTESIAN_POINT ( 'NONE',  ( -19.00000000000000355, 13.19999999999999929, -28.44999999999998863 ) ) ;
#4802 = VERTEX_POINT ( 'NONE', #1000 ) ;
#4803 = ORIENTED_EDGE ( 'NONE', *, *, #1188, .F. ) ;
#4804 = CARTESIAN_POINT ( 'NONE',  ( 16.87132385417689662, 13.99999999999968203, 32.04999999999618154 ) ) ;
#4805 = LINE ( 'NONE', #2224, #1546 ) ;
#4806 = VERTEX_POINT ( 'NONE', #3464 ) ;
#4807 = EDGE_LOOP ( 'NONE', ( #3839, #246, #1258, #196 ) ) ;
#4808 = VERTEX_POINT ( 'NONE', #1470 ) ;
#4809 = EDGE_LOOP ( 'NONE', ( #63, #2735, #4867, #3702 ) ) ;
#4810 = DIRECTION ( 'NONE',  ( 0.000000000000000000, -1.000000000000000000, 0.000000000000000000 ) ) ;
#4811 = DIRECTION ( 'NONE',  ( 0.000000000000000000, 1.000000000000000000, 0.000000000000000000 ) ) ;
#4812 = LINE ( 'NONE', #1491, #1142 ) ;
#4813 = CARTESIAN_POINT ( 'NONE',  ( 18.19999999999999574, -0.6430180398526910146, -0.6479464763899724922 ) ) ;
#4814 = CARTESIAN_POINT ( 'NONE',  ( 16.29999999999999716, 8.250000000000000000, 30.25000000000000355 ) ) ;
#4815 = DIRECTION ( 'NONE',  ( 0.000000000000000000, -1.000000000000000000, 0.000000000000000000 ) ) ;
#4816 = LINE ( 'NONE', #1083, #1825 ) ;
#4817 = PLANE ( 'NONE',  #4001 ) ;
#4818 = EDGE_CURVE ( 'NONE', #3746, #1940, #4647, .T. ) ;
#4819 = ORIENTED_EDGE ( 'NONE', *, *, #5223, .F. ) ;
#4820 = ORIENTED_EDGE ( 'NONE', *, *, #1095, .T. ) ;
#4821 = DIRECTION ( 'NONE',  ( 0.000000000000000000, -0.000000000000000000, -1.000000000000000000 ) ) ;
#4822 = CARTESIAN_POINT ( 'NONE',  ( 16.39999999999999503, 14.00000000000000000, -31.24999999999998934 ) ) ;
#4823 = CARTESIAN_POINT ( 'NONE',  ( -13.53605915637521306, 11.70000000000000107, 15.82704321637308809 ) ) ;
#4824 = EDGE_CURVE ( 'NONE', #3447, #1503, #193, .T. ) ;
#4825 = ORIENTED_EDGE ( 'NONE', *, *, #5159, .T. ) ;
#4826 = ORIENTED_EDGE ( 'NONE', *, *, #2236, .F. ) ;
#4827 = CARTESIAN_POINT ( 'NONE',  ( 19.90630163217295490, 14.00000000000000178, 29.39229239294823870 ) ) ;
#4828 = FACE_OUTER_BOUND ( 'NONE', #4243, .T. ) ;
#4829 = EDGE_CURVE ( 'NONE', #911, #1457, #1387, .T. ) ;
#4830 = FACE_BOUND ( 'NONE', #3260, .T. ) ;
#4831 = ORIENTED_EDGE ( 'NONE', *, *, #4191, .F. ) ;
#4832 = ORIENTED_EDGE ( 'NONE', *, *, #2664, .T. ) ;
#4833 = ORIENTED_EDGE ( 'NONE', *, *, #1783, .T. ) ;
#4834 = VERTEX_POINT ( 'NONE', #3521 ) ;
#4835 = LINE ( 'NONE', #2372, #4597 ) ;
#4836 = CARTESIAN_POINT ( 'NONE',  ( 15.84968160004912185, 11.70000000000000107, 22.45160303899353238 ) ) ;
#4837 = FACE_OUTER_BOUND ( 'NONE', #2013, .T. ) ;
#4838 = VECTOR ( 'NONE', #2935, 1000.000000000000000 ) ;
#4839 = VECTOR ( 'NONE', #341, 1000.000000000000000 ) ;
#4840 = LINE ( 'NONE', #805, #235 ) ;
#4841 = PLANE ( 'NONE',  #2094 ) ;
#4842 = LINE ( 'NONE', #5283, #4583 ) ;
#4843 = CARTESIAN_POINT ( 'NONE',  ( -17.80594073601374561, 4.000000000000000000, 30.38953339543472509 ) ) ;
#4844 = CIRCLE ( 'NONE', #585, 2.599999999999998312 ) ;
#4845 = AXIS2_PLACEMENT_3D ( 'NONE', #4305, #5230, #3547 ) ;
#4846 = EDGE_LOOP ( 'NONE', ( #2371, #5157, #4315, #4518 ) ) ;
#4847 = EDGE_CURVE ( 'NONE', #4806, #713, #5172, .T. ) ;
#4848 = ORIENTED_EDGE ( 'NONE', *, *, #1532, .F. ) ;
#4849 = AXIS2_PLACEMENT_3D ( 'NONE', #827, #1263, #1703 ) ;
#4850 = VECTOR ( 'NONE', #4726, 1000.000000000000000 ) ;
#4851 = DIRECTION ( 'NONE',  ( 0.000000000000000000, 0.000000000000000000, 1.000000000000000000 ) ) ;
#4852 = CARTESIAN_POINT ( 'NONE',  ( -19.20000000000000284, 14.00000000000000000, 28.45000000000000284 ) ) ;
#4853 = DIRECTION ( 'NONE',  ( 0.000000000000000000, -1.000000000000000000, 0.000000000000000000 ) ) ;
#4854 =( BOUNDED_SURFACE ( )  B_SPLINE_SURFACE ( 2, 3, ( 
 ( #4272, #512, #2120, #78 ),
 ( #2175, #2911, #858, #3841 ),
 ( #4164, #4977, #4190, #50 ) ),
 .UNSPECIFIED., .F., .F., .T. ) 
 B_SPLINE_SURFACE_WITH_KNOTS ( ( 3, 3 ),
 ( 4, 4 ),
 ( 0.000000000000000000, 1.000000000000000000 ),
 ( -0.01640000000000000485, 0.01639999999999999791 ),
 .UNSPECIFIED. ) 
 GEOMETRIC_REPRESENTATION_ITEM ( )  RATIONAL_B_SPLINE_SURFACE ( (
 ( 1.000000000000000000, 1.000000000000000000, 1.000000000000000000, 1.000000000000000000),
 ( 0.7071067811865467956, 0.7071067811865467956, 0.7071067811865467956, 0.7071067811865467956),
 ( 1.000000000000000000, 1.000000000000000000, 1.000000000000000000, 1.000000000000000000) ) ) 
 REPRESENTATION_ITEM ( '' )  SURFACE ( )  );
#4855 = CIRCLE ( 'NONE', #5203, 0.3000000000000016542 ) ;
#4856 = ORIENTED_EDGE ( 'NONE', *, *, #1795, .T. ) ;
#4857 = EDGE_CURVE ( 'NONE', #588, #5075, #4877, .T. ) ;
#4858 = ORIENTED_EDGE ( 'NONE', *, *, #2839, .T. ) ;
#4859 = EDGE_LOOP ( 'NONE', ( #2304, #3821, #3423, #613 ) ) ;
#4860 = CARTESIAN_POINT ( 'NONE',  ( 19.19999999999999929, 14.00000000000000000, 28.45000000000000284 ) ) ;
#4861 = CARTESIAN_POINT ( 'NONE',  ( -13.53232484621986131, 11.70000000000000107, 7.700000000000102318 ) ) ;
#4862 = AXIS2_PLACEMENT_3D ( 'NONE', #4196, #5006, #1193 ) ;
#4863 = ADVANCED_FACE ( 'NONE', ( #4443, #2782, #4118, #3253, #757 ), #5366, .T. ) ;
#4864 = CARTESIAN_POINT ( 'NONE',  ( -13.53232484621986131, 13.19999999999999929, 7.700000000000102318 ) ) ;
#4865 = CARTESIAN_POINT ( 'NONE',  ( 19.99999999999999645, 12.50000000000000000, -28.44999999999998863 ) ) ;
#4866 = CARTESIAN_POINT ( 'NONE',  ( -19.90630163600593860, 12.50000000000000178, -29.39229238369340536 ) ) ;
#4867 = ORIENTED_EDGE ( 'NONE', *, *, #1840, .F. ) ;
#4868 = CIRCLE ( 'NONE', #5306, 2.599999999999998312 ) ;
#4869 = ORIENTED_EDGE ( 'NONE', *, *, #4540, .F. ) ;
#4870 = ADVANCED_FACE ( 'NONE', ( #2349 ), #4017, .F. ) ;
#4871 = ORIENTED_EDGE ( 'NONE', *, *, #205, .F. ) ;
#4872 = EDGE_LOOP ( 'NONE', ( #3019, #360, #3094, #1290 ) ) ;
#4873 = CARTESIAN_POINT ( 'NONE',  ( 19.99999999999999289, 10.13246619646799829, -16.96929045201742881 ) ) ;
#4874 = DIRECTION ( 'NONE',  ( -1.000000000000000000, 2.736911063134408342E-48, 1.654744174222709694E-16 ) ) ;
#4875 = LINE ( 'NONE', #727, #3753 ) ;
#4876 = AXIS2_PLACEMENT_3D ( 'NONE', #3390, #3037, #1281 ) ;
#4877 = CIRCLE ( 'NONE', #3232, 0.5000000000000004441 ) ;
#4878 = CARTESIAN_POINT ( 'NONE',  ( 18.44999999999970441, 4.000000000000000000, -27.74999999999998934 ) ) ;
#4879 = DIRECTION ( 'NONE',  ( -0.000000000000000000, 0.000000000000000000, 1.000000000000000000 ) ) ;
#4880 = FACE_OUTER_BOUND ( 'NONE', #3334, .T. ) ;
#4881 = DIRECTION ( 'NONE',  ( 0.000000000000000000, 0.000000000000000000, 1.000000000000000000 ) ) ;
#4882 = VERTEX_POINT ( 'NONE', #707 ) ;
#4883 = CARTESIAN_POINT ( 'NONE',  ( -18.00000000000000355, 1.855257548757081265, 11.01701856276042335 ) ) ;
#4884 = DIRECTION ( 'NONE',  ( -0.000000000000000000, -0.000000000000000000, -1.000000000000000000 ) ) ;
#4885 = CARTESIAN_POINT ( 'NONE',  ( 16.39999999999999858, 13.19999999999999929, -28.44999999999998863 ) ) ;
#4886 = ORIENTED_EDGE ( 'NONE', *, *, #4198, .T. ) ;
#4887 = VERTEX_POINT ( 'NONE', #298 ) ;
#4888 = CARTESIAN_POINT ( 'NONE',  ( 18.00000000000000355, 10.85525754875699711, 3.213787486155459838 ) ) ;
#4889 = CARTESIAN_POINT ( 'NONE',  ( 17.81013313783978802, 14.00000000000000000, 30.89660189037337545 ) ) ;
#4890 = CARTESIAN_POINT ( 'NONE',  ( 8.297907058017150561, 11.70000000000000107, 30.03188675837486699 ) ) ;
#4891 = CARTESIAN_POINT ( 'NONE',  ( 19.19999999999999929, 14.00000000000000000, 9.483333333333350268 ) ) ;
#4892 = EDGE_CURVE ( 'NONE', #1497, #713, #1218, .T. ) ;
#4893 = EDGE_LOOP ( 'NONE', ( #5187, #3997, #3552, #937 ) ) ;
#4894 = EDGE_LOOP ( 'NONE', ( #611, #1459, #2395, #936 ) ) ;
#4895 = EDGE_LOOP ( 'NONE', ( #169, #3204, #1149, #2523 ) ) ;
#4896 = ORIENTED_EDGE ( 'NONE', *, *, #5363, .T. ) ;
#4897 = DIRECTION ( 'NONE',  ( -1.000000000000000000, -0.000000000000000000, 5.412553747197527263E-17 ) ) ;
#4898 = DIRECTION ( 'NONE',  ( -0.000000000000000000, -0.000000000000000000, 1.000000000000000000 ) ) ;
#4899 = DIRECTION ( 'NONE',  ( 1.000000000000000000, -0.000000000000000000, 5.412553747197527263E-17 ) ) ;
#4900 = EDGE_CURVE ( 'NONE', #453, #1560, #2812, .T. ) ;
#4901 = CARTESIAN_POINT ( 'NONE',  ( 19.00000000000000000, 13.19999999999999929, 28.45000000000000284 ) ) ;
#4902 = FACE_OUTER_BOUND ( 'NONE', #2388, .T. ) ;
#4903 = FACE_BOUND ( 'NONE', #5272, .T. ) ;
#4904 = EDGE_CURVE ( 'NONE', #4283, #2339, #3687, .T. ) ;
#4905 = ADVANCED_BREP_SHAPE_REPRESENTATION ( 'ио©г', ( #3068, #5228 ), #2018 ) ;
#4906 = ORIENTED_EDGE ( 'NONE', *, *, #1168, .T. ) ;
#4907 = B_SPLINE_CURVE_WITH_KNOTS ( 'NONE', 3,
 ( #285, #3615, #717, #1564, #2390, #3643, #3336, #501, #4152, #1720 ),
 .UNSPECIFIED., .F., .F.,
 ( 4, 2, 2, 2, 4 ),
 ( 0.000000000000000000, 0.0003372593920487468376, 0.0006745187840974936752, 0.001011778176146240459, 0.001349037568194987350 ),
 .UNSPECIFIED. ) ;
#4908 = CARTESIAN_POINT ( 'NONE',  ( 20.00000000000000355, 1.855257548757039521, 6.517018562760421574 ) ) ;
#4909 = DIRECTION ( 'NONE',  ( 0.000000000000000000, -1.000000000000000000, 0.000000000000000000 ) ) ;
#4910 = ORIENTED_EDGE ( 'NONE', *, *, #5163, .F. ) ;
#4911 = ORIENTED_EDGE ( 'NONE', *, *, #2243, .F. ) ;
#4912 = ORIENTED_EDGE ( 'NONE', *, *, #4555, .T. ) ;
#4913 = CARTESIAN_POINT ( 'NONE',  ( 18.19999999999999929, 9.632466196467996511, -5.369667632591993645 ) ) ;
#4914 = CARTESIAN_POINT ( 'NONE',  ( 19.20000000000000284, 14.00000000000000000, 28.45000000000000284 ) ) ;
#4915 = DIRECTION ( 'NONE',  ( 0.000000000000000000, 0.000000000000000000, 1.000000000000000000 ) ) ;
#4916 = CARTESIAN_POINT ( 'NONE',  ( 19.99999999999999645, 12.50000000000000000, 9.483333333333339610 ) ) ;
#4917 = ORIENTED_EDGE ( 'NONE', *, *, #4763, .T. ) ;
#4918 = ORIENTED_EDGE ( 'NONE', *, *, #2546, .T. ) ;
#4919 = ORIENTED_EDGE ( 'NONE', *, *, #1352, .T. ) ;
#4920 = VERTEX_POINT ( 'NONE', #3603 ) ;
#4921 = ADVANCED_FACE ( 'NONE', ( #5255 ), #2021, .T. ) ;
#4922 = CARTESIAN_POINT ( 'NONE',  ( 12.59670360744673623, 13.19999999999999929, 20.75776223217721395 ) ) ;
#4923 = CARTESIAN_POINT ( 'NONE',  ( -19.98329551488133404, 4.664513567254643611, 28.80602671832440365 ) ) ;
#4924 = EDGE_CURVE ( 'NONE', #2015, #4769, #696, .T. ) ;
#4925 = DIRECTION ( 'NONE',  ( 0.000000000000000000, 0.000000000000000000, -1.000000000000000000 ) ) ;
#4926 = DIRECTION ( 'NONE',  ( 0.000000000000000000, -0.9063077870366479383, -0.4226182617407037156 ) ) ;
#4927 = ADVANCED_FACE ( 'NONE', ( #5344 ), #4841, .F. ) ;
#4928 = PLANE ( 'NONE',  #1010 ) ;
#4929 = DIRECTION ( 'NONE',  ( 0.000000000000000000, 1.000000000000000000, 0.000000000000000000 ) ) ;
#4930 = AXIS2_PLACEMENT_3D ( 'NONE', #4861, #4483, #2008 ) ;
#4931 = ADVANCED_FACE ( 'NONE', ( #4902 ), #381, .F. ) ;
#4932 = EDGE_LOOP ( 'NONE', ( #4372, #3619, #4545, #2053 ) ) ;
#4933 = LINE ( 'NONE', #3308, #1128 ) ;
#4934 = VECTOR ( 'NONE', #5341, 1000.000000000000000 ) ;
#4935 = AXIS2_PLACEMENT_3D ( 'NONE', #4878, #706, #1220 ) ;
#4936 = CARTESIAN_POINT ( 'NONE',  ( -18.19999999999999574, 0.000000000000000000, -26.24999999999998934 ) ) ;
#4937 = VECTOR ( 'NONE', #4030, 1000.000000000000000 ) ;
#4938 = AXIS2_PLACEMENT_3D ( 'NONE', #2992, #4645, #1044 ) ;
#4939 = VERTEX_POINT ( 'NONE', #1192 ) ;
#4940 = ORIENTED_EDGE ( 'NONE', *, *, #478, .T. ) ;
#4941 = CARTESIAN_POINT ( 'NONE',  ( 5.818375000275588071, 11.70000000000000107, 27.56168013247656390 ) ) ;
#4942 = CARTESIAN_POINT ( 'NONE',  ( -19.00000000000000355, 13.19999999999999929, -28.44999999999998863 ) ) ;
#4943 = CARTESIAN_POINT ( 'NONE',  ( -13.17605797928974454, 11.70000000000000107, 7.700000000000102318 ) ) ;
#4944 = VECTOR ( 'NONE', #2301, 1000.000000000000000 ) ;
#4945 = CARTESIAN_POINT ( 'NONE',  ( -16.37815178400701299, 8.750000000000000000, 29.30094095281597433 ) ) ;
#4946 = ORIENTED_EDGE ( 'NONE', *, *, #2016, .T. ) ;
#4947 = CARTESIAN_POINT ( 'NONE',  ( -20.00000000000000355, 12.50000000000000000, 28.45000000000000284 ) ) ;
#4948 = ORIENTED_EDGE ( 'NONE', *, *, #2762, .F. ) ;
#4949 = AXIS2_PLACEMENT_3D ( 'NONE', #978, #3877, #572 ) ;
#4950 = ORIENTED_EDGE ( 'NONE', *, *, #3277, .T. ) ;
#4951 = CARTESIAN_POINT ( 'NONE',  ( 19.12691953992735350, 14.00000000000000000, 29.18357302732795944 ) ) ;
#4952 = CARTESIAN_POINT ( 'NONE',  ( -19.95160974946669086, 5.051522080188340702, 29.03906985942193231 ) ) ;
#4953 = VECTOR ( 'NONE', #3873, 1000.000000000000000 ) ;
#4954 = CARTESIAN_POINT ( 'NONE',  ( -20.00000000000000000, 5.494999999858735329, 21.42499999999978755 ) ) ;
#4955 = CIRCLE ( 'NONE', #690, 0.5000000000000004441 ) ;
#4956 = CARTESIAN_POINT ( 'NONE',  ( -19.19999999999491536, 14.00000000000000000, 28.81658521991586142 ) ) ;
#4957 = CARTESIAN_POINT ( 'NONE',  ( -18.19999999999999574, 8.250000000000000000, 26.24999999999998934 ) ) ;
#4958 = ADVANCED_FACE ( 'NONE', ( #5282 ), #2835, .F. ) ;
#4959 = VECTOR ( 'NONE', #4412, 1000.000000000000000 ) ;
#4960 = EDGE_CURVE ( 'NONE', #2683, #2870, #4526, .T. ) ;
#4961 = EDGE_LOOP ( 'NONE', ( #1048, #3942, #2555, #5387 ) ) ;
#4962 = DIRECTION ( 'NONE',  ( -0.000000000000000000, 1.000000000000000000, -0.000000000000000000 ) ) ;
#4963 = STYLED_ITEM ( 'NONE', ( #2135 ), #4905 ) ;
#4964 = DIRECTION ( 'NONE',  ( 0.000000000000000000, 0.000000000000000000, -1.000000000000000000 ) ) ;
#4965 = EDGE_CURVE ( 'NONE', #3512, #427, #4816, .T. ) ;
#4966 = EDGE_LOOP ( 'NONE', ( #3571, #4455 ) ) ;
#4967 = CARTESIAN_POINT ( 'NONE',  ( -7.050000000036209080, 13.19999999999999929, 11.90000000000010338 ) ) ;
#4968 = FACE_OUTER_BOUND ( 'NONE', #522, .T. ) ;
#4969 = LINE ( 'NONE', #930, #71 ) ;
#4970 = CARTESIAN_POINT ( 'NONE',  ( 16.40000000000000213, 13.19999999999999929, 31.05000000000000071 ) ) ;
#4971 = ADVANCED_FACE ( 'NONE', ( #2402 ), #324, .F. ) ;
#4972 = ORIENTED_EDGE ( 'NONE', *, *, #1619, .T. ) ;
#4973 = ORIENTED_EDGE ( 'NONE', *, *, #3172, .F. ) ;
#4974 = ORIENTED_EDGE ( 'NONE', *, *, #3146, .T. ) ;
#4975 = ORIENTED_EDGE ( 'NONE', *, *, #3901, .T. ) ;
#4976 = CARTESIAN_POINT ( 'NONE',  ( -17.03182155544979182, -4.162030754331431659, 29.18953339543471870 ) ) ;
#4977 = CARTESIAN_POINT ( 'NONE',  ( -5.466666666666688990, 14.00000000000000000, -31.24999999999998934 ) ) ;
#4978 = DIRECTION ( 'NONE',  ( -0.000000000000000000, -1.000000000000000000, -0.000000000000000000 ) ) ;
#4979 = LINE ( 'NONE', #4048, #3721 ) ;
#4980 = DIRECTION ( 'NONE',  ( 0.000000000000000000, 0.000000000000000000, 1.000000000000000000 ) ) ;
#4981 = LINE ( 'NONE', #2150, #569 ) ;
#4982 = DIRECTION ( 'NONE',  ( 0.000000000000000000, -1.000000000000000000, 0.000000000000000000 ) ) ;
#4983 = VERTEX_POINT ( 'NONE', #832 ) ;
#4984 = EDGE_CURVE ( 'NONE', #3679, #3215, #3302, .T. ) ;
#4985 = CARTESIAN_POINT ( 'NONE',  ( -19.00000000000000000, 13.19999999999999929, 28.45000000000000284 ) ) ;
#4986 = CARTESIAN_POINT ( 'NONE',  ( 20.00000000000000355, 10.85525754875708060, 15.21378748615546073 ) ) ;
#4987 = ORIENTED_EDGE ( 'NONE', *, *, #4459, .F. ) ;
#4988 = ADVANCED_FACE ( 'NONE', ( #2478 ), #2253, .T. ) ;
#4989 = FACE_OUTER_BOUND ( 'NONE', #1879, .T. ) ;
#4990 = CARTESIAN_POINT ( 'NONE',  ( 18.19999999999999929, -4.664751366227339879, 7.976688474464290302 ) ) ;
#4991 = CARTESIAN_POINT ( 'NONE',  ( -5.466666666666663232, 14.00000000000000000, 31.25000000000000000 ) ) ;
#4992 = CARTESIAN_POINT ( 'NONE',  ( -18.20000000000000284, 8.699999999859237221, 21.74264564540182576 ) ) ;
#4993 = DIRECTION ( 'NONE',  ( 0.000000000000000000, 0.000000000000000000, -1.000000000000000000 ) ) ;
#4994 = ORIENTED_EDGE ( 'NONE', *, *, #709, .F. ) ;
#4995 =( BOUNDED_CURVE ( )  B_SPLINE_CURVE ( 2, ( #2277, #634, #5154 ),
 .UNSPECIFIED., .F., .T. ) 
 B_SPLINE_CURVE_WITH_KNOTS ( ( 3, 3 ),
 ( 0.000000000000000000, 1.000000000000000000 ),
 .UNSPECIFIED. ) 
 CURVE ( )  GEOMETRIC_REPRESENTATION_ITEM ( )  RATIONAL_B_SPLINE_CURVE ( ( 1.000000000000000000, 0.7071067811865467956, 1.000000000000000000 ) ) 
 REPRESENTATION_ITEM ( '' )  );
#4996 = ORIENTED_EDGE ( 'NONE', *, *, #3332, .F. ) ;
#4997 = ORIENTED_EDGE ( 'NONE', *, *, #1264, .T. ) ;
#4998 = EDGE_LOOP ( 'NONE', ( #4338, #618, #3781, #2905 ) ) ;
#4999 = ADVANCED_FACE ( 'NONE', ( #404 ), #463, .F. ) ;
#5000 = DIRECTION ( 'NONE',  ( -0.000000000000000000, -0.000000000000000000, -1.000000000000000000 ) ) ;
#5001 = CARTESIAN_POINT ( 'NONE',  ( 16.39999999999999858, 13.19999999999999929, -31.04999999999998650 ) ) ;
#5002 = CARTESIAN_POINT ( 'NONE',  ( 20.00000000000000000, 12.50000000000000000, 28.45000000000000284 ) ) ;
#5003 = FACE_OUTER_BOUND ( 'NONE', #454, .T. ) ;
#5004 = CARTESIAN_POINT ( 'NONE',  ( -20.00000000000000000, 12.50000000000000000, 28.45000000000000284 ) ) ;
#5005 = CARTESIAN_POINT ( 'NONE',  ( 19.19999999999999929, 14.00000000000000000, -28.44999999999998863 ) ) ;
#5006 = DIRECTION ( 'NONE',  ( 0.000000000000000000, 1.000000000000000000, 0.000000000000000000 ) ) ;
#5007 = ORIENTED_EDGE ( 'NONE', *, *, #1329, .F. ) ;
#5008 = LINE ( 'NONE', #4280, #1107 ) ;
#5009 = DIRECTION ( 'NONE',  ( -0.000000000000000000, -1.000000000000000000, -0.000000000000000000 ) ) ;
#5010 = CARTESIAN_POINT ( 'NONE',  ( 20.00100000000000833, 9.599999999859038624, 21.74264564540181865 ) ) ;
#5011 = VECTOR ( 'NONE', #3964, 1000.000000000000000 ) ;
#5012 = LINE ( 'NONE', #3800, #65 ) ;
#5013 = EDGE_CURVE ( 'NONE', #4552, #4032, #445, .T. ) ;
#5014 = EDGE_LOOP ( 'NONE', ( #4697, #1982, #4113, #1075 ) ) ;
#5015 = AXIS2_PLACEMENT_3D ( 'NONE', #4061, #2042, #2807 ) ;
#5016 = DIRECTION ( 'NONE',  ( -1.000000000000000000, -0.000000000000000000, 5.412553747197527263E-17 ) ) ;
#5017 = CARTESIAN_POINT ( 'NONE',  ( -18.19999999999999929, 10.85525754875708060, 15.21378748615546073 ) ) ;
#5018 = DIRECTION ( 'NONE',  ( 0.000000000000000000, -1.000000000000000000, 0.000000000000000000 ) ) ;
#5019 = DIRECTION ( 'NONE',  ( 0.000000000000000000, 0.000000000000000000, -1.000000000000000000 ) ) ;
#5020 = CARTESIAN_POINT ( 'NONE',  ( -16.29999999999999716, 8.250000000000000000, 30.25000000000000355 ) ) ;
#5021 = AXIS2_PLACEMENT_3D ( 'NONE', #4663, #1645, #850 ) ;
#5022 = AXIS2_PLACEMENT_3D ( 'NONE', #2146, #4192, #2121 ) ;
#5023 = ORIENTED_EDGE ( 'NONE', *, *, #4364, .T. ) ;
#5024 = EDGE_CURVE ( 'NONE', #2844, #4552, #873, .T. ) ;
#5025 = ORIENTED_EDGE ( 'NONE', *, *, #2706, .F. ) ;
#5026 = EDGE_CURVE ( 'NONE', #2038, #1497, #4170, .T. ) ;
#5027 = ORIENTED_EDGE ( 'NONE', *, *, #4528, .F. ) ;
#5028 = AXIS2_PLACEMENT_3D ( 'NONE', #2987, #1695, #3363 ) ;
#5029 = VECTOR ( 'NONE', #2174, 1000.000000000000000 ) ;
#5030 = CARTESIAN_POINT ( 'NONE',  ( -13.53605915637521306, 11.70000000000000107, 15.82704321637308809 ) ) ;
#5031 =( BOUNDED_SURFACE ( )  B_SPLINE_SURFACE ( 2, 3, ( 
 ( #3696, #310, #5353, #4889, #1530, #5268, #4053, #3239, #1155, #4914 ),
 ( #368, #4804, #662, #3674, #2415, #3181, #2332, #4827, #2823, #2444 ),
 ( #1131, #1590, #1178, #3264, #1949, #3210, #4426, #4000, #692, #3592 ) ),
 .UNSPECIFIED., .F., .F., .F. ) 
 B_SPLINE_SURFACE_WITH_KNOTS ( ( 3, 3 ),
 ( 4, 2, 2, 2, 4 ),
 ( 0.000000000000000000, 1.000000000000000000 ),
 ( 0.000000000000000000, 0.3926990816987241395, 0.7853981633974482790, 1.178097245096172418, 1.570796326794896558 ),
 .UNSPECIFIED. ) 
 GEOMETRIC_REPRESENTATION_ITEM ( )  RATIONAL_B_SPLINE_SURFACE ( (
 ( 1.000000000000000000, 1.000000000000000000, 1.000000000000000000, 1.000000000000000000, 1.000000000000000000, 1.000000000000000000, 1.000000000000000000, 1.000000000000000000, 1.000000000000000000, 1.000000000000000000),
 ( 0.7071067811865467956, 0.7071067811865467956, 0.7071067811865467956, 0.7071067811865467956, 0.7071067811865467956, 0.7071067811865467956, 0.7071067811865464625, 0.7071067811865464625, 0.7071067811865467956, 0.7071067811865467956),
 ( 1.000000000000000000, 1.000000000000000000, 1.000000000000000000, 1.000000000000000000, 1.000000000000000000, 1.000000000000000000, 1.000000000000000000, 1.000000000000000000, 1.000000000000000000, 1.000000000000000000) ) ) 
 REPRESENTATION_ITEM ( '' )  SURFACE ( )  );
#5032 = ORIENTED_EDGE ( 'NONE', *, *, #4294, .F. ) ;
#5033 = EDGE_CURVE ( 'NONE', #1782, #5077, #5304, .T. ) ;
#5034 = FACE_OUTER_BOUND ( 'NONE', #5182, .T. ) ;
#5035 = CARTESIAN_POINT ( 'NONE',  ( -20.00000000000000000, 7.454999999859065696, 21.42500000000006821 ) ) ;
#5036 = CARTESIAN_POINT ( 'NONE',  ( -18.84660189037414213, 14.00000000000000000, 29.86013313784010492 ) ) ;
#5037 = CIRCLE ( 'NONE', #342, 2.499999999999998668 ) ;
#5038 = CARTESIAN_POINT ( 'NONE',  ( 6.949999999963790920, 13.19999999999999929, 11.90000000000010338 ) ) ;
#5039 = ORIENTED_EDGE ( 'NONE', *, *, #2006, .F. ) ;
#5040 = CARTESIAN_POINT ( 'NONE',  ( -20.00000000000000000, 9.599999999859038624, 28.04264080459935826 ) ) ;
#5041 = CARTESIAN_POINT ( 'NONE',  ( 20.00100000000000833, 8.199999999859237221, 21.24264564540181865 ) ) ;
#5042 = CARTESIAN_POINT ( 'NONE',  ( -16.87132385417747571, 14.00000000000031797, -32.04999999999616733 ) ) ;
#5043 = AXIS2_PLACEMENT_3D ( 'NONE', #3797, #3442, #3419 ) ;
#5044 = ORIENTED_EDGE ( 'NONE', *, *, #1188, .T. ) ;
#5045 = VECTOR ( 'NONE', #5202, 1000.000000000000000 ) ;
#5046 = CYLINDRICAL_SURFACE ( 'NONE', #2964, 3.000000000041469495 ) ;
#5047 = CARTESIAN_POINT ( 'NONE',  ( 20.00100000000000833, 10.09999999985903862, 26.24999999999998934 ) ) ;
#5048 =( NAMED_UNIT ( * ) PLANE_ANGLE_UNIT ( ) SI_UNIT ( $, .RADIAN. ) );
#5049 = DIRECTION ( 'NONE',  ( -0.000000000000000000, 1.000000000000000000, -0.000000000000000000 ) ) ;
#5050 = LINE ( 'NONE', #2988, #2434 ) ;
#5051 = AXIS2_PLACEMENT_3D ( 'NONE', #5114, #1463, #4789 ) ;
#5052 = ORIENTED_EDGE ( 'NONE', *, *, #922, .T. ) ;
#5053 = ORIENTED_EDGE ( 'NONE', *, *, #1697, .F. ) ;
#5054 = ORIENTED_EDGE ( 'NONE', *, *, #37, .T. ) ;
#5055 = FACE_OUTER_BOUND ( 'NONE', #4215, .T. ) ;
#5056 = DIRECTION ( 'NONE',  ( 0.000000000000000000, -1.000000000000000000, 0.000000000000000000 ) ) ;
#5057 = EDGE_CURVE ( 'NONE', #838, #588, #1682, .T. ) ;
#5058 = VERTEX_POINT ( 'NONE', #2561 ) ;
#5059 = CARTESIAN_POINT ( 'NONE',  ( -9.074999999958757613, 5.200000000000000178, -30.24999999999998934 ) ) ;
#5060 = DIRECTION ( 'NONE',  ( -0.000000000000000000, 1.000000000000000000, -0.000000000000000000 ) ) ;
#5061 = EDGE_CURVE ( 'NONE', #4205, #3537, #3787, .T. ) ;
#5062 = CARTESIAN_POINT ( 'NONE',  ( -11.19999999999998685, 11.70000000000000107, 9.739889904990375769 ) ) ;
#5063 = DIRECTION ( 'NONE',  ( -0.000000000000000000, -1.000000000000000000, -0.000000000000000000 ) ) ;
#5064 = ORIENTED_EDGE ( 'NONE', *, *, #3332, .T. ) ;
#5065 = DIRECTION ( 'NONE',  ( 0.000000000000000000, -2.451239694315053242E-14, -1.000000000000000000 ) ) ;
#5066 = EDGE_CURVE ( 'NONE', #508, #4377, #3844, .T. ) ;
#5067 = DIRECTION ( 'NONE',  ( 0.000000000000000000, -0.000000000000000000, 1.000000000000000000 ) ) ;
#5068 = DIRECTION ( 'NONE',  ( 0.000000000000000000, 0.000000000000000000, 1.000000000000000000 ) ) ;
#5069 = ORIENTED_EDGE ( 'NONE', *, *, #1869, .T. ) ;
#5070 = CARTESIAN_POINT ( 'NONE',  ( -20.00000000000000000, 5.494999999859034645, 20.17500000000011795 ) ) ;
#5071 = CARTESIAN_POINT ( 'NONE',  ( -17.04999999999999716, 8.250000000000000000, -30.24999999999998934 ) ) ;
#5072 = LINE ( 'NONE', #41, #616 ) ;
#5073 = DIRECTION ( 'NONE',  ( 0.000000000000000000, 1.000000000000000000, 0.000000000000000000 ) ) ;
#5074 = CARTESIAN_POINT ( 'NONE',  ( -9.076667129850491733, 5.200000000000000178, -30.94999999999998863 ) ) ;
#5075 = VERTEX_POINT ( 'NONE', #4707 ) ;
#5076 = ORIENTED_EDGE ( 'NONE', *, *, #1791, .T. ) ;
#5077 = VERTEX_POINT ( 'NONE', #1410 ) ;
#5078 = LINE ( 'NONE', #1344, #591 ) ;
#5079 = PLANE ( 'NONE',  #5372 ) ;
#5080 = ORIENTED_EDGE ( 'NONE', *, *, #705, .T. ) ;
#5081 = EDGE_CURVE ( 'NONE', #5140, #1758, #957, .T. ) ;
#5082 = DIRECTION ( 'NONE',  ( 0.000000000000000000, 0.9063077870366479383, 0.4226182617407037156 ) ) ;
#5083 = CARTESIAN_POINT ( 'NONE',  ( 6.083122236757340318, 11.70000000000000107, 30.25000000000001421 ) ) ;
#5084 = LINE ( 'NONE', #1349, #3930 ) ;
#5085 = CARTESIAN_POINT ( 'NONE',  ( 19.12712349168978676, 14.00000000000000000, -29.18289408340481472 ) ) ;
#5086 = LINE ( 'NONE', #4003, #3913 ) ;
#5087 = EDGE_CURVE ( 'NONE', #4131, #396, #5225, .T. ) ;
#5088 = PLANE ( 'NONE',  #3551 ) ;
#5089 = EDGE_CURVE ( 'NONE', #4434, #4634, #2641, .T. ) ;
#5090 = VECTOR ( 'NONE', #3164, 1000.000000000000000 ) ;
#5091 = CARTESIAN_POINT ( 'NONE',  ( -9.074999999958757613, 5.200000000000000178, -30.24999999999998934 ) ) ;
#5092 = CARTESIAN_POINT ( 'NONE',  ( 18.44999999999970441, 4.000000000000000000, -27.24999999999998934 ) ) ;
#5093 = EDGE_CURVE ( 'NONE', #4581, #148, #1575, .T. ) ;
#5094 = ORIENTED_EDGE ( 'NONE', *, *, #4362, .F. ) ;
#5095 = DIRECTION ( 'NONE',  ( 0.000000000000000000, 0.000000000000000000, 1.000000000000000000 ) ) ;
#5096 = DIRECTION ( 'NONE',  ( 0.000000000000000000, 0.000000000000000000, 1.000000000000000000 ) ) ;
#5097 = CARTESIAN_POINT ( 'NONE',  ( 20.00100000000000833, 7.454999999859065696, 21.42500000000006111 ) ) ;
#5098 = CARTESIAN_POINT ( 'NONE',  ( -20.00000000000000355, 10.85525754875699711, 3.213787486155456286 ) ) ;
#5099 = CARTESIAN_POINT ( 'NONE',  ( -16.29999999999999716, 11.69999999999999929, 26.24999999999998934 ) ) ;
#5100 = VERTEX_POINT ( 'NONE', #1053 ) ;
#5101 = EDGE_CURVE ( 'NONE', #2161, #3145, #213, .T. ) ;
#5102 = AXIS2_PLACEMENT_3D ( 'NONE', #2901, #4230, #2163 ) ;
#5103 = CIRCLE ( 'NONE', #1883, 3.799999999999980282 ) ;
#5104 = VERTEX_POINT ( 'NONE', #565 ) ;
#5105 = VERTEX_POINT ( 'NONE', #3871 ) ;
#5106 = DIRECTION ( 'NONE',  ( -0.000000000000000000, 1.000000000000000000, -0.000000000000000000 ) ) ;
#5107 = CARTESIAN_POINT ( 'NONE',  ( -18.20000000000000284, 7.454999999859064808, 21.42500000000006111 ) ) ;
#5108 = VECTOR ( 'NONE', #2477, 1000.000000000000000 ) ;
#5109 = ORIENTED_EDGE ( 'NONE', *, *, #2213, .F. ) ;
#5110 = VECTOR ( 'NONE', #2257, 1000.000000000000000 ) ;
#5111 = VECTOR ( 'NONE', #701, 1000.000000000000000 ) ;
#5112 = DIRECTION ( 'NONE',  ( 0.000000000000000000, 0.000000000000000000, 1.000000000000000000 ) ) ;
#5113 = CARTESIAN_POINT ( 'NONE',  ( 10.83402830016236251, 11.70000000000000107, 25.00664158573503215 ) ) ;
#5114 = CARTESIAN_POINT ( 'NONE',  ( -9.050000000036209968, 13.19999999999999929, 8.700000000000104095 ) ) ;
#5115 = CARTESIAN_POINT ( 'NONE',  ( 19.27880062554976348, 12.50000000000000000, -30.66236819899337362 ) ) ;
#5116 = DIRECTION ( 'NONE',  ( 1.000000000000000000, 0.000000000000000000, -1.654744174222709448E-16 ) ) ;
#5117 = VECTOR ( 'NONE', #1007, 1000.000000000000000 ) ;
#5118 = DIRECTION ( 'NONE',  ( 0.000000000000000000, -1.000000000000000000, 0.000000000000000000 ) ) ;
#5119 = AXIS2_PLACEMENT_3D ( 'NONE', #2866, #383, #1684 ) ;
#5120 = LINE ( 'NONE', #1792, #5045 ) ;
#5121 = B_SPLINE_CURVE_WITH_KNOTS ( 'NONE', 3,
 ( #122, #4287, #3527, #4368, #3912, #3859, #2219, #5178, #3151, #553 ),
 .UNSPECIFIED., .F., .F.,
 ( 4, 2, 2, 2, 4 ),
 ( 0.000000000000000000, 0.2500000000000000000, 0.5000000000000000000, 0.7500000000000000000, 1.000000000000000000 ),
 .UNSPECIFIED. ) ;
#5122 = FACE_OUTER_BOUND ( 'NONE', #2465, .T. ) ;
#5123 = EDGE_CURVE ( 'NONE', #838, #582, #2360, .T. ) ;
#5124 = VECTOR ( 'NONE', #3445, 1000.000000000000000 ) ;
#5125 = EDGE_LOOP ( 'NONE', ( #252, #1449, #348, #2421 ) ) ;
#5126 = LINE ( 'NONE', #3525, #2438 ) ;
#5127 = LINE ( 'NONE', #3064, #4749 ) ;
#5128 = CARTESIAN_POINT ( 'NONE',  ( -20.00000000000000000, 10.09999999985903862, 27.54264080459935826 ) ) ;
#5129 = ADVANCED_FACE ( 'NONE', ( #4277 ), #1024, .F. ) ;
#5130 = CARTESIAN_POINT ( 'NONE',  ( -18.20000000000000284, 1.855257548756997110, -32.04999999999999005 ) ) ;
#5131 = CIRCLE ( 'NONE', #2877, 1.750000000000001554 ) ;
#5132 = ORIENTED_EDGE ( 'NONE', *, *, #4268, .F. ) ;
#5133 = VERTEX_POINT ( 'NONE', #646 ) ;
#5134 = DIRECTION ( 'NONE',  ( 0.000000000000000000, 0.000000000000000000, -1.000000000000000000 ) ) ;
#5135 = CARTESIAN_POINT ( 'NONE',  ( -9.074999999958757613, 0.000000000000000000, -30.24999999999998934 ) ) ;
#5136 = ADVANCED_FACE ( 'NONE', ( #3981 ), #1762, .T. ) ;
#5137 = VECTOR ( 'NONE', #2123, 1000.000000000000000 ) ;
#5138 = ORIENTED_EDGE ( 'NONE', *, *, #1965, .T. ) ;
#5139 = ORIENTED_EDGE ( 'NONE', *, *, #5253, .T. ) ;
#5140 = VERTEX_POINT ( 'NONE', #623 ) ;
#5141 = CARTESIAN_POINT ( 'NONE',  ( 19.99999999999999289, 9.632466196467996511, -16.96929045201742881 ) ) ;
#5142 = LINE ( 'NONE', #3080, #3638 ) ;
#5143 = DIRECTION ( 'NONE',  ( 0.000000000000000000, 0.000000000000000000, -1.000000000000000000 ) ) ;
#5144 = DIRECTION ( 'NONE',  ( 0.000000000000000000, -1.000000000000000000, 0.000000000000000000 ) ) ;
#5145 = FACE_BOUND ( 'NONE', #2393, .T. ) ;
#5146 = DIRECTION ( 'NONE',  ( 0.000000000000000000, 0.9063077870366478273, 0.4226182617407038822 ) ) ;
#5147 = DIRECTION ( 'NONE',  ( -0.000000000000000000, 1.000000000000000000, 0.000000000000000000 ) ) ;
#5148 = ORIENTED_EDGE ( 'NONE', *, *, #3106, .F. ) ;
#5149 = EDGE_CURVE ( 'NONE', #4125, #1280, #4702, .T. ) ;
#5150 = ORIENTED_EDGE ( 'NONE', *, *, #1525, .T. ) ;
#5151 = LINE ( 'NONE', #3937, #4525 ) ;
#5152 = DIRECTION ( 'NONE',  ( -0.000000000000000000, 1.000000000000000000, 0.000000000000000000 ) ) ;
#5153 = PLANE ( 'NONE',  #4514 ) ;
#5154 = CARTESIAN_POINT ( 'NONE',  ( -16.40000000000000568, 12.50000000000000000, -32.04999999999999005 ) ) ;
#5155 = VERTEX_POINT ( 'NONE', #4758 ) ;
#5156 = EDGE_CURVE ( 'NONE', #4698, #2886, #10, .T. ) ;
#5157 = ORIENTED_EDGE ( 'NONE', *, *, #2499, .T. ) ;
#5158 = EDGE_LOOP ( 'NONE', ( #788, #3962, #629, #314 ) ) ;
#5159 = EDGE_CURVE ( 'NONE', #4882, #4920, #5084, .T. ) ;
#5160 = LINE ( 'NONE', #1810, #4596 ) ;
#5161 = ORIENTED_EDGE ( 'NONE', *, *, #2126, .T. ) ;
#5162 = ORIENTED_EDGE ( 'NONE', *, *, #4326, .T. ) ;
#5163 = EDGE_CURVE ( 'NONE', #4939, #1616, #4679, .T. ) ;
#5164 = ORIENTED_EDGE ( 'NONE', *, *, #5081, .F. ) ;
#5165 = ORIENTED_EDGE ( 'NONE', *, *, #922, .F. ) ;
#5166 = CARTESIAN_POINT ( 'NONE',  ( -18.00000000000000355, 10.85525754875699711, 4.713787486155460726 ) ) ;
#5167 = CARTESIAN_POINT ( 'NONE',  ( 13.37014954230756558, 13.19999999999999929, 19.98139641309521863 ) ) ;
#5168 = DIRECTION ( 'NONE',  ( 0.000000000000000000, 0.000000000000000000, 1.000000000000000000 ) ) ;
#5169 = CARTESIAN_POINT ( 'NONE',  ( -9.074999999958757613, 5.200000000000000178, -30.94999999999998863 ) ) ;
#5170 =( BOUNDED_CURVE ( )  B_SPLINE_CURVE ( 2, ( #1084, #245, #5233 ),
 .UNSPECIFIED., .F., .T. ) 
 B_SPLINE_CURVE_WITH_KNOTS ( ( 3, 3 ),
 ( 0.000000000000000000, 1.000000000000000000 ),
 .UNSPECIFIED. ) 
 CURVE ( )  GEOMETRIC_REPRESENTATION_ITEM ( )  RATIONAL_B_SPLINE_CURVE ( ( 1.000000000000000000, 0.7071067811865467956, 1.000000000000000000 ) ) 
 REPRESENTATION_ITEM ( '' )  );
#5171 = CYLINDRICAL_SURFACE ( 'NONE', #2761, 0.5000000000000004441 ) ;
#5172 = LINE ( 'NONE', #3109, #3139 ) ;
#5173 = CARTESIAN_POINT ( 'NONE',  ( -16.37815178400701299, 8.250000000000000000, 28.79951569184058258 ) ) ;
#5174 = ORIENTED_EDGE ( 'NONE', *, *, #4500, .F. ) ;
#5175 = ORIENTED_EDGE ( 'NONE', *, *, #306, .F. ) ;
#5176 = DIRECTION ( 'NONE',  ( -0.000000000000000000, -0.000000000000000000, 1.000000000000000000 ) ) ;
#5177 = LINE ( 'NONE', #1501, #2147 ) ;
#5178 = CARTESIAN_POINT ( 'NONE',  ( -19.12691953992186455, 14.00000000000000000, -29.18357302733672398 ) ) ;
#5179 = CARTESIAN_POINT ( 'NONE',  ( -19.20000000000000639, 14.00000000000000000, -28.44999999999998508 ) ) ;
#5180 = EDGE_CURVE ( 'NONE', #4405, #2015, #2231, .T. ) ;
#5181 = EDGE_LOOP ( 'NONE', ( #1341, #4737, #2341, #1182 ) ) ;
#5182 = EDGE_LOOP ( 'NONE', ( #5175, #456, #3115, #2173 ) ) ;
#5183 = CARTESIAN_POINT ( 'NONE',  ( 16.87123889803847376, 12.50000000000000178, 32.05000000000000426 ) ) ;
#5184 = CARTESIAN_POINT ( 'NONE',  ( -18.19999999999999574, 8.250000000000000000, 26.24999999999998934 ) ) ;
#5185 = ADVANCED_FACE ( 'NONE', ( #159 ), #1816, .F. ) ;
#5186 = VECTOR ( 'NONE', #5324, 1000.000000000000000 ) ;
#5187 = ORIENTED_EDGE ( 'NONE', *, *, #627, .F. ) ;
#5188 = EDGE_CURVE ( 'NONE', #4089, #723, #3081, .T. ) ;
#5189 = ORIENTED_EDGE ( 'NONE', *, *, #3807, .T. ) ;
#5190 = VERTEX_POINT ( 'NONE', #594 ) ;
#5191 = ORIENTED_EDGE ( 'NONE', *, *, #379, .F. ) ;
#5192 = LINE ( 'NONE', #3979, #2682 ) ;
#5193 = CIRCLE ( 'NONE', #2672, 2.499999999999998668 ) ;
#5194 = AXIS2_PLACEMENT_3D ( 'NONE', #919, #4200, #4175 ) ;
#5195 = CARTESIAN_POINT ( 'NONE',  ( 18.00000000000000355, 1.855257548757081265, 12.51701856276042335 ) ) ;
#5196 = DIRECTION ( 'NONE',  ( 0.000000000000000000, 0.000000000000000000, 1.000000000000000000 ) ) ;
#5197 = CARTESIAN_POINT ( 'NONE',  ( 16.87132385417733005, 12.50000000000000000, -32.04999999999999005 ) ) ;
#5198 = EDGE_CURVE ( 'NONE', #4405, #988, #3928, .T. ) ;
#5199 = AXIS2_PLACEMENT_3D ( 'NONE', #5030, #4646, #3428 ) ;
#5200 = AXIS2_PLACEMENT_3D ( 'NONE', #562, #2229, #157 ) ;
#5201 = LINE ( 'NONE', #3166, #2589 ) ;
#5202 = DIRECTION ( 'NONE',  ( -0.000000000000000000, 1.000000000000000000, -0.000000000000000000 ) ) ;
#5203 = AXIS2_PLACEMENT_3D ( 'NONE', #1586, #4909, #1174 ) ;
#5204 = CARTESIAN_POINT ( 'NONE',  ( -13.53232484621986131, 11.70000000000000107, 7.700000000000102318 ) ) ;
#5205 = VERTEX_POINT ( 'NONE', #3519 ) ;
#5206 = VECTOR ( 'NONE', #29, 1000.000000000000227 ) ;
#5207 = EDGE_LOOP ( 'NONE', ( #4046, #2752, #109, #4703 ) ) ;
#5208 = CYLINDRICAL_SURFACE ( 'NONE', #775, 1.000000000000000888 ) ;
#5209 = DIRECTION ( 'NONE',  ( 0.7057733216852296598, 0.000000000000000000, -0.7084377307833042980 ) ) ;
#5210 = CYLINDRICAL_SURFACE ( 'NONE', #1809, 1.249999999999671596 ) ;
#5211 = VECTOR ( 'NONE', #4185, 1000.000000000000000 ) ;
#5212 = DIRECTION ( 'NONE',  ( -0.000000000000000000, -0.000000000000000000, 1.000000000000000000 ) ) ;
#5213 = ORIENTED_EDGE ( 'NONE', *, *, #4431, .T. ) ;
#5214 = EDGE_LOOP ( 'NONE', ( #2440, #5326, #4022, #2270, #1596 ) ) ;
#5215 = CIRCLE ( 'NONE', #3744, 0.3000000000000016542 ) ;
#5216 = ORIENTED_EDGE ( 'NONE', *, *, #4045, .T. ) ;
#5217 = CARTESIAN_POINT ( 'NONE',  ( -16.29999999999999716, 8.250000000000000000, 30.25000000000000355 ) ) ;
#5218 = DIRECTION ( 'NONE',  ( 0.000000000000000000, 0.000000000000000000, 1.000000000000000000 ) ) ;
#5219 = AXIS2_PLACEMENT_3D ( 'NONE', #625, #4794, #571 ) ;
#5220 = EDGE_LOOP ( 'NONE', ( #1700, #1666, #124, #966 ) ) ;
#5221 = ORIENTED_EDGE ( 'NONE', *, *, #2105, .T. ) ;
#5222 = ORIENTED_EDGE ( 'NONE', *, *, #1026, .T. ) ;
#5223 = EDGE_CURVE ( 'NONE', #4416, #658, #3221, .T. ) ;
#5224 = CARTESIAN_POINT ( 'NONE',  ( -18.44999999999969731, 4.000000000000000000, -28.24999999999999289 ) ) ;
#5225 = CIRCLE ( 'NONE', #358, 2.499999999999969358 ) ;
#5226 = DIRECTION ( 'NONE',  ( 0.000000000000000000, 1.000000000000000000, 0.000000000000000000 ) ) ;
#5227 = CARTESIAN_POINT ( 'NONE',  ( -13.53232484621986131, 13.19999999999999929, 7.700000000000102318 ) ) ;
#5228 = AXIS2_PLACEMENT_3D ( 'NONE', #2164, #903, #1749 ) ;
#5229 = EDGE_CURVE ( 'NONE', #2382, #3778, #2189, .T. ) ;
#5230 = DIRECTION ( 'NONE',  ( -0.000000000000000000, -0.000000000000000000, -1.000000000000000000 ) ) ;
#5231 = CARTESIAN_POINT ( 'NONE',  ( 16.39999999999999858, 14.00000000000000000, -32.04999999999999005 ) ) ;
#5232 = CARTESIAN_POINT ( 'NONE',  ( 18.44999999999970441, 4.000000000000000000, -27.74999999999998934 ) ) ;
#5233 = CARTESIAN_POINT ( 'NONE',  ( 16.39999999999999858, 12.50000000000000000, -32.04999999999999005 ) ) ;
#5234 = ORIENTED_EDGE ( 'NONE', *, *, #4221, .F. ) ;
#5235 = EDGE_CURVE ( 'NONE', #4050, #1758, #2747, .T. ) ;
#5236 = ORIENTED_EDGE ( 'NONE', *, *, #2809, .T. ) ;
#5237 = FACE_OUTER_BOUND ( 'NONE', #2527, .T. ) ;
#5238 = LINE ( 'NONE', #1476, #5186 ) ;
#5239 = DIRECTION ( 'NONE',  ( -0.000000000000000000, 1.000000000000000000, -0.000000000000000000 ) ) ;
#5240 = EDGE_LOOP ( 'NONE', ( #3754, #5222, #746, #2715 ) ) ;
#5241 = ORIENTED_EDGE ( 'NONE', *, *, #546, .F. ) ;
#5242 = ORIENTED_EDGE ( 'NONE', *, *, #3300, .T. ) ;
#5243 = CARTESIAN_POINT ( 'NONE',  ( -15.07500000004169749, 5.200000000000000178, -30.24999999999998934 ) ) ;
#5244 = PLANE ( 'NONE',  #3646 ) ;
#5245 = DIRECTION ( 'NONE',  ( -0.000000000000000000, 1.000000000000000000, 0.000000000000000000 ) ) ;
#5246 = EDGE_LOOP ( 'NONE', ( #2803, #3015, #104, #140 ) ) ;
#5247 = ORIENTED_EDGE ( 'NONE', *, *, #5163, .T. ) ;
#5248 = ORIENTED_EDGE ( 'NONE', *, *, #4904, .F. ) ;
#5249 = EDGE_LOOP ( 'NONE', ( #2226, #2090, #1953, #1229 ) ) ;
#5250 = FACE_OUTER_BOUND ( 'NONE', #3597, .T. ) ;
#5251 = DIRECTION ( 'NONE',  ( -0.7057733216852319913, 0.000000000000000000, 0.7084377307833017445 ) ) ;
#5252 = CARTESIAN_POINT ( 'NONE',  ( -16.29999999999999716, 8.750000000000000000, 28.04264080459935826 ) ) ;
#5253 = EDGE_CURVE ( 'NONE', #3916, #2821, #3027, .T. ) ;
#5254 = CARTESIAN_POINT ( 'NONE',  ( -18.20000000000000284, 10.09999999985903862, 21.24264564540182576 ) ) ;
#5255 = FACE_OUTER_BOUND ( 'NONE', #2361, .T. ) ;
#5256 = DIRECTION ( 'NONE',  ( 0.000000000000000000, 0.000000000000000000, -1.000000000000000000 ) ) ;
#5257 = EDGE_CURVE ( 'NONE', #5205, #4180, #4812, .T. ) ;
#5258 = VERTEX_POINT ( 'NONE', #1959 ) ;
#5259 = ADVANCED_FACE ( 'NONE', ( #4560 ), #3250, .T. ) ;
#5260 = ORIENTED_EDGE ( 'NONE', *, *, #2614, .F. ) ;
#5261 = CARTESIAN_POINT ( 'NONE',  ( 18.00000000000000355, 1.855257548757039521, 5.017018562760422462 ) ) ;
#5262 = CYLINDRICAL_SURFACE ( 'NONE', #666, 0.5000000000000004441 ) ;
#5263 = DIRECTION ( 'NONE',  ( -0.000000000000000000, -1.000000000000000000, -0.000000000000000000 ) ) ;
#5264 = EDGE_CURVE ( 'NONE', #668, #4806, #2487, .T. ) ;
#5265 = VERTEX_POINT ( 'NONE', #1669 ) ;
#5266 = ORIENTED_EDGE ( 'NONE', *, *, #108, .F. ) ;
#5267 = ORIENTED_EDGE ( 'NONE', *, *, #640, .T. ) ;
#5268 = CARTESIAN_POINT ( 'NONE',  ( 18.63906715320585761, 14.00000000000000000, 30.17073082143881280 ) ) ;
#5269 = CARTESIAN_POINT ( 'NONE',  ( 0.000000000000000000, 5.200000000000000178, 0.000000000000000000 ) ) ;
#5270 = CARTESIAN_POINT ( 'NONE',  ( 18.44999999999970441, 0.000000000000000000, -28.24999999999998934 ) ) ;
#5271 = EDGE_CURVE ( 'NONE', #1588, #4283, #2520, .T. ) ;
#5272 = EDGE_LOOP ( 'NONE', ( #4028, #3329 ) ) ;
#5273 = ORIENTED_EDGE ( 'NONE', *, *, #4904, .T. ) ;
#5274 = VERTEX_POINT ( 'NONE', #1166 ) ;
#5275 = EDGE_LOOP ( 'NONE', ( #4078, #2713, #3207, #3741 ) ) ;
#5276 = LINE ( 'NONE', #4521, #3452 ) ;
#5277 = CARTESIAN_POINT ( 'NONE',  ( -18.00000000000000355, 10.85525754875703797, 10.71378748615546250 ) ) ;
#5278 = CARTESIAN_POINT ( 'NONE',  ( -13.53605915637521306, 13.19999999999999929, 15.82704321637308809 ) ) ;
#5279 = VECTOR ( 'NONE', #4010, 1000.000000000000000 ) ;
#5280 = VECTOR ( 'NONE', #4779, 1000.000000000000000 ) ;
#5281 = VECTOR ( 'NONE', #3394, 1000.000000000000000 ) ;
#5282 = FACE_OUTER_BOUND ( 'NONE', #202, .T. ) ;
#5283 = CARTESIAN_POINT ( 'NONE',  ( -9.074999999958757613, 5.200000000000000178, -30.94999999999998863 ) ) ;
#5284 = CARTESIAN_POINT ( 'NONE',  ( -15.07500000004169749, 5.200000000000000178, -30.24999999999998934 ) ) ;
#5285 = AXIS2_PLACEMENT_3D ( 'NONE', #563, #1513, #3541 ) ;
#5286 = VECTOR ( 'NONE', #1548, 1000.000000000000000 ) ;
#5287 = ORIENTED_EDGE ( 'NONE', *, *, #5235, .F. ) ;
#5288 = CIRCLE ( 'NONE', #2946, 0.1999999999999987899 ) ;
#5289 = VECTOR ( 'NONE', #3654, 1000.000000000000000 ) ;
#5290 = ADVANCED_FACE ( 'NONE', ( #2085 ), #3337, .T. ) ;
#5291 = DIRECTION ( 'NONE',  ( 0.000000000000000000, -1.000000000000000000, 0.000000000000000000 ) ) ;
#5292 = CARTESIAN_POINT ( 'NONE',  ( -19.20000000000000284, 14.00000000000000000, 28.81620637321962874 ) ) ;
#5293 = LINE ( 'NONE', #4479, #3652 ) ;
#5294 = ADVANCED_FACE ( 'NONE', ( #4837 ), #1254, .T. ) ;
#5295 = AXIS2_PLACEMENT_3D ( 'NONE', #1039, #175, #3091 ) ;
#5296 = ORIENTED_EDGE ( 'NONE', *, *, #239, .F. ) ;
#5297 = VERTEX_POINT ( 'NONE', #4586 ) ;
#5298 = EDGE_CURVE ( 'NONE', #1942, #4806, #2972, .T. ) ;
#5299 = DIRECTION ( 'NONE',  ( -2.867400913013224863E-16, 1.433700456506612432E-16, -1.000000000000000000 ) ) ;
#5300 = LINE ( 'NONE', #2848, #4068 ) ;
#5301 = VECTOR ( 'NONE', #2319, 1000.000000000000000 ) ;
#5302 = CARTESIAN_POINT ( 'NONE',  ( -20.00000000000000355, 1.855257548756997554, 0.5170185627604220180 ) ) ;
#5303 = CARTESIAN_POINT ( 'NONE',  ( 16.40000000000000213, 14.00000000000000000, 31.25000000000000000 ) ) ;
#5304 = B_SPLINE_CURVE_WITH_KNOTS ( 'NONE', 3,
 ( #27, #1325, #4603, #865 ),
 .UNSPECIFIED., .F., .F.,
 ( 4, 4 ),
 ( 0.000000000000000000, 1.000000000000000000 ),
 .UNSPECIFIED. ) ;
#5305 = VERTEX_POINT ( 'NONE', #1905 ) ;
#5306 = AXIS2_PLACEMENT_3D ( 'NONE', #1420, #2712, #2630 ) ;
#5307 = ORIENTED_EDGE ( 'NONE', *, *, #2271, .T. ) ;
#5308 = ORIENTED_EDGE ( 'NONE', *, *, #4362, .T. ) ;
#5309 = ORIENTED_EDGE ( 'NONE', *, *, #669, .T. ) ;
#5310 = EDGE_CURVE ( 'NONE', #5339, #3101, #4438, .T. ) ;
#5311 = CARTESIAN_POINT ( 'NONE',  ( -18.20000000000000284, 8.199999999859237221, 28.04264080459935826 ) ) ;
#5312 = CARTESIAN_POINT ( 'NONE',  ( -8.050000000036208192, 11.70000000000000107, 10.90000000000010338 ) ) ;
#5313 = CARTESIAN_POINT ( 'NONE',  ( -17.34229238369340464, 12.50000000000000178, 31.95630163600594287 ) ) ;
#5314 = VECTOR ( 'NONE', #2822, 1000.000000000000000 ) ;
#5315 = VECTOR ( 'NONE', #243, 1000.000000000000114 ) ;
#5316 = LINE ( 'NONE', #4140, #2425 ) ;
#5317 = DIRECTION ( 'NONE',  ( 0.000000000000000000, -1.000000000000000000, 0.000000000000000000 ) ) ;
#5318 = CARTESIAN_POINT ( 'NONE',  ( 18.44999999999969731, 4.000000000000000000, 27.74999999999999645 ) ) ;
#5319 = DIRECTION ( 'NONE',  ( 1.000000000000000000, -0.000000000000000000, -0.000000000000000000 ) ) ;
#5320 = VECTOR ( 'NONE', #2902, 1000.000000000000000 ) ;
#5321 = ORIENTED_EDGE ( 'NONE', *, *, #2433, .T. ) ;
#5322 = PRODUCT_DEFINITION_FORMATION_WITH_SPECIFIED_SOURCE ( 'хн╨н', '', #2994, .NOT_KNOWN. ) ;
#5323 = CARTESIAN_POINT ( 'NONE',  ( -16.29999999999999716, 11.69999999999999929, 30.25000000000000355 ) ) ;
#5324 = DIRECTION ( 'NONE',  ( 5.412553747197527263E-17, 0.000000000000000000, 1.000000000000000000 ) ) ;
#5325 = PLANE ( 'NONE',  #3731 ) ;
#5326 = ORIENTED_EDGE ( 'NONE', *, *, #1462, .T. ) ;
#5327 = EDGE_CURVE ( 'NONE', #5297, #3725, #2808, .T. ) ;
#5328 = ORIENTED_EDGE ( 'NONE', *, *, #5093, .F. ) ;
#5329 = ORIENTED_EDGE ( 'NONE', *, *, #379, .T. ) ;
#5330 = CARTESIAN_POINT ( 'NONE',  ( 19.99999999999999289, 8.259612155171570436, -16.96929045201742881 ) ) ;
#5331 = LINE ( 'NONE', #2798, #4839 ) ;
#5332 = CARTESIAN_POINT ( 'NONE',  ( 20.00100000000000833, 6.204999999859034610, 20.17500000000009308 ) ) ;
#5333 = CYLINDRICAL_SURFACE ( 'NONE', #1123, 1.274999999999998357 ) ;
#5334 = ORIENTED_EDGE ( 'NONE', *, *, #1493, .F. ) ;
#5335 = EDGE_CURVE ( 'NONE', #1224, #3236, #787, .T. ) ;
#5336 = ORIENTED_EDGE ( 'NONE', *, *, #2366, .F. ) ;
#5337 = ORIENTED_EDGE ( 'NONE', *, *, #1525, .F. ) ;
#5338 = EDGE_CURVE ( 'NONE', #4939, #1330, #4875, .T. ) ;
#5339 = VERTEX_POINT ( 'NONE', #4286 ) ;
#5340 = LINE ( 'NONE', #1620, #5289 ) ;
#5341 = DIRECTION ( 'NONE',  ( -0.000000000000000000, 1.000000000000000000, -0.000000000000000000 ) ) ;
#5342 = EDGE_CURVE ( 'NONE', #442, #4634, #982, .T. ) ;
#5343 = CARTESIAN_POINT ( 'NONE',  ( -17.80594073601374561, 0.000000000000000000, 30.38953339543472509 ) ) ;
#5344 = FACE_OUTER_BOUND ( 'NONE', #2287, .T. ) ;
#5345 = DIRECTION ( 'NONE',  ( 0.000000000000000000, -1.000000000000000000, 0.000000000000000000 ) ) ;
#5346 = CARTESIAN_POINT ( 'NONE',  ( 19.19999999999999929, 14.00000000000000000, -9.483333333333325399 ) ) ;
#5347 = ORIENTED_EDGE ( 'NONE', *, *, #2490, .T. ) ;
#5348 = CARTESIAN_POINT ( 'NONE',  ( 17.04999999999970939, -4.162030754331431659, -30.24999999999998934 ) ) ;
#5349 = FACE_OUTER_BOUND ( 'NONE', #3703, .T. ) ;
#5350 = ORIENTED_EDGE ( 'NONE', *, *, #4829, .T. ) ;
#5351 = ORIENTED_EDGE ( 'NONE', *, *, #4565, .T. ) ;
#5352 = LINE ( 'NONE', #2466, #4095 ) ;
#5353 = CARTESIAN_POINT ( 'NONE',  ( 17.13289408340471809, 14.00000000000000000, 31.17712349168983721 ) ) ;
#5354 = LINE ( 'NONE', #2799, #3212 ) ;
#5355 = EDGE_CURVE ( 'NONE', #740, #2060, #5072, .T. ) ;
#5356 = CARTESIAN_POINT ( 'NONE',  ( 19.99999999999999645, 12.50000000000000000, -9.483333333333316517 ) ) ;
#5357 = ORIENTED_EDGE ( 'NONE', *, *, #4984, .F. ) ;
#5358 = ORIENTED_EDGE ( 'NONE', *, *, #1635, .F. ) ;
#5359 = ORIENTED_EDGE ( 'NONE', *, *, #2540, .T. ) ;
#5360 = ORIENTED_EDGE ( 'NONE', *, *, #3430, .T. ) ;
#5361 = CARTESIAN_POINT ( 'NONE',  ( 12.59670360744673623, 11.70000000000000107, 20.75776223217721395 ) ) ;
#5362 = CARTESIAN_POINT ( 'NONE',  ( -13.53232484621986131, 11.70000000000000107, 7.700000000000102318 ) ) ;
#5363 = EDGE_CURVE ( 'NONE', #3365, #3970, #2218, .T. ) ;
#5364 = FACE_OUTER_BOUND ( 'NONE', #3755, .T. ) ;
#5365 = EDGE_CURVE ( 'NONE', #2481, #1899, #3039, .T. ) ;
#5366 = PLANE ( 'NONE',  #781 ) ;
#5367 = CARTESIAN_POINT ( 'NONE',  ( -13.02968331415716818, 11.70000000000000107, 8.036288141110496497 ) ) ;
#5368 = CARTESIAN_POINT ( 'NONE',  ( -19.00000000000000355, 13.19999999999999929, -28.44999999999998863 ) ) ;
#5369 = ORIENTED_EDGE ( 'NONE', *, *, #3899, .F. ) ;
#5370 = EDGE_CURVE ( 'NONE', #4670, #854, #2550, .T. ) ;
#5371 = LINE ( 'NONE', #2049, #434 ) ;
#5372 = AXIS2_PLACEMENT_3D ( 'NONE', #885, #430, #4672 ) ;
#5373 = CARTESIAN_POINT ( 'NONE',  ( -19.20000000000000639, 14.00000000000000000, -28.44999999999998508 ) ) ;
#5374 = AXIS2_PLACEMENT_3D ( 'NONE', #968, #4349, #5218 ) ;
#5375 = VECTOR ( 'NONE', #4810, 1000.000000000000000 ) ;
#5376 = ORIENTED_EDGE ( 'NONE', *, *, #100, .F. ) ;
#5377 = LINE ( 'NONE', #5330, #352 ) ;
#5378 = CARTESIAN_POINT ( 'NONE',  ( -20.00000000000000000, 12.50000000000000000, 28.45000000000000284 ) ) ;
#5379 = CARTESIAN_POINT ( 'NONE',  ( -16.29999999999999716, 9.599999999859038624, 28.04264080459935826 ) ) ;
#5380 = VECTOR ( 'NONE', #1877, 1000.000000000000000 ) ;
#5381 = CARTESIAN_POINT ( 'NONE',  ( 19.99999999999999645, 14.00000000000000000, -32.04999999999999005 ) ) ;
#5382 = VERTEX_POINT ( 'NONE', #1801 ) ;
#5383 =( BOUNDED_CURVE ( )  B_SPLINE_CURVE ( 2, ( #5378, #2958, #2549 ),
 .UNSPECIFIED., .F., .T. ) 
 B_SPLINE_CURVE_WITH_KNOTS ( ( 3, 3 ),
 ( 0.000000000000000000, 1.000000000000000000 ),
 .UNSPECIFIED. ) 
 CURVE ( )  GEOMETRIC_REPRESENTATION_ITEM ( )  RATIONAL_B_SPLINE_CURVE ( ( 1.000000000000000000, 0.7071067811865467956, 1.000000000000000000 ) ) 
 REPRESENTATION_ITEM ( '' )  );
#5384 = EDGE_LOOP ( 'NONE', ( #1439, #1160, #2648, #3884 ) ) ;
#5385 = EDGE_LOOP ( 'NONE', ( #3935, #253, #4425, #1235, #2773, #3369, #2413, #2035 ) ) ;
#5386 = CIRCLE ( 'NONE', #942, 0.5000000000000004441 ) ;
#5387 = ORIENTED_EDGE ( 'NONE', *, *, #4063, .F. ) ;
#5388 = LINE ( 'NONE', #482, #5029 ) ;
#5389 = CARTESIAN_POINT ( 'NONE',  ( -20.00000000000000355, 12.50000000000000000, -28.44999999999998863 ) ) ;
ENDSEC;
END-ISO-10303-21;
