ISO-10303-21;
HEADER;
FILE_DESCRIPTION (( 'STEP AP214' ),
    '1' );
FILE_NAME ('后盖.STEP',
    '2023-09-10T09:36:58',
    ( '' ),
    ( '' ),
    'SwSTEP 2.0',
    'SolidWorks 2022',
    '' );
FILE_SCHEMA (( 'AUTOMOTIVE_DESIGN' ));
ENDSEC;

DATA;
#1 = ORIENTED_EDGE ( 'NONE', *, *, #445, .T. ) ;
#2 = CARTESIAN_POINT ( 'NONE',  ( -15.99999999999989342, 4.000000000000000000, -26.20000000000004903 ) ) ;
#3 = ORIENTED_EDGE ( 'NONE', *, *, #2169, .T. ) ;
#4 = ADVANCED_FACE ( 'NONE', ( #1708 ), #298, .F. ) ;
#5 = DIRECTION ( 'NONE',  ( 0.000000000000000000, -0.000000000000000000, 1.000000000000000000 ) ) ;
#6 = FACE_OUTER_BOUND ( 'NONE', #1600, .T. ) ;
#7 = EDGE_CURVE ( 'NONE', #1593, #1886, #692, .T. ) ;
#8 = ORIENTED_EDGE ( 'NONE', *, *, #349, .F. ) ;
#9 = DIRECTION ( 'NONE',  ( 0.000000000000000000, -1.000000000000000000, 0.000000000000000000 ) ) ;
#10 = CARTESIAN_POINT ( 'NONE',  ( -18.21975710592725051, 0.3246665254961235703, 31.24919799996156300 ) ) ;
#11 = ORIENTED_EDGE ( 'NONE', *, *, #621, .T. ) ;
#12 = CARTESIAN_POINT ( 'NONE',  ( 16.79999999999969873, 4.000000000000000000, -26.00000000000005329 ) ) ;
#13 = CARTESIAN_POINT ( 'NONE',  ( -18.44999999997027729, 0.8000000000000000444, -27.75000000002852474 ) ) ;
#14 = VERTEX_POINT ( 'NONE', #2326 ) ;
#15 = DIRECTION ( 'NONE',  ( 0.000000000000000000, -1.000000000000000000, 0.000000000000000000 ) ) ;
#16 = EDGE_CURVE ( 'NONE', #1941, #762, #824, .T. ) ;
#17 = CARTESIAN_POINT ( 'NONE',  ( -17.89016928349085944, 0.2388672671849491613, 31.33953339538640748 ) ) ;
#18 = FACE_OUTER_BOUND ( 'NONE', #2063, .T. ) ;
#19 = VERTEX_POINT ( 'NONE', #1105 ) ;
#20 = ADVANCED_FACE ( 'NONE', ( #1930 ), #92, .F. ) ;
#21 = EDGE_LOOP ( 'NONE', ( #1937, #1384, #178, #42, #624 ) ) ;
#22 = AXIS2_PLACEMENT_3D ( 'NONE', #2111, #2547, #271 ) ;
#23 = MECHANICAL_DESIGN_GEOMETRIC_PRESENTATION_REPRESENTATION (  '', ( #115 ), #710 ) ;
#24 = CARTESIAN_POINT ( 'NONE',  ( 19.99999999999998934, 1.000000000000000000, -32.04999999999999716 ) ) ;
#25 = CIRCLE ( 'NONE', #242, 0.6499999999803398598 ) ;
#26 = DIRECTION ( 'NONE',  ( -0.000000000000000000, -1.000000000000000000, -0.000000000000000000 ) ) ;
#27 = VERTEX_POINT ( 'NONE', #1322 ) ;
#28 = VERTEX_POINT ( 'NONE', #1541 ) ;
#29 = DIRECTION ( 'NONE',  ( 0.000000000000000000, 0.000000000000000000, 1.000000000000000000 ) ) ;
#30 = VECTOR ( 'NONE', #351, 1000.000000000000000 ) ;
#31 = VERTEX_POINT ( 'NONE', #513 ) ;
#32 = LINE ( 'NONE', #864, #2080 ) ;
#33 = CARTESIAN_POINT ( 'NONE',  ( -17.14999999999990266, 1.000000000000000888, 28.13953339543465759 ) ) ;
#34 = EDGE_CURVE ( 'NONE', #1058, #1642, #1134, .T. ) ;
#35 = PLANE ( 'NONE',  #327 ) ;
#36 = ORIENTED_EDGE ( 'NONE', *, *, #7, .F. ) ;
#37 = VERTEX_POINT ( 'NONE', #1995 ) ;
#38 = EDGE_CURVE ( 'NONE', #633, #2150, #2196, .T. ) ;
#39 = CARTESIAN_POINT ( 'NONE',  ( 16.79999999999969873, 2.000000000000000000, -26.00000000000005329 ) ) ;
#40 = LINE ( 'NONE', #2053, #1661 ) ;
#41 = EDGE_LOOP ( 'NONE', ( #399, #873, #706, #1751 ) ) ;
#42 = ORIENTED_EDGE ( 'NONE', *, *, #1407, .F. ) ;
#43 = DIRECTION ( 'NONE',  ( 0.000000000000000000, 0.000000000000000000, -1.000000000000000000 ) ) ;
#44 = SURFACE_STYLE_FILL_AREA ( #2110 ) ;
#45 = CARTESIAN_POINT ( 'NONE',  ( -11.99999999999989342, 4.099999999999998757, -26.20000000000004903 ) ) ;
#46 = CARTESIAN_POINT ( 'NONE',  ( 18.99999999999998934, 0.000000000000000000, -26.97540333079062691 ) ) ;
#47 = LINE ( 'NONE', #2315, #1701 ) ;
#48 = VERTEX_POINT ( 'NONE', #1773 ) ;
#49 = VERTEX_POINT ( 'NONE', #2612 ) ;
#50 = CYLINDRICAL_SURFACE ( 'NONE', #1999, 1.000000000000000888 ) ;
#51 = ADVANCED_FACE ( 'NONE', ( #2021 ), #1569, .F. ) ;
#52 = CARTESIAN_POINT ( 'NONE',  ( 18.45000000002911378, 2.000000000000000000, 28.39999999995180247 ) ) ;
#53 = ORIENTED_EDGE ( 'NONE', *, *, #2584, .T. ) ;
#54 = CARTESIAN_POINT ( 'NONE',  ( -20.00000000000000355, 2.000000000000000000, 32.04999999999999716 ) ) ;
#55 = VERTEX_POINT ( 'NONE', #2416 ) ;
#56 = CARTESIAN_POINT ( 'NONE',  ( 18.45000000002912088, 0.8000000000000000444, -27.75000000002852119 ) ) ;
#57 = EDGE_CURVE ( 'NONE', #2121, #532, #1365, .T. ) ;
#58 = DIRECTION ( 'NONE',  ( 1.000000000000000000, 0.000000000000000000, -4.260257193496408573E-16 ) ) ;
#59 = CARTESIAN_POINT ( 'NONE',  ( -16.40000000000000568, 0.000000000000000000, 28.44999999999999574 ) ) ;
#60 = FACE_OUTER_BOUND ( 'NONE', #1720, .T. ) ;
#61 = LINE ( 'NONE', #510, #2087 ) ;
#62 = DIRECTION ( 'NONE',  ( -0.000000000000000000, -1.000000000000000000, -0.000000000000000000 ) ) ;
#63 = AXIS2_PLACEMENT_3D ( 'NONE', #1127, #1949, #1168 ) ;
#64 = DIRECTION ( 'NONE',  ( -0.000000000000000000, 1.000000000000000000, -0.000000000000000000 ) ) ;
#65 = VECTOR ( 'NONE', #987, 1000.000000000000000 ) ;
#66 = DIRECTION ( 'NONE',  ( -0.000000000000000000, -1.000000000000000000, -0.000000000000000000 ) ) ;
#67 = ORIENTED_EDGE ( 'NONE', *, *, #2125, .T. ) ;
#68 = ADVANCED_FACE ( 'NONE', ( #1349 ), #1391, .T. ) ;
#69 = VECTOR ( 'NONE', #696, 1000.000000000000000 ) ;
#70 = DIRECTION ( 'NONE',  ( 0.000000000000000000, 0.000000000000000000, -1.000000000000000000 ) ) ;
#71 = CIRCLE ( 'NONE', #1529, 0.6499999999803398598 ) ;
#72 = EDGE_CURVE ( 'NONE', #661, #2107, #1214, .T. ) ;
#73 = CARTESIAN_POINT ( 'NONE',  ( -18.44999999997027729, 0.000000000000000000, -26.80000000004831762 ) ) ;
#74 = CARTESIAN_POINT ( 'NONE',  ( -15.77500000000008740, 4.000000000000000000, 28.97499999999999076 ) ) ;
#75 = LINE ( 'NONE', #688, #170 ) ;
#76 = AXIS2_PLACEMENT_3D ( 'NONE', #88, #2113, #2323 ) ;
#77 = DIRECTION ( 'NONE',  ( -1.000000000000000000, -0.000000000000000000, -0.000000000000000000 ) ) ;
#78 = ORIENTED_EDGE ( 'NONE', *, *, #728, .F. ) ;
#79 = SHAPE_DEFINITION_REPRESENTATION ( #1030, #2177 ) ;
#80 = EDGE_LOOP ( 'NONE', ( #1234, #651, #845, #1980 ) ) ;
#81 = ORIENTED_EDGE ( 'NONE', *, *, #1059, .F. ) ;
#82 = CARTESIAN_POINT ( 'NONE',  ( -17.80594073598432914, 0.7999999999999999334, 30.38953339540619325 ) ) ;
#83 = ORIENTED_EDGE ( 'NONE', *, *, #302, .F. ) ;
#84 = EDGE_LOOP ( 'NONE', ( #2116, #1892, #939, #711 ) ) ;
#85 = CARTESIAN_POINT ( 'NONE',  ( -20.00000000000001066, 1.000000000000000000, -32.04999999999999716 ) ) ;
#86 = DIRECTION ( 'NONE',  ( 0.000000000000000000, 1.000000000000000000, 0.000000000000000000 ) ) ;
#87 = LINE ( 'NONE', #469, #1258 ) ;
#88 = CARTESIAN_POINT ( 'NONE',  ( 18.45000000002912088, 2.000000000000000000, -27.75000000002852119 ) ) ;
#89 = EDGE_CURVE ( 'NONE', #2245, #1267, #1583, .T. ) ;
#90 = CARTESIAN_POINT ( 'NONE',  ( 17.14999999999990976, 4.000000000000000000, 25.20000000000004903 ) ) ;
#91 = EDGE_CURVE ( 'NONE', #803, #668, #362, .T. ) ;
#92 = PLANE ( 'NONE',  #1298 ) ;
#93 = VERTEX_POINT ( 'NONE', #462 ) ;
#94 = VERTEX_POINT ( 'NONE', #1538 ) ;
#95 = LINE ( 'NONE', #2362, #1879 ) ;
#96 = VERTEX_POINT ( 'NONE', #1083 ) ;
#97 = FILL_AREA_STYLE_COLOUR ( '', #746 ) ;
#98 = CARTESIAN_POINT ( 'NONE',  ( 18.99999999999998934, 1.000000000000000000, -32.04999999999999716 ) ) ;
#99 = LINE ( 'NONE', #1717, #2299 ) ;
#100 = CARTESIAN_POINT ( 'NONE',  ( 15.99999999999969802, 4.000000000000000000, 25.20000000000004903 ) ) ;
#101 =( NAMED_UNIT ( * ) SI_UNIT ( $, .STERADIAN. ) SOLID_ANGLE_UNIT ( ) );
#102 = EDGE_CURVE ( 'NONE', #999, #750, #2247, .T. ) ;
#103 = CARTESIAN_POINT ( 'NONE',  ( -15.77500000000008740, 4.000000000000000000, 28.13953339543465404 ) ) ;
#104 = ORIENTED_EDGE ( 'NONE', *, *, #1513, .T. ) ;
#105 = ADVANCED_FACE ( 'NONE', ( #1719 ), #2356, .T. ) ;
#106 = VERTEX_POINT ( 'NONE', #2508 ) ;
#107 = AXIS2_PLACEMENT_3D ( 'NONE', #2491, #642, #685 ) ;
#108 = FACE_OUTER_BOUND ( 'NONE', #1154, .T. ) ;
#109 = ORIENTED_EDGE ( 'NONE', *, *, #2536, .F. ) ;
#110 = AXIS2_PLACEMENT_3D ( 'NONE', #769, #739, #753 ) ;
#111 = CARTESIAN_POINT ( 'NONE',  ( 15.99999999999969802, 8.299999999999998934, -29.20000000000013429 ) ) ;
#112 = AXIS2_PLACEMENT_3D ( 'NONE', #1278, #732, #1132 ) ;
#113 = FACE_OUTER_BOUND ( 'NONE', #1981, .T. ) ;
#114 = CARTESIAN_POINT ( 'NONE',  ( -17.94999999999989981, 4.000000000000000000, 28.93953339543465830 ) ) ;
#115 = STYLED_ITEM ( 'NONE', ( #679 ), #1013 ) ;
#116 = DIRECTION ( 'NONE',  ( 0.000000000000000000, 1.000000000000000000, 0.000000000000000000 ) ) ;
#117 = VECTOR ( 'NONE', #292, 1000.000000000000000 ) ;
#118 = FACE_OUTER_BOUND ( 'NONE', #1726, .T. ) ;
#119 = LINE ( 'NONE', #1757, #1008 ) ;
#120 = PLANE ( 'NONE',  #450 ) ;
#121 = AXIS2_PLACEMENT_3D ( 'NONE', #1308, #279, #2307 ) ;
#122 = PRODUCT_DEFINITION ( '未知', '', #1964, #1197 ) ;
#123 = DIRECTION ( 'NONE',  ( 0.000000000000000000, 0.000000000000000000, 1.000000000000000000 ) ) ;
#124 = ORIENTED_EDGE ( 'NONE', *, *, #1714, .F. ) ;
#125 = AXIS2_PLACEMENT_3D ( 'NONE', #137, #482, #1103 ) ;
#126 = ORIENTED_EDGE ( 'NONE', *, *, #1598, .F. ) ;
#127 = VERTEX_POINT ( 'NONE', #2301 ) ;
#128 = DIRECTION ( 'NONE',  ( 0.000000000000000000, -0.000000000000000000, 1.000000000000000000 ) ) ;
#129 = EDGE_CURVE ( 'NONE', #2059, #765, #1652, .T. ) ;
#130 = EDGE_LOOP ( 'NONE', ( #1314, #1506, #970, #2603, #1009 ) ) ;
#131 = ORIENTED_EDGE ( 'NONE', *, *, #2174, .T. ) ;
#132 = CARTESIAN_POINT ( 'NONE',  ( -16.40000000000001279, 2.000000000000000000, -28.44999999999999574 ) ) ;
#133 = DIRECTION ( 'NONE',  ( -0.000000000000000000, -1.000000000000000000, -0.000000000000000000 ) ) ;
#134 = DIRECTION ( 'NONE',  ( 0.000000000000000000, 0.000000000000000000, -1.000000000000000000 ) ) ;
#135 = B_SPLINE_CURVE_WITH_KNOTS ( 'NONE', 3,
 ( #516, #954, #2349, #1795 ),
 .UNSPECIFIED., .F., .F.,
 ( 4, 4 ),
 ( 0.000000000000000000, 0.0001195999744520098918 ),
 .UNSPECIFIED. ) ;
#136 = DIRECTION ( 'NONE',  ( 0.000000000000000000, 0.000000000000000000, 1.000000000000000000 ) ) ;
#137 = CARTESIAN_POINT ( 'NONE',  ( -15.07500000004159091, 4.000000000000000000, -29.20000000000002061 ) ) ;
#138 = CARTESIAN_POINT ( 'NONE',  ( 18.45000000002912088, 2.000000000000000000, -27.10000000004818332 ) ) ;
#139 = VERTEX_POINT ( 'NONE', #1967 ) ;
#140 = DIRECTION ( 'NONE',  ( 0.000000000000000000, 0.000000000000000000, -1.000000000000000000 ) ) ;
#141 = EDGE_CURVE ( 'NONE', #514, #267, #233, .T. ) ;
#142 = CARTESIAN_POINT ( 'NONE',  ( -18.44999999997027729, 0.8000000000000000444, -26.80000000004831762 ) ) ;
#143 = ORIENTED_EDGE ( 'NONE', *, *, #2280, .F. ) ;
#144 = LINE ( 'NONE', #1965, #1256 ) ;
#145 = EDGE_CURVE ( 'NONE', #2150, #2624, #1158, .T. ) ;
#146 = DIRECTION ( 'NONE',  ( -0.000000000000000000, -1.000000000000000000, -0.000000000000000000 ) ) ;
#147 = FACE_OUTER_BOUND ( 'NONE', #2039, .T. ) ;
#148 = CARTESIAN_POINT ( 'NONE',  ( 11.99999999999969802, 4.000000000000000000, -29.20000000000012008 ) ) ;
#149 = CARTESIAN_POINT ( 'NONE',  ( -16.79999999999989058, 2.000000000000000000, -26.00000000000004619 ) ) ;
#150 = ORIENTED_EDGE ( 'NONE', *, *, #2010, .T. ) ;
#151 = VECTOR ( 'NONE', #565, 1000.000000000000000 ) ;
#152 = ORIENTED_EDGE ( 'NONE', *, *, #2158, .T. ) ;
#153 = FACE_OUTER_BOUND ( 'NONE', #590, .T. ) ;
#154 = CARTESIAN_POINT ( 'NONE',  ( 18.45000000002912088, 0.7999999999999999334, -28.40000000000886260 ) ) ;
#155 = ORIENTED_EDGE ( 'NONE', *, *, #1533, .F. ) ;
#156 = AXIS2_PLACEMENT_3D ( 'NONE', #935, #1362, #946 ) ;
#157 = EDGE_CURVE ( 'NONE', #1816, #1058, #1756, .T. ) ;
#158 = FACE_OUTER_BOUND ( 'NONE', #1505, .T. ) ;
#159 = CARTESIAN_POINT ( 'NONE',  ( 15.99999999999969802, 4.000000000000000000, 25.20000000000004903 ) ) ;
#160 = AXIS2_PLACEMENT_3D ( 'NONE', #56, #468, #2108 ) ;
#161 = EDGE_CURVE ( 'NONE', #2545, #1669, #531, .T. ) ;
#162 = CARTESIAN_POINT ( 'NONE',  ( 15.99999999999969802, 4.000000000000000000, 28.13953339543465404 ) ) ;
#163 = CIRCLE ( 'NONE', #1524, 1.024999999999991251 ) ;
#164 = DIRECTION ( 'NONE',  ( 0.000000000000000000, 0.000000000000000000, -1.000000000000000000 ) ) ;
#165 = CYLINDRICAL_SURFACE ( 'NONE', #1260, 3.599999999999999201 ) ;
#166 = VECTOR ( 'NONE', #1959, 1000.000000000000000 ) ;
#167 = VERTEX_POINT ( 'NONE', #1592 ) ;
#168 = AXIS2_PLACEMENT_3D ( 'NONE', #2638, #771, #1406 ) ;
#169 = ORIENTED_EDGE ( 'NONE', *, *, #1778, .T. ) ;
#170 = VECTOR ( 'NONE', #1067, 1000.000000000000000 ) ;
#171 = ORIENTED_EDGE ( 'NONE', *, *, #1499, .T. ) ;
#172 = CARTESIAN_POINT ( 'NONE',  ( 15.99999999999969802, 11.00000000000000000, -29.20000000000013429 ) ) ;
#173 = EDGE_LOOP ( 'NONE', ( #2511, #804, #932, #2406 ) ) ;
#174 = LINE ( 'NONE', #549, #788 ) ;
#175 = CARTESIAN_POINT ( 'NONE',  ( 16.39999999999999858, 1.000000000000000000, 32.04999999999999716 ) ) ;
#176 = FACE_OUTER_BOUND ( 'NONE', #908, .T. ) ;
#177 = DIRECTION ( 'NONE',  ( -0.000000000000000000, 1.000000000000000000, -0.000000000000000000 ) ) ;
#178 = ORIENTED_EDGE ( 'NONE', *, *, #72, .F. ) ;
#179 = DIRECTION ( 'NONE',  ( -0.000000000000000000, 1.000000000000000000, -0.000000000000000000 ) ) ;
#180 = DIRECTION ( 'NONE',  ( -0.000000000000000000, -1.000000000000000000, -0.000000000000000000 ) ) ;
#181 = ADVANCED_FACE ( 'NONE', ( #1387, #562, #1989, #1184, #2166, #1604 ), #741, .T. ) ;
#182 = EDGE_CURVE ( 'NONE', #984, #2175, #825, .T. ) ;
#183 = ORIENTED_EDGE ( 'NONE', *, *, #281, .F. ) ;
#184 = CARTESIAN_POINT ( 'NONE',  ( 11.99999999999969802, 8.299999999999998934, -26.20000000000004903 ) ) ;
#185 = ORIENTED_EDGE ( 'NONE', *, *, #2331, .T. ) ;
#186 = DIRECTION ( 'NONE',  ( -0.000000000000000000, -1.000000000000000000, -0.000000000000000000 ) ) ;
#187 = ORIENTED_EDGE ( 'NONE', *, *, #2158, .F. ) ;
#188 = DIRECTION ( 'NONE',  ( 0.000000000000000000, 1.000000000000000000, 0.000000000000000000 ) ) ;
#189 = DIRECTION ( 'NONE',  ( -1.000000000000000000, 0.000000000000000000, 0.000000000000000000 ) ) ;
#190 = FACE_OUTER_BOUND ( 'NONE', #1808, .T. ) ;
#191 = ORIENTED_EDGE ( 'NONE', *, *, #1718, .F. ) ;
#192 = EDGE_CURVE ( 'NONE', #661, #55, #277, .T. ) ;
#193 = ORIENTED_EDGE ( 'NONE', *, *, #57, .F. ) ;
#194 = ADVANCED_FACE ( 'NONE', ( #147 ), #2399, .T. ) ;
#195 = DIRECTION ( 'NONE',  ( -0.000000000000000000, -1.000000000000000000, -0.000000000000000000 ) ) ;
#196 = ORIENTED_EDGE ( 'NONE', *, *, #860, .T. ) ;
#197 = DIRECTION ( 'NONE',  ( 0.000000000000000000, 0.000000000000000000, 1.000000000000000000 ) ) ;
#198 = VERTEX_POINT ( 'NONE', #162 ) ;
#199 = CARTESIAN_POINT ( 'NONE',  ( -17.26241927087684402, 0.02893106852508085108, 31.18192572103091109 ) ) ;
#200 = LINE ( 'NONE', #1002, #1568 ) ;
#201 = VECTOR ( 'NONE', #768, 1000.000000000000000 ) ;
#202 = ORIENTED_EDGE ( 'NONE', *, *, #2629, .T. ) ;
#203 = CARTESIAN_POINT ( 'NONE',  ( -19.40701092333121736, 0.08652517859453021098, -27.83101455164194249 ) ) ;
#204 = VECTOR ( 'NONE', #252, 1000.000000000000000 ) ;
#205 = AXIS2_PLACEMENT_3D ( 'NONE', #2137, #1117, #1903 ) ;
#206 = ORIENTED_EDGE ( 'NONE', *, *, #789, .T. ) ;
#207 = CIRCLE ( 'NONE', #1707, 2.599999999999998312 ) ;
#208 = CARTESIAN_POINT ( 'NONE',  ( 11.99999999999970512, 6.699999999999999289, 28.13953339543465404 ) ) ;
#209 = VECTOR ( 'NONE', #1466, 1000.000000000000000 ) ;
#210 = ADVANCED_FACE ( 'NONE', ( #118 ), #2608, .F. ) ;
#211 = EDGE_LOOP ( 'NONE', ( #2376, #733, #196, #1229, #404, #2310, #1366, #2474, #1638, #1678, #379, #2439, #104, #586, #800, #2256, #905, #449, #2075, #1414 ) ) ;
#212 = PLANE ( 'NONE',  #1792 ) ;
#213 = ORIENTED_EDGE ( 'NONE', *, *, #882, .T. ) ;
#214 = LINE ( 'NONE', #386, #2126 ) ;
#215 = DIRECTION ( 'NONE',  ( -0.000000000000000000, -1.000000000000000000, -0.000000000000000000 ) ) ;
#216 = EDGE_LOOP ( 'NONE', ( #322, #980, #1173, #1123, #2186 ) ) ;
#217 = ORIENTED_EDGE ( 'NONE', *, *, #286, .T. ) ;
#218 = DIRECTION ( 'NONE',  ( -1.000000000000000000, 0.000000000000000000, 4.260257193496409066E-16 ) ) ;
#219 = LINE ( 'NONE', #228, #451 ) ;
#220 = ADVANCED_FACE ( 'NONE', ( #963 ), #1564, .T. ) ;
#221 = CARTESIAN_POINT ( 'NONE',  ( 15.99999999999970157, 4.000000000000000000, -26.20000000000005258 ) ) ;
#222 = ADVANCED_FACE ( 'NONE', ( #1376 ), #2577, .T. ) ;
#223 = PLANE ( 'NONE',  #2470 ) ;
#224 = CARTESIAN_POINT ( 'NONE',  ( -18.74584691712826512, 0.04047691807959884897, 30.17209394964169888 ) ) ;
#225 = ORIENTED_EDGE ( 'NONE', *, *, #1733, .F. ) ;
#226 = ORIENTED_EDGE ( 'NONE', *, *, #2555, .F. ) ;
#227 = CARTESIAN_POINT ( 'NONE',  ( 15.99999999999969802, 4.000000000000000000, -29.20000000000002416 ) ) ;
#228 = CARTESIAN_POINT ( 'NONE',  ( 0.000000000000000000, 8.299999999999998934, -26.20000000000004903 ) ) ;
#229 = VERTEX_POINT ( 'NONE', #1550 ) ;
#230 = DIRECTION ( 'NONE',  ( -1.082510749439505329E-16, 0.000000000000000000, -1.000000000000000000 ) ) ;
#231 = ADVANCED_FACE ( 'NONE', ( #521 ), #1343, .F. ) ;
#232 = CARTESIAN_POINT ( 'NONE',  ( 19.38333564412775445, 0.07471786857598186615, -27.97587940515758831 ) ) ;
#233 = CIRCLE ( 'NONE', #1172, 0.6499999999803398598 ) ;
#234 = CARTESIAN_POINT ( 'NONE',  ( -20.00000000000001066, 2.000000000000000000, -28.44999999999999574 ) ) ;
#235 = EDGE_CURVE ( 'NONE', #1839, #633, #344, .T. ) ;
#236 = AXIS2_PLACEMENT_3D ( 'NONE', #2365, #1576, #2397 ) ;
#237 = ORIENTED_EDGE ( 'NONE', *, *, #641, .F. ) ;
#238 = VERTEX_POINT ( 'NONE', #1096 ) ;
#239 = CIRCLE ( 'NONE', #578, 3.599999999999999201 ) ;
#240 = AXIS2_PLACEMENT_3D ( 'NONE', #1844, #389, #2429 ) ;
#241 = LINE ( 'NONE', #475, #2295 ) ;
#242 = AXIS2_PLACEMENT_3D ( 'NONE', #1215, #2393, #140 ) ;
#243 = LINE ( 'NONE', #614, #1705 ) ;
#244 = EDGE_LOOP ( 'NONE', ( #1194, #1749, #2643, #1545 ) ) ;
#245 = DIRECTION ( 'NONE',  ( 0.000000000000000000, 0.000000000000000000, 1.000000000000000000 ) ) ;
#246 = CARTESIAN_POINT ( 'NONE',  ( 18.45000000002911378, 0.7999999999999999334, 27.74999999997146460 ) ) ;
#247 = VECTOR ( 'NONE', #854, 1000.000000000000000 ) ;
#248 = CARTESIAN_POINT ( 'NONE',  ( 19.27836620762112574, 0.03791606746290066693, -28.23574309707275276 ) ) ;
#249 = FACE_OUTER_BOUND ( 'NONE', #130, .T. ) ;
#250 = CARTESIAN_POINT ( 'NONE',  ( -15.77500000000008740, 4.000000000000000000, 29.99999999999998224 ) ) ;
#251 = EDGE_CURVE ( 'NONE', #999, #2545, #653, .T. ) ;
#252 = DIRECTION ( 'NONE',  ( 0.000000000000000000, 0.000000000000000000, 1.000000000000000000 ) ) ;
#253 = ORIENTED_EDGE ( 'NONE', *, *, #2386, .T. ) ;
#254 = ORIENTED_EDGE ( 'NONE', *, *, #944, .T. ) ;
#255 = EDGE_CURVE ( 'NONE', #1430, #1669, #1909, .T. ) ;
#256 = DIRECTION ( 'NONE',  ( 1.000000000000000000, 0.000000000000000000, -3.686287386450762407E-15 ) ) ;
#257 = DIRECTION ( 'NONE',  ( -1.000000000000000000, 0.000000000000000000, 2.011273595384049225E-15 ) ) ;
#258 = ORIENTED_EDGE ( 'NONE', *, *, #1166, .F. ) ;
#259 = DIRECTION ( 'NONE',  ( -0.000000000000000000, 1.000000000000000000, -0.000000000000000000 ) ) ;
#260 = CARTESIAN_POINT ( 'NONE',  ( 11.99999999999970512, 4.000000000000000000, 28.13953339543465404 ) ) ;
#261 = CARTESIAN_POINT ( 'NONE',  ( 19.99999999999999645, 2.000000000000000000, 28.44999999999999574 ) ) ;
#262 = ORIENTED_EDGE ( 'NONE', *, *, #1382, .T. ) ;
#263 = EDGE_CURVE ( 'NONE', #1488, #2447, #1286, .T. ) ;
#264 = CARTESIAN_POINT ( 'NONE',  ( 18.45000000002911378, 0.8000000000000000444, 28.69999999995167528 ) ) ;
#265 = LINE ( 'NONE', #1435, #2214 ) ;
#266 = ADVANCED_FACE ( 'NONE', ( #1064 ), #861, .F. ) ;
#267 = VERTEX_POINT ( 'NONE', #877 ) ;
#268 = ORIENTED_EDGE ( 'NONE', *, *, #263, .T. ) ;
#269 = CARTESIAN_POINT ( 'NONE',  ( 19.99999999999999645, 1.000000000000000000, 28.44999999999999574 ) ) ;
#270 = DIRECTION ( 'NONE',  ( -0.000000000000000000, -1.000000000000000000, -0.000000000000000000 ) ) ;
#271 = DIRECTION ( 'NONE',  ( 0.000000000000000000, 0.000000000000000000, -1.000000000000000000 ) ) ;
#272 = LINE ( 'NONE', #2270, #870 ) ;
#273 = DIRECTION ( 'NONE',  ( -1.000000000000000000, 0.000000000000000000, 3.469446951953614189E-15 ) ) ;
#274 = ORIENTED_EDGE ( 'NONE', *, *, #1295, .F. ) ;
#275 = DIRECTION ( 'NONE',  ( 0.000000000000000000, 0.000000000000000000, -1.000000000000000000 ) ) ;
#276 = CARTESIAN_POINT ( 'NONE',  ( 16.79999999999969873, 4.000000000000000000, 26.00000000000004619 ) ) ;
#277 = CIRCLE ( 'NONE', #483, 3.599999999999999201 ) ;
#278 = ORIENTED_EDGE ( 'NONE', *, *, #2125, .F. ) ;
#279 = DIRECTION ( 'NONE',  ( 1.000000000000000000, 0.000000000000000000, 0.000000000000000000 ) ) ;
#280 = CIRCLE ( 'NONE', #1787, 1.000000000000000888 ) ;
#281 = EDGE_CURVE ( 'NONE', #238, #927, #1520, .T. ) ;
#282 = ORIENTED_EDGE ( 'NONE', *, *, #1748, .T. ) ;
#283 = DIRECTION ( 'NONE',  ( 0.000000000000000000, 0.000000000000000000, -1.000000000000000000 ) ) ;
#284 = VECTOR ( 'NONE', #215, 1000.000000000000000 ) ;
#285 = ORIENTED_EDGE ( 'NONE', *, *, #1413, .T. ) ;
#286 = EDGE_CURVE ( 'NONE', #55, #554, #738, .T. ) ;
#287 = VECTOR ( 'NONE', #1152, 1000.000000000000000 ) ;
#288 = ORIENTED_EDGE ( 'NONE', *, *, #1216, .F. ) ;
#289 = AXIS2_PLACEMENT_3D ( 'NONE', #2617, #777, #2658 ) ;
#290 = DIRECTION ( 'NONE',  ( 0.000000000000000000, -1.000000000000000000, 0.000000000000000000 ) ) ;
#291 = LINE ( 'NONE', #1079, #2034 ) ;
#292 = DIRECTION ( 'NONE',  ( 1.082510749439505329E-16, -0.000000000000000000, 1.000000000000000000 ) ) ;
#293 = CARTESIAN_POINT ( 'NONE',  ( 16.79999999999969873, 4.000000000000000000, -26.00000000000005329 ) ) ;
#294 = VECTOR ( 'NONE', #896, 1000.000000000000000 ) ;
#295 = CARTESIAN_POINT ( 'NONE',  ( -17.14999999999990266, 4.000000000000000000, 28.13953339543465759 ) ) ;
#296 = DIRECTION ( 'NONE',  ( -1.000000000000000000, 0.000000000000000000, 0.000000000000000000 ) ) ;
#297 = PLANE ( 'NONE',  #1747 ) ;
#298 = PLANE ( 'NONE',  #2509 ) ;
#299 = VERTEX_POINT ( 'NONE', #1124 ) ;
#300 = ORIENTED_EDGE ( 'NONE', *, *, #251, .F. ) ;
#301 = EDGE_LOOP ( 'NONE', ( #2605, #1871, #258, #548 ) ) ;
#302 = EDGE_CURVE ( 'NONE', #2447, #1836, #1976, .T. ) ;
#303 = FACE_OUTER_BOUND ( 'NONE', #211, .T. ) ;
#304 = FACE_OUTER_BOUND ( 'NONE', #1251, .T. ) ;
#305 = LINE ( 'NONE', #1936, #2302 ) ;
#306 = EDGE_CURVE ( 'NONE', #1088, #1062, #865, .T. ) ;
#307 = CARTESIAN_POINT ( 'NONE',  ( 15.99999999999969802, 4.000000000000000000, -29.20000000000002416 ) ) ;
#308 = FACE_OUTER_BOUND ( 'NONE', #1155, .T. ) ;
#309 = DIRECTION ( 'NONE',  ( 0.000000000000000000, 1.000000000000000000, 0.000000000000000000 ) ) ;
#310 = ORIENTED_EDGE ( 'NONE', *, *, #1407, .T. ) ;
#311 = CARTESIAN_POINT ( 'NONE',  ( 16.39999999999999858, 2.000000000000000000, 28.44999999999999574 ) ) ;
#312 = ORIENTED_EDGE ( 'NONE', *, *, #1502, .T. ) ;
#313 = DIRECTION ( 'NONE',  ( 0.000000000000000000, -1.000000000000000000, 0.000000000000000000 ) ) ;
#314 = ORIENTED_EDGE ( 'NONE', *, *, #1153, .F. ) ;
#315 = DIRECTION ( 'NONE',  ( -0.000000000000000000, 0.000000000000000000, -1.000000000000000000 ) ) ;
#316 = PLANE ( 'NONE',  #1221 ) ;
#317 = LINE ( 'NONE', #536, #528 ) ;
#318 = CARTESIAN_POINT ( 'NONE',  ( -17.80594073598432914, 0.8000000000000000444, 30.38953339540619325 ) ) ;
#319 = DIRECTION ( 'NONE',  ( -1.000000000000000000, 0.000000000000000000, 1.383627897092473270E-16 ) ) ;
#320 = ADVANCED_FACE ( 'NONE', ( #726 ), #1985, .T. ) ;
#321 = DIRECTION ( 'NONE',  ( 0.000000000000000000, 0.000000000000000000, 1.000000000000000000 ) ) ;
#322 = ORIENTED_EDGE ( 'NONE', *, *, #626, .T. ) ;
#323 = CARTESIAN_POINT ( 'NONE',  ( -18.44999999997027729, 2.000000000000000000, -27.75000000002852474 ) ) ;
#324 = VERTEX_POINT ( 'NONE', #1144 ) ;
#325 = CIRCLE ( 'NONE', #408, 1.024999999999991251 ) ;
#326 = CARTESIAN_POINT ( 'NONE',  ( 18.45000000002912088, 2.000000000000000000, -27.75000000002852119 ) ) ;
#327 = AXIS2_PLACEMENT_3D ( 'NONE', #1085, #2494, #645 ) ;
#328 = CARTESIAN_POINT ( 'NONE',  ( 18.45000000002912088, 2.000000000000000000, -27.75000000002852119 ) ) ;
#329 = CIRCLE ( 'NONE', #712, 0.9499999999802097861 ) ;
#330 = DIRECTION ( 'NONE',  ( -1.000000000000000000, -0.000000000000000000, -0.000000000000000000 ) ) ;
#331 = VECTOR ( 'NONE', #1170, 1000.000000000000000 ) ;
#332 = CARTESIAN_POINT ( 'NONE',  ( -16.40000000000000568, 1.000000000000000000, 28.44999999999999574 ) ) ;
#333 = CARTESIAN_POINT ( 'NONE',  ( 16.04999999999969873, 8.299999999999998934, -26.20000000000004903 ) ) ;
#334 = PLANE ( 'NONE',  #1305 ) ;
#335 = AXIS2_PLACEMENT_3D ( 'NONE', #1574, #1142, #1776 ) ;
#336 = ADVANCED_FACE ( 'NONE', ( #366 ), #2409, .F. ) ;
#337 = ORIENTED_EDGE ( 'NONE', *, *, #1646, .F. ) ;
#338 = ADVANCED_FACE ( 'NONE', ( #958 ), #2561, .T. ) ;
#339 = ORIENTED_EDGE ( 'NONE', *, *, #1347, .T. ) ;
#340 = DIRECTION ( 'NONE',  ( 0.000000000000000000, 0.000000000000000000, -1.000000000000000000 ) ) ;
#341 = EDGE_LOOP ( 'NONE', ( #695, #2218, #67, #1138, #2437 ) ) ;
#342 = LINE ( 'NONE', #114, #370 ) ;
#343 = CARTESIAN_POINT ( 'NONE',  ( 19.99999999999998934, 2.000000000000000000, -28.44999999999999574 ) ) ;
#344 = LINE ( 'NONE', #1782, #2333 ) ;
#345 = DIRECTION ( 'NONE',  ( -0.000000000000000000, 1.000000000000000000, -0.000000000000000000 ) ) ;
#346 = CARTESIAN_POINT ( 'NONE',  ( -16.79999999999989058, 4.000000000000000000, -30.00000000000001776 ) ) ;
#347 =( LENGTH_UNIT ( ) NAMED_UNIT ( * ) SI_UNIT ( .MILLI., .METRE. ) );
#348 = ORIENTED_EDGE ( 'NONE', *, *, #1533, .T. ) ;
#349 = EDGE_CURVE ( 'NONE', #19, #2443, #1339, .T. ) ;
#350 = ADVANCED_FACE ( 'NONE', ( #1156 ), #1179, .T. ) ;
#351 = DIRECTION ( 'NONE',  ( -1.000000000000000000, 0.000000000000000000, 0.000000000000000000 ) ) ;
#352 = CARTESIAN_POINT ( 'NONE',  ( -17.14999999999990266, 4.000000000000000000, 28.13953339543465759 ) ) ;
#353 = EDGE_LOOP ( 'NONE', ( #2620, #996, #529, #2373, #437, #262, #476 ) ) ;
#354 = CARTESIAN_POINT ( 'NONE',  ( -13.14999999999990088, 6.099999999999998757, 26.10657921192203901 ) ) ;
#355 = CARTESIAN_POINT ( 'NONE',  ( 16.39999999999999147, 0.000000000000000000, -28.44999999999999574 ) ) ;
#356 = CARTESIAN_POINT ( 'NONE',  ( 18.45000000002911378, 2.000000000000000000, 27.74999999997146460 ) ) ;
#357 = CARTESIAN_POINT ( 'NONE',  ( 11.99999999999969980, 1.000000000000000000, -26.20000000000004903 ) ) ;
#358 = CARTESIAN_POINT ( 'NONE',  ( -19.00000000000000355, 0.000000000000000000, 28.44999999999999574 ) ) ;
#359 = DIRECTION ( 'NONE',  ( 0.000000000000000000, 0.000000000000000000, -1.000000000000000000 ) ) ;
#360 = DIRECTION ( 'NONE',  ( -1.000000000000000000, 0.000000000000000000, 1.046590332414376300E-16 ) ) ;
#361 = ORIENTED_EDGE ( 'NONE', *, *, #575, .F. ) ;
#362 = CIRCLE ( 'NONE', #744, 0.9499999999802097861 ) ;
#363 = DIRECTION ( 'NONE',  ( -0.000000000000000000, -1.000000000000000000, -0.000000000000000000 ) ) ;
#364 = ORIENTED_EDGE ( 'NONE', *, *, #157, .F. ) ;
#365 = VECTOR ( 'NONE', #933, 1000.000000000000000 ) ;
#366 = FACE_OUTER_BOUND ( 'NONE', #1512, .T. ) ;
#367 = EDGE_CURVE ( 'NONE', #1542, #813, #144, .T. ) ;
#368 = CARTESIAN_POINT ( 'NONE',  ( 18.45000000002912088, 0.000000000000000000, -27.75000000002852119 ) ) ;
#369 = UNCERTAINTY_MEASURE_WITH_UNIT (LENGTH_MEASURE( 1.000000000000000082E-05 ), #698, 'distance_accuracy_value', 'NONE');
#370 = VECTOR ( 'NONE', #1329, 1000.000000000000000 ) ;
#371 = DIRECTION ( 'NONE',  ( -0.000000000000000000, -1.000000000000000000, -0.000000000000000000 ) ) ;
#372 = VECTOR ( 'NONE', #2640, 1000.000000000000000 ) ;
#373 = DIRECTION ( 'NONE',  ( -1.000000000000000000, 0.000000000000000000, 0.000000000000000000 ) ) ;
#374 = EDGE_CURVE ( 'NONE', #28, #229, #658, .T. ) ;
#375 = CYLINDRICAL_SURFACE ( 'NONE', #2292, 0.9499999999802097861 ) ;
#376 = VECTOR ( 'NONE', #2076, 1000.000000000000000 ) ;
#377 = DIRECTION ( 'NONE',  ( -1.000000000000000000, 0.000000000000000000, -0.000000000000000000 ) ) ;
#378 = VECTOR ( 'NONE', #847, 1000.000000000000000 ) ;
#379 = ORIENTED_EDGE ( 'NONE', *, *, #1684, .F. ) ;
#380 = AXIS2_PLACEMENT_3D ( 'NONE', #326, #2558, #340 ) ;
#381 = LINE ( 'NONE', #1024, #1141 ) ;
#382 = DIRECTION ( 'NONE',  ( 1.000000000000000000, 0.000000000000000000, 0.000000000000000000 ) ) ;
#383 = ORIENTED_EDGE ( 'NONE', *, *, #1684, .T. ) ;
#384 = CARTESIAN_POINT ( 'NONE',  ( -15.99999999999989342, 4.099999999999998757, -26.20000000000004903 ) ) ;
#385 = ORIENTED_EDGE ( 'NONE', *, *, #2610, .T. ) ;
#386 = CARTESIAN_POINT ( 'NONE',  ( -16.40000000000000568, 2.000000000000000000, 32.04999999999999716 ) ) ;
#387 = EDGE_CURVE ( 'NONE', #2114, #2570, #1779, .T. ) ;
#388 = LINE ( 'NONE', #1185, #2477 ) ;
#389 = DIRECTION ( 'NONE',  ( -0.000000000000000000, -1.000000000000000000, -0.000000000000000000 ) ) ;
#390 = ADVANCED_FACE ( 'NONE', ( #113 ), #2202, .F. ) ;
#391 = DIRECTION ( 'NONE',  ( 0.000000000000000000, 0.000000000000000000, 1.000000000000000000 ) ) ;
#392 = ORIENTED_EDGE ( 'NONE', *, *, #1681, .T. ) ;
#393 = DIRECTION ( 'NONE',  ( 0.000000000000000000, 0.000000000000000000, 1.000000000000000000 ) ) ;
#394 = EDGE_LOOP ( 'NONE', ( #152, #2050, #1826, #1164 ) ) ;
#395 = LINE ( 'NONE', #2008, #1310 ) ;
#396 = ADVANCED_FACE ( 'NONE', ( #2583 ), #2002, .F. ) ;
#397 = CARTESIAN_POINT ( 'NONE',  ( -16.79999999999989058, 4.000000000000000000, -30.00000000000001776 ) ) ;
#398 = EDGE_CURVE ( 'NONE', #2570, #719, #174, .T. ) ;
#399 = ORIENTED_EDGE ( 'NONE', *, *, #1429, .F. ) ;
#400 = DIRECTION ( 'NONE',  ( -1.300891376845288315E-16, 0.000000000000000000, -1.000000000000000000 ) ) ;
#401 = CARTESIAN_POINT ( 'NONE',  ( 19.38920974768879901, 0.07879974307607903738, 27.54920578962069655 ) ) ;
#402 = VERTEX_POINT ( 'NONE', #354 ) ;
#403 = CARTESIAN_POINT ( 'NONE',  ( 15.99999999999969802, 11.00000000000000000, -26.20000000000004903 ) ) ;
#404 = ORIENTED_EDGE ( 'NONE', *, *, #91, .F. ) ;
#405 = AXIS2_PLACEMENT_3D ( 'NONE', #1188, #1970, #761 ) ;
#406 = ORIENTED_EDGE ( 'NONE', *, *, #2519, .T. ) ;
#407 = AXIS2_PLACEMENT_3D ( 'NONE', #1358, #1535, #1328 ) ;
#408 = AXIS2_PLACEMENT_3D ( 'NONE', #1037, #616, #29 ) ;
#409 = DIRECTION ( 'NONE',  ( -0.000000000000000000, 0.000000000000000000, 1.000000000000000000 ) ) ;
#410 = LINE ( 'NONE', #1864, #2345 ) ;
#411 = EDGE_LOOP ( 'NONE', ( #2627, #1656 ) ) ;
#412 = AXIS2_PLACEMENT_3D ( 'NONE', #2475, #1695, #283 ) ;
#413 = EDGE_LOOP ( 'NONE', ( #1205, #2268, #1360, #2014 ) ) ;
#414 = ADVANCED_FACE ( 'NONE', ( #158 ), #630, .F. ) ;
#415 = VECTOR ( 'NONE', #1783, 1000.000000000000000 ) ;
#416 = PLANE ( 'NONE',  #585 ) ;
#417 = ORIENTED_EDGE ( 'NONE', *, *, #978, .T. ) ;
#418 = CARTESIAN_POINT ( 'NONE',  ( 17.94999999999990692, 4.000000000000000000, -26.00000000000005329 ) ) ;
#419 = ADVANCED_FACE ( 'NONE', ( #1401 ), #1851, .T. ) ;
#420 = ORIENTED_EDGE ( 'NONE', *, *, #2224, .T. ) ;
#421 = LINE ( 'NONE', #1451, #1784 ) ;
#422 = FACE_OUTER_BOUND ( 'NONE', #982, .T. ) ;
#423 = LINE ( 'NONE', #1021, #2046 ) ;
#424 = ORIENTED_EDGE ( 'NONE', *, *, #2364, .F. ) ;
#425 = ORIENTED_EDGE ( 'NONE', *, *, #2331, .F. ) ;
#426 = FACE_OUTER_BOUND ( 'NONE', #1239, .T. ) ;
#427 = ADVANCED_FACE ( 'NONE', ( #2621 ), #1001, .F. ) ;
#428 = DIRECTION ( 'NONE',  ( 0.000000000000000000, 0.000000000000000000, -1.000000000000000000 ) ) ;
#429 = ORIENTED_EDGE ( 'NONE', *, *, #846, .F. ) ;
#430 = EDGE_CURVE ( 'NONE', #1923, #106, #421, .T. ) ;
#431 = CARTESIAN_POINT ( 'NONE',  ( 19.19757967289631395, 0.01402363602947841355, -28.35336894506448857 ) ) ;
#432 = FACE_OUTER_BOUND ( 'NONE', #2264, .T. ) ;
#433 = ORIENTED_EDGE ( 'NONE', *, *, #1762, .F. ) ;
#434 = ORIENTED_EDGE ( 'NONE', *, *, #524, .T. ) ;
#435 = CARTESIAN_POINT ( 'NONE',  ( -17.80594073598432914, 2.000000000000000000, 31.03953339538653466 ) ) ;
#436 = CARTESIAN_POINT ( 'NONE',  ( 17.94999999999990692, 2.000000000000000000, 26.00000000000004619 ) ) ;
#437 = ORIENTED_EDGE ( 'NONE', *, *, #607, .T. ) ;
#438 = CARTESIAN_POINT ( 'NONE',  ( 16.79999999999969873, 4.000000000000000000, 26.00000000000004619 ) ) ;
#439 = LINE ( 'NONE', #1462, #910 ) ;
#440 = EDGE_CURVE ( 'NONE', #1493, #1004, #1841, .T. ) ;
#441 = FACE_OUTER_BOUND ( 'NONE', #2618, .T. ) ;
#442 = CARTESIAN_POINT ( 'NONE',  ( 19.11138007859222654, 0.005086551941183813097, -27.06440976997015113 ) ) ;
#443 = AXIS2_PLACEMENT_3D ( 'NONE', #2520, #270, #70 ) ;
#444 = CARTESIAN_POINT ( 'NONE',  ( -18.76342947096246760, 0.1437516127341810779, 30.50751163203021221 ) ) ;
#445 = EDGE_CURVE ( 'NONE', #2408, #2239, #1424, .T. ) ;
#446 = AXIS2_PLACEMENT_3D ( 'NONE', #159, #960, #1800 ) ;
#447 = LINE ( 'NONE', #1265, #204 ) ;
#448 = EDGE_LOOP ( 'NONE', ( #2423, #1372, #1467, #1897 ) ) ;
#449 = ORIENTED_EDGE ( 'NONE', *, *, #1960, .T. ) ;
#450 = AXIS2_PLACEMENT_3D ( 'NONE', #1333, #1150, #1540 ) ;
#451 = VECTOR ( 'NONE', #1682, 1000.000000000000000 ) ;
#452 = DIRECTION ( 'NONE',  ( 1.000000000000000000, 0.000000000000000000, -1.082510749439505329E-16 ) ) ;
#453 = TOROIDAL_SURFACE ( 'NONE', #1089, 2.600000000000000089, 1.000000000000000000 ) ;
#454 = DIRECTION ( 'NONE',  ( 0.000000000000000000, -0.000000000000000000, 1.000000000000000000 ) ) ;
#455 = ORIENTED_EDGE ( 'NONE', *, *, #102, .F. ) ;
#456 = VECTOR ( 'NONE', #2131, 1000.000000000000000 ) ;
#457 = DIRECTION ( 'NONE',  ( 1.000000000000000000, 0.000000000000000000, -3.686287386450762407E-15 ) ) ;
#458 = DIRECTION ( 'NONE',  ( 0.000000000000000000, 0.000000000000000000, 1.000000000000000000 ) ) ;
#459 = DIRECTION ( 'NONE',  ( -0.000000000000000000, -1.000000000000000000, -0.000000000000000000 ) ) ;
#460 = EDGE_CURVE ( 'NONE', #554, #930, #1130, .T. ) ;
#461 = CARTESIAN_POINT ( 'NONE',  ( -15.77500000000008740, 4.000000000000000000, 28.97499999999999076 ) ) ;
#462 = CARTESIAN_POINT ( 'NONE',  ( -17.94999999999990692, 2.000000000000000000, -26.00000000000004619 ) ) ;
#463 = CARTESIAN_POINT ( 'NONE',  ( 16.39999999999999858, 2.000000000000000000, 32.04999999999999716 ) ) ;
#464 = EDGE_CURVE ( 'NONE', #2175, #2059, #2522, .T. ) ;
#465 = ORIENTED_EDGE ( 'NONE', *, *, #1681, .F. ) ;
#466 = DIRECTION ( 'NONE',  ( 0.000000000000000000, -1.000000000000000000, 0.000000000000000000 ) ) ;
#467 = DIRECTION ( 'NONE',  ( 1.000000000000000000, -0.000000000000000000, -0.000000000000000000 ) ) ;
#468 = DIRECTION ( 'NONE',  ( 0.000000000000000000, -1.000000000000000000, 0.000000000000000000 ) ) ;
#469 = CARTESIAN_POINT ( 'NONE',  ( -17.14999999999990976, 4.000000000000000000, -25.20000000000004903 ) ) ;
#470 = CARTESIAN_POINT ( 'NONE',  ( 18.99999999999999645, 1.000000000000000000, 28.44999999999999574 ) ) ;
#471 = CARTESIAN_POINT ( 'NONE',  ( -15.99999999999989342, 4.099999999999998757, -26.20000000000004903 ) ) ;
#472 = ORIENTED_EDGE ( 'NONE', *, *, #2084, .T. ) ;
#473 = ORIENTED_EDGE ( 'NONE', *, *, #1093, .F. ) ;
#474 = EDGE_CURVE ( 'NONE', #2016, #554, #2208, .T. ) ;
#475 = CARTESIAN_POINT ( 'NONE',  ( 0.000000000000000000, 0.000000000000000000, 31.04999999999999361 ) ) ;
#476 = ORIENTED_EDGE ( 'NONE', *, *, #760, .T. ) ;
#477 = LINE ( 'NONE', #1530, #287 ) ;
#478 = EDGE_LOOP ( 'NONE', ( #1887, #217, #2142, #992 ) ) ;
#479 = CARTESIAN_POINT ( 'NONE',  ( -18.44999999997027729, 2.000000000000000000, -28.40000000000886615 ) ) ;
#480 = CARTESIAN_POINT ( 'NONE',  ( 18.45000000002911378, 0.000000000000000000, 27.74999999997146460 ) ) ;
#481 = CARTESIAN_POINT ( 'NONE',  ( -13.14999999999990088, 11.00000000000000000, 28.13953339543465404 ) ) ;
#482 = DIRECTION ( 'NONE',  ( 3.750753461740558307E-15, -0.000000000000000000, 1.000000000000000000 ) ) ;
#483 = AXIS2_PLACEMENT_3D ( 'NONE', #332, #2623, #2369 ) ;
#484 = ORIENTED_EDGE ( 'NONE', *, *, #626, .F. ) ;
#485 = LINE ( 'NONE', #1671, #715 ) ;
#486 = CIRCLE ( 'NONE', #617, 0.6499999999803398598 ) ;
#487 = ADVANCED_FACE ( 'NONE', ( #441 ), #2425, .T. ) ;
#488 = CARTESIAN_POINT ( 'NONE',  ( 15.99999999999969802, 4.000000000000000000, -29.20000000000013429 ) ) ;
#489 = AXIS2_PLACEMENT_3D ( 'NONE', #1566, #2157, #937 ) ;
#490 = ORIENTED_EDGE ( 'NONE', *, *, #740, .T. ) ;
#491 = AXIS2_PLACEMENT_3D ( 'NONE', #480, #1508, #1300 ) ;
#492 = EDGE_CURVE ( 'NONE', #792, #803, #2096, .T. ) ;
#493 = VECTOR ( 'NONE', #563, 1000.000000000000000 ) ;
#494 = CARTESIAN_POINT ( 'NONE',  ( -17.94999999999989981, 4.000000000000000000, 28.93953339543465830 ) ) ;
#495 = CARTESIAN_POINT ( 'NONE',  ( -17.80594073598432914, 0.000000000000000000, 30.38953339540619325 ) ) ;
#496 = LINE ( 'NONE', #471, #456 ) ;
#497 = VECTOR ( 'NONE', #725, 1000.000000000000000 ) ;
#498 = LINE ( 'NONE', #307, #2600 ) ;
#499 = LINE ( 'NONE', #2170, #1003 ) ;
#500 = ORIENTED_EDGE ( 'NONE', *, *, #2647, .T. ) ;
#501 = ORIENTED_EDGE ( 'NONE', *, *, #1753, .F. ) ;
#502 = VERTEX_POINT ( 'NONE', #494 ) ;
#503 = ORIENTED_EDGE ( 'NONE', *, *, #677, .F. ) ;
#504 = ORIENTED_EDGE ( 'NONE', *, *, #2250, .T. ) ;
#505 = ORIENTED_EDGE ( 'NONE', *, *, #978, .F. ) ;
#506 = CARTESIAN_POINT ( 'NONE',  ( 17.94999999999990692, 4.000000000000000000, 26.00000000000004619 ) ) ;
#507 = DIRECTION ( 'NONE',  ( 0.000000000000000000, 0.000000000000000000, 1.000000000000000000 ) ) ;
#508 = ADVANCED_FACE ( 'NONE', ( #303 ), #1316, .F. ) ;
#509 = CARTESIAN_POINT ( 'NONE',  ( -17.14999999999990266, 1.000000000000000888, 26.10657921192203901 ) ) ;
#510 = CARTESIAN_POINT ( 'NONE',  ( -18.44999999997027729, 2.000000000000000000, -27.10000000004818688 ) ) ;
#511 = DIRECTION ( 'NONE',  ( -0.000000000000000000, -1.000000000000000000, -0.000000000000000000 ) ) ;
#512 = CYLINDRICAL_SURFACE ( 'NONE', #489, 0.9499999999802097861 ) ;
#513 = CARTESIAN_POINT ( 'NONE',  ( -15.99999999999989342, 1.000000000000000000, -25.20000000000004903 ) ) ;
#514 = VERTEX_POINT ( 'NONE', #878 ) ;
#515 = ORIENTED_EDGE ( 'NONE', *, *, #1768, .F. ) ;
#516 = CARTESIAN_POINT ( 'NONE',  ( 19.09226162890199774, 0.004265200049556768652, 28.44999999999999574 ) ) ;
#517 = DIRECTION ( 'NONE',  ( -1.000000000000000000, 0.000000000000000000, 0.000000000000000000 ) ) ;
#518 = CARTESIAN_POINT ( 'NONE',  ( -17.80594073598432914, 2.000000000000000000, 30.38953339540619325 ) ) ;
#519 = LINE ( 'NONE', #945, #1395 ) ;
#520 = EDGE_CURVE ( 'NONE', #1283, #2544, #2320, .T. ) ;
#521 = FACE_OUTER_BOUND ( 'NONE', #1589, .T. ) ;
#522 = DIRECTION ( 'NONE',  ( 1.000000000000000000, 0.000000000000000000, -1.046590332414376053E-16 ) ) ;
#523 =( LENGTH_UNIT ( ) NAMED_UNIT ( * ) SI_UNIT ( .MILLI., .METRE. ) );
#524 = EDGE_CURVE ( 'NONE', #37, #49, #2281, .T. ) ;
#525 = ORIENTED_EDGE ( 'NONE', *, *, #1112, .F. ) ;
#526 = VECTOR ( 'NONE', #1287, 1000.000000000000000 ) ;
#527 = VERTEX_POINT ( 'NONE', #727 ) ;
#528 = VECTOR ( 'NONE', #729, 1000.000000000000000 ) ;
#529 = ORIENTED_EDGE ( 'NONE', *, *, #464, .T. ) ;
#530 = CARTESIAN_POINT ( 'NONE',  ( 11.99999999999970512, 6.699999999999999289, 26.10657921192203901 ) ) ;
#531 = CIRCLE ( 'NONE', #2037, 1.000000000000000888 ) ;
#532 = VERTEX_POINT ( 'NONE', #1767 ) ;
#533 = DIRECTION ( 'NONE',  ( 0.000000000000000000, -1.000000000000000000, 0.000000000000000000 ) ) ;
#534 = FACE_OUTER_BOUND ( 'NONE', #2094, .T. ) ;
#535 = VECTOR ( 'NONE', #363, 1000.000000000000000 ) ;
#536 = CARTESIAN_POINT ( 'NONE',  ( -11.99999999999989342, 1.000000000000000000, -0.000000000000000000 ) ) ;
#537 = VECTOR ( 'NONE', #345, 1000.000000000000000 ) ;
#538 = DIRECTION ( 'NONE',  ( 0.000000000000000000, 0.000000000000000000, -1.000000000000000000 ) ) ;
#539 = CARTESIAN_POINT ( 'NONE',  ( 15.99999999999969802, 6.699999999999999289, 26.10657921192203901 ) ) ;
#540 = EDGE_CURVE ( 'NONE', #502, #2344, #342, .T. ) ;
#541 = DIRECTION ( 'NONE',  ( 0.000000000000000000, -1.000000000000000000, 0.000000000000000000 ) ) ;
#542 = AXIS2_PLACEMENT_3D ( 'NONE', #2151, #313, #914 ) ;
#543 = B_SPLINE_CURVE_WITH_KNOTS ( 'NONE', 3,
 ( #2066, #431, #248, #232, #1039, #2312, #1465, #1675, #1876, #442, #1054, #46 ),
 .UNSPECIFIED., .F., .F.,
 ( 4, 2, 2, 2, 2, 4 ),
 ( 0.000000000000000000, 0.0004232633159998933016, 0.0008465266319997866032, 0.001269789947999679959, 0.001481421605999626474, 0.001693053263999573206 ),
 .UNSPECIFIED. ) ;
#544 = EDGE_CURVE ( 'NONE', #750, #765, #1038, .T. ) ;
#545 = EDGE_LOOP ( 'NONE', ( #874, #600 ) ) ;
#546 = LINE ( 'NONE', #1534, #497 ) ;
#547 = FACE_OUTER_BOUND ( 'NONE', #1628, .T. ) ;
#548 = ORIENTED_EDGE ( 'NONE', *, *, #2279, .T. ) ;
#549 = CARTESIAN_POINT ( 'NONE',  ( 16.04999999999969518, 4.000000000000000000, 28.97499999999999076 ) ) ;
#550 = FACE_OUTER_BOUND ( 'NONE', #1640, .T. ) ;
#551 = DIRECTION ( 'NONE',  ( 0.000000000000000000, 0.000000000000000000, -1.000000000000000000 ) ) ;
#552 = LINE ( 'NONE', #2609, #1227 ) ;
#553 = DIRECTION ( 'NONE',  ( 0.000000000000000000, 0.000000000000000000, -1.000000000000000000 ) ) ;
#554 = VERTEX_POINT ( 'NONE', #175 ) ;
#555 = ORIENTED_EDGE ( 'NONE', *, *, #440, .F. ) ;
#556 = ADVANCED_FACE ( 'NONE', ( #534 ), #316, .F. ) ;
#557 = LINE ( 'NONE', #172, #1750 ) ;
#558 = ADVANCED_FACE ( 'NONE', ( #918 ), #1548, .F. ) ;
#559 = ORIENTED_EDGE ( 'NONE', *, *, #893, .F. ) ;
#560 = DIRECTION ( 'NONE',  ( -1.000000000000000000, 0.000000000000000000, 0.000000000000000000 ) ) ;
#561 = CARTESIAN_POINT ( 'NONE',  ( 17.14999999999990976, 1.000000000000000888, -25.20000000000005613 ) ) ;
#562 = FACE_BOUND ( 'NONE', #1485, .T. ) ;
#563 = DIRECTION ( 'NONE',  ( -0.000000000000000000, -1.000000000000000000, -0.000000000000000000 ) ) ;
#564 = DIRECTION ( 'NONE',  ( -0.000000000000000000, -1.000000000000000000, -0.000000000000000000 ) ) ;
#565 = DIRECTION ( 'NONE',  ( -1.000000000000000000, 0.000000000000000000, -0.000000000000000000 ) ) ;
#566 = ORIENTED_EDGE ( 'NONE', *, *, #1893, .T. ) ;
#567 = ORIENTED_EDGE ( 'NONE', *, *, #728, .T. ) ;
#568 = DIRECTION ( 'NONE',  ( -1.000000000000000000, 0.000000000000000000, -0.000000000000000000 ) ) ;
#569 = VECTOR ( 'NONE', #290, 1000.000000000000000 ) ;
#570 = EDGE_CURVE ( 'NONE', #229, #1004, #2534, .T. ) ;
#571 = ORIENTED_EDGE ( 'NONE', *, *, #161, .T. ) ;
#572 = DIRECTION ( 'NONE',  ( -0.000000000000000000, -1.000000000000000000, -0.000000000000000000 ) ) ;
#573 = ORIENTED_EDGE ( 'NONE', *, *, #1244, .F. ) ;
#574 = VECTOR ( 'NONE', #560, 1000.000000000000000 ) ;
#575 = EDGE_CURVE ( 'NONE', #1575, #1405, #2153, .T. ) ;
#576 = FACE_OUTER_BOUND ( 'NONE', #448, .T. ) ;
#577 = UNCERTAINTY_MEASURE_WITH_UNIT (LENGTH_MEASURE( 1.000000000000000082E-05 ), #1338, 'distance_accuracy_value', 'NONE');
#578 = AXIS2_PLACEMENT_3D ( 'NONE', #2204, #116, #1815 ) ;
#579 = DIRECTION ( 'NONE',  ( 1.000000000000000000, 1.606225440719265874E-16, 0.000000000000000000 ) ) ;
#580 = AXIS2_PLACEMENT_3D ( 'NONE', #1440, #797, #1625 ) ;
#581 = CARTESIAN_POINT ( 'NONE',  ( -17.94999999999989981, 2.000000000000000000, 28.93953339543465830 ) ) ;
#582 = PLANE ( 'NONE',  #580 ) ;
#583 = VECTOR ( 'NONE', #2650, 1000.000000000000000 ) ;
#584 = ORIENTED_EDGE ( 'NONE', *, *, #1212, .T. ) ;
#585 = AXIS2_PLACEMENT_3D ( 'NONE', #2241, #2630, #568 ) ;
#586 = ORIENTED_EDGE ( 'NONE', *, *, #1835, .F. ) ;
#587 = AXIS2_PLACEMENT_3D ( 'NONE', #461, #828, #2656 ) ;
#588 = VERTEX_POINT ( 'NONE', #699 ) ;
#589 = DIRECTION ( 'NONE',  ( -0.000000000000000000, -1.000000000000000000, -0.000000000000000000 ) ) ;
#590 = EDGE_LOOP ( 'NONE', ( #8, #2530, #2450, #647, #278, #829, #193, #745, #2160, #1501, #1279, #1354, #811, #2276, #1450, #1071, #288, #1228 ) ) ;
#591 = CARTESIAN_POINT ( 'NONE',  ( -16.40000000000001279, 1.000000000000000000, -28.44999999999999574 ) ) ;
#592 = ORIENTED_EDGE ( 'NONE', *, *, #1216, .T. ) ;
#593 = ADVANCED_FACE ( 'NONE', ( #674 ), #716, .F. ) ;
#594 = CARTESIAN_POINT ( 'NONE',  ( -15.99999999999989342, 11.00000000000000000, -29.20000000000001705 ) ) ;
#595 = EDGE_CURVE ( 'NONE', #1971, #14, #1053, .T. ) ;
#596 = ORIENTED_EDGE ( 'NONE', *, *, #2325, .T. ) ;
#597 = FACE_OUTER_BOUND ( 'NONE', #1586, .T. ) ;
#598 = LINE ( 'NONE', #1416, #1789 ) ;
#599 = VERTEX_POINT ( 'NONE', #2354 ) ;
#600 = ORIENTED_EDGE ( 'NONE', *, *, #182, .T. ) ;
#601 = CARTESIAN_POINT ( 'NONE',  ( 19.09226162890199774, 0.004265200049556768652, 28.44999999999999574 ) ) ;
#602 = ORIENTED_EDGE ( 'NONE', *, *, #1753, .T. ) ;
#603 = LINE ( 'NONE', #814, #2518 ) ;
#604 = ORIENTED_EDGE ( 'NONE', *, *, #858, .T. ) ;
#605 = PLANE ( 'NONE',  #2468 ) ;
#606 = CARTESIAN_POINT ( 'NONE',  ( 18.45000000002911378, 0.8000000000000000444, 27.74999999997146460 ) ) ;
#607 = EDGE_CURVE ( 'NONE', #765, #588, #1805, .T. ) ;
#608 = DIRECTION ( 'NONE',  ( -1.000000000000000000, 0.000000000000000000, 0.000000000000000000 ) ) ;
#609 = ORIENTED_EDGE ( 'NONE', *, *, #492, .F. ) ;
#610 = EDGE_CURVE ( 'NONE', #984, #2469, #656, .T. ) ;
#611 = ORIENTED_EDGE ( 'NONE', *, *, #817, .F. ) ;
#612 = CARTESIAN_POINT ( 'NONE',  ( -16.40000000000000568, 2.000000000000000000, 32.04999999999999716 ) ) ;
#613 = ORIENTED_EDGE ( 'NONE', *, *, #993, .F. ) ;
#614 = CARTESIAN_POINT ( 'NONE',  ( -16.79938621620986439, 4.000000000000000000, 28.93953339543465830 ) ) ;
#615 = ORIENTED_EDGE ( 'NONE', *, *, #1017, .F. ) ;
#616 = DIRECTION ( 'NONE',  ( 0.000000000000000000, 1.000000000000000000, 0.000000000000000000 ) ) ;
#617 = AXIS2_PLACEMENT_3D ( 'NONE', #356, #2379, #134 ) ;
#618 = CARTESIAN_POINT ( 'NONE',  ( -15.99999999999989342, 1.000000000000000888, -25.20000000000004903 ) ) ;
#619 = DIRECTION ( 'NONE',  ( -0.000000000000000000, -1.000000000000000000, -0.000000000000000000 ) ) ;
#620 = AXIS2_PLACEMENT_3D ( 'NONE', #2246, #409, #965 ) ;
#621 = EDGE_CURVE ( 'NONE', #2545, #1713, #291, .T. ) ;
#622 = VERTEX_POINT ( 'NONE', #1507 ) ;
#623 = VECTOR ( 'NONE', #2200, 1000.000000000000000 ) ;
#624 = ORIENTED_EDGE ( 'NONE', *, *, #2553, .T. ) ;
#625 = AXIS2_PLACEMENT_3D ( 'NONE', #1653, #1847, #393 ) ;
#626 = EDGE_CURVE ( 'NONE', #2443, #1593, #1110, .T. ) ;
#627 = FACE_OUTER_BOUND ( 'NONE', #478, .T. ) ;
#628 = LINE ( 'NONE', #1271, #2598 ) ;
#629 = ORIENTED_EDGE ( 'NONE', *, *, #2348, .T. ) ;
#630 = PLANE ( 'NONE',  #1081 ) ;
#631 = DIRECTION ( 'NONE',  ( -0.000000000000000000, 0.000000000000000000, 1.000000000000000000 ) ) ;
#632 = CARTESIAN_POINT ( 'NONE',  ( -13.14999999999990088, 11.00000000000000000, 0.000000000000000000 ) ) ;
#633 = VERTEX_POINT ( 'NONE', #2311 ) ;
#634 = ORIENTED_EDGE ( 'NONE', *, *, #2314, .T. ) ;
#635 = LINE ( 'NONE', #1457, #2568 ) ;
#636 = EDGE_CURVE ( 'NONE', #927, #2615, #1330, .T. ) ;
#637 = PLANE ( 'NONE',  #833 ) ;
#638 = VERTEX_POINT ( 'NONE', #45 ) ;
#639 = ORIENTED_EDGE ( 'NONE', *, *, #2629, .F. ) ;
#640 = LINE ( 'NONE', #2028, #65 ) ;
#641 = EDGE_CURVE ( 'NONE', #2616, #1868, #87, .T. ) ;
#642 = DIRECTION ( 'NONE',  ( 0.000000000000000000, 1.000000000000000000, 0.000000000000000000 ) ) ;
#643 = PLANE ( 'NONE',  #1140 ) ;
#644 = DIRECTION ( 'NONE',  ( 0.000000000000000000, -1.000000000000000000, 0.000000000000000000 ) ) ;
#645 = DIRECTION ( 'NONE',  ( -0.000000000000000000, 0.000000000000000000, -1.000000000000000000 ) ) ;
#646 = EDGE_LOOP ( 'NONE', ( #1957, #2309, #11, #2103 ) ) ;
#647 = ORIENTED_EDGE ( 'NONE', *, *, #776, .F. ) ;
#648 = CARTESIAN_POINT ( 'NONE',  ( 15.99999999999970157, 4.000000000000000000, 25.20000000000004903 ) ) ;
#649 = CARTESIAN_POINT ( 'NONE',  ( -16.79999999999989058, 4.000000000000000000, -26.00000000000004619 ) ) ;
#650 = ORIENTED_EDGE ( 'NONE', *, *, #944, .F. ) ;
#651 = ORIENTED_EDGE ( 'NONE', *, *, #2420, .T. ) ;
#652 = EDGE_CURVE ( 'NONE', #402, #19, #686, .T. ) ;
#653 = LINE ( 'NONE', #85, #2249 ) ;
#654 = EDGE_CURVE ( 'NONE', #762, #1941, #2210, .T. ) ;
#655 = DIRECTION ( 'NONE',  ( 0.000000000000000000, 0.000000000000000000, 1.000000000000000000 ) ) ;
#656 = LINE ( 'NONE', #1497, #1475 ) ;
#657 = DIRECTION ( 'NONE',  ( 0.000000000000000000, 0.000000000000000000, -1.000000000000000000 ) ) ;
#658 = CIRCLE ( 'NONE', #2163, 0.9499999999802097861 ) ;
#659 = PLANE ( 'NONE',  #801 ) ;
#660 = VECTOR ( 'NONE', #2563, 1000.000000000000000 ) ;
#661 = VERTEX_POINT ( 'NONE', #2296 ) ;
#662 = VERTEX_POINT ( 'NONE', #1913 ) ;
#663 = CIRCLE ( 'NONE', #1137, 0.6499999999803398598 ) ;
#664 = AXIS2_PLACEMENT_3D ( 'NONE', #2275, #1884, #428 ) ;
#665 = DIRECTION ( 'NONE',  ( 0.000000000000000000, 0.000000000000000000, -1.000000000000000000 ) ) ;
#666 = VECTOR ( 'NONE', #189, 1000.000000000000000 ) ;
#667 = CARTESIAN_POINT ( 'NONE',  ( 18.45000000002911378, 2.000000000000000000, 27.74999999997146460 ) ) ;
#668 = VERTEX_POINT ( 'NONE', #73 ) ;
#669 = ORIENTED_EDGE ( 'NONE', *, *, #1927, .F. ) ;
#670 = AXIS2_PLACEMENT_3D ( 'NONE', #1544, #1326, #1944 ) ;
#671 = EDGE_CURVE ( 'NONE', #127, #1493, #907, .T. ) ;
#672 = CARTESIAN_POINT ( 'NONE',  ( -15.77500000000008740, 2.000000000000000000, 29.99999999999998224 ) ) ;
#673 =( NAMED_UNIT ( * ) PLANE_ANGLE_UNIT ( ) SI_UNIT ( $, .RADIAN. ) );
#674 = FACE_OUTER_BOUND ( 'NONE', #353, .T. ) ;
#675 = FACE_OUTER_BOUND ( 'NONE', #2457, .T. ) ;
#676 = DIRECTION ( 'NONE',  ( 0.000000000000000000, 0.000000000000000000, 1.000000000000000000 ) ) ;
#677 = EDGE_CURVE ( 'NONE', #1832, #502, #1099, .T. ) ;
#678 = ORIENTED_EDGE ( 'NONE', *, *, #34, .F. ) ;
#679 = PRESENTATION_STYLE_ASSIGNMENT (( #1511 ) ) ;
#680 = ORIENTED_EDGE ( 'NONE', *, *, #306, .T. ) ;
#681 = DIRECTION ( 'NONE',  ( -0.000000000000000000, 1.000000000000000000, -0.000000000000000000 ) ) ;
#682 = VERTEX_POINT ( 'NONE', #2337 ) ;
#683 = LINE ( 'NONE', #1296, #1619 ) ;
#684 = ORIENTED_EDGE ( 'NONE', *, *, #1499, .F. ) ;
#685 = DIRECTION ( 'NONE',  ( 0.000000000000000000, 0.000000000000000000, 1.000000000000000000 ) ) ;
#686 = LINE ( 'NONE', #1288, #1657 ) ;
#687 = CARTESIAN_POINT ( 'NONE',  ( 11.99999999999969802, 8.299999999999998934, -29.20000000000012008 ) ) ;
#688 = CARTESIAN_POINT ( 'NONE',  ( 19.99999999999998934, 2.000000000000000000, -32.04999999999999716 ) ) ;
#689 = FACE_OUTER_BOUND ( 'NONE', #1051, .T. ) ;
#690 = EDGE_CURVE ( 'NONE', #915, #1493, #903, .T. ) ;
#691 = LINE ( 'NONE', #463, #1223 ) ;
#692 = LINE ( 'NONE', #721, #2122 ) ;
#693 = ADVANCED_FACE ( 'NONE', ( #304 ), #2097, .T. ) ;
#694 = LINE ( 'NONE', #24, #1355 ) ;
#695 = ORIENTED_EDGE ( 'NONE', *, *, #2199, .T. ) ;
#696 = DIRECTION ( 'NONE',  ( 1.263005612727651687E-16, 0.000000000000000000, 1.000000000000000000 ) ) ;
#697 = VERTEX_POINT ( 'NONE', #863 ) ;
#698 =( LENGTH_UNIT ( ) NAMED_UNIT ( * ) SI_UNIT ( .MILLI., .METRE. ) );
#699 = CARTESIAN_POINT ( 'NONE',  ( 19.09226162896419510, 0.004265200055320431637, -28.44999999999999574 ) ) ;
#700 = CARTESIAN_POINT ( 'NONE',  ( -16.40000000000001279, 1.000000000000000000, -32.04999999999999716 ) ) ;
#701 = DIRECTION ( 'NONE',  ( 0.000000000000000000, 0.000000000000000000, -1.000000000000000000 ) ) ;
#702 = VECTOR ( 'NONE', #756, 1000.000000000000000 ) ;
#703 = DIRECTION ( 'NONE',  ( 3.686287386450762407E-15, -0.000000000000000000, 1.000000000000000000 ) ) ;
#704 = AXIS2_PLACEMENT_3D ( 'NONE', #1385, #714, #507 ) ;
#705 = DIRECTION ( 'NONE',  ( -0.000000000000000000, 0.000000000000000000, 1.000000000000000000 ) ) ;
#706 = ORIENTED_EDGE ( 'NONE', *, *, #1974, .F. ) ;
#707 = VECTOR ( 'NONE', #146, 1000.000000000000000 ) ;
#708 = ORIENTED_EDGE ( 'NONE', *, *, #1665, .T. ) ;
#709 = EDGE_CURVE ( 'NONE', #2245, #1488, #2607, .T. ) ;
#710 =( GEOMETRIC_REPRESENTATION_CONTEXT ( 3 ) GLOBAL_UNCERTAINTY_ASSIGNED_CONTEXT ( ( #975 ) ) GLOBAL_UNIT_ASSIGNED_CONTEXT ( ( #523, #924, #2195 ) ) REPRESENTATION_CONTEXT ( 'NONE', 'WORKASPACE' ) );
#711 = ORIENTED_EDGE ( 'NONE', *, *, #1960, .F. ) ;
#712 = AXIS2_PLACEMENT_3D ( 'NONE', #1458, #839, #2093 ) ;
#713 = DIRECTION ( 'NONE',  ( 0.000000000000000000, 0.000000000000000000, -1.000000000000000000 ) ) ;
#714 = DIRECTION ( 'NONE',  ( 0.000000000000000000, 1.000000000000000000, -0.000000000000000000 ) ) ;
#715 = VECTOR ( 'NONE', #2485, 1000.000000000000000 ) ;
#716 = CYLINDRICAL_SURFACE ( 'NONE', #22, 0.9499999999802097861 ) ;
#717 = DIRECTION ( 'NONE',  ( -1.000000000000000000, 0.000000000000000000, 0.000000000000000000 ) ) ;
#718 = DIRECTION ( 'NONE',  ( -0.000000000000000000, -1.000000000000000000, -0.000000000000000000 ) ) ;
#719 = VERTEX_POINT ( 'NONE', #1966 ) ;
#720 = DIRECTION ( 'NONE',  ( 0.000000000000000000, -1.000000000000000000, 0.000000000000000000 ) ) ;
#721 = CARTESIAN_POINT ( 'NONE',  ( -17.14999999999990266, 1.000000000000000888, 26.10657921192203901 ) ) ;
#722 = ORIENTED_EDGE ( 'NONE', *, *, #671, .F. ) ;
#723 = ORIENTED_EDGE ( 'NONE', *, *, #1910, .T. ) ;
#724 = EDGE_CURVE ( 'NONE', #1819, #93, #519, .T. ) ;
#725 = DIRECTION ( 'NONE',  ( 0.000000000000000000, 0.000000000000000000, 1.000000000000000000 ) ) ;
#726 = FACE_OUTER_BOUND ( 'NONE', #2533, .T. ) ;
#727 = CARTESIAN_POINT ( 'NONE',  ( 17.14999999999990976, 4.000000000000000000, 25.20000000000004903 ) ) ;
#728 = EDGE_CURVE ( 'NONE', #662, #999, #239, .T. ) ;
#729 = DIRECTION ( 'NONE',  ( 0.000000000000000000, 0.000000000000000000, -1.000000000000000000 ) ) ;
#730 = DIRECTION ( 'NONE',  ( 0.000000000000000000, -0.000000000000000000, 1.000000000000000000 ) ) ;
#731 = LINE ( 'NONE', #2538, #1270 ) ;
#732 = DIRECTION ( 'NONE',  ( -0.000000000000000000, 1.000000000000000000, -0.000000000000000000 ) ) ;
#733 = ORIENTED_EDGE ( 'NONE', *, *, #1714, .T. ) ;
#734 = ORIENTED_EDGE ( 'NONE', *, *, #1633, .T. ) ;
#735 = CARTESIAN_POINT ( 'NONE',  ( 16.04999999999969873, 4.000000000000000000, -25.20000000000004903 ) ) ;
#736 = ORIENTED_EDGE ( 'NONE', *, *, #1601, .F. ) ;
#737 = EDGE_CURVE ( 'NONE', #1297, #1713, #1769, .T. ) ;
#738 = LINE ( 'NONE', #1590, #365 ) ;
#739 = DIRECTION ( 'NONE',  ( -1.046590332414376300E-16, 0.000000000000000000, -1.000000000000000000 ) ) ;
#740 = EDGE_CURVE ( 'NONE', #792, #2613, #1348, .T. ) ;
#741 = PLANE ( 'NONE',  #1654 ) ;
#742 = CARTESIAN_POINT ( 'NONE',  ( 17.94999999999990692, 4.000000000000000000, -26.00000000000005329 ) ) ;
#743 = CARTESIAN_POINT ( 'NONE',  ( 11.99999999999969802, 11.00000000000000000, -29.20000000000012008 ) ) ;
#744 = AXIS2_PLACEMENT_3D ( 'NONE', #2100, #2115, #275 ) ;
#745 = ORIENTED_EDGE ( 'NONE', *, *, #2540, .F. ) ;
#746 = COLOUR_RGB ( '',1.000000000000000000, 1.000000000000000000, 1.000000000000000000 ) ;
#747 = AXIS2_PLACEMENT_3D ( 'NONE', #1603, #1386, #1341 ) ;
#748 = PLANE ( 'NONE',  #335 ) ;
#749 = VECTOR ( 'NONE', #1969, 1000.000000000000000 ) ;
#750 = VERTEX_POINT ( 'NONE', #1181 ) ;
#751 = DIRECTION ( 'NONE',  ( -1.000000000000000000, 0.000000000000000000, -0.000000000000000000 ) ) ;
#752 = AXIS2_PLACEMENT_3D ( 'NONE', #2025, #1825, #2633 ) ;
#753 = DIRECTION ( 'NONE',  ( -1.000000000000000000, 0.000000000000000000, 1.046590332414376300E-16 ) ) ;
#754 = EDGE_CURVE ( 'NONE', #622, #514, #1549, .T. ) ;
#755 = VECTOR ( 'NONE', #179, 1000.000000000000000 ) ;
#756 = DIRECTION ( 'NONE',  ( -1.000000000000000000, 0.000000000000000000, 1.340849063559110902E-16 ) ) ;
#757 = DIRECTION ( 'NONE',  ( -0.000000000000000000, -1.000000000000000000, -0.000000000000000000 ) ) ;
#758 = FACE_OUTER_BOUND ( 'NONE', #1891, .T. ) ;
#759 = VECTOR ( 'NONE', #1732, 1000.000000000000000 ) ;
#760 = EDGE_CURVE ( 'NONE', #1203, #2469, #2428, .T. ) ;
#761 = DIRECTION ( 'NONE',  ( 1.000000000000000000, 0.000000000000000000, 0.000000000000000000 ) ) ;
#762 = VERTEX_POINT ( 'NONE', #2585 ) ;
#763 = SURFACE_STYLE_FILL_AREA ( #1129 ) ;
#764 = VERTEX_POINT ( 'NONE', #2576 ) ;
#765 = VERTEX_POINT ( 'NONE', #2411 ) ;
#766 = FACE_BOUND ( 'NONE', #2372, .T. ) ;
#767 = VERTEX_POINT ( 'NONE', #1780 ) ;
#768 = DIRECTION ( 'NONE',  ( -1.000000000000000000, 2.168404344971008868E-16, 0.000000000000000000 ) ) ;
#769 = CARTESIAN_POINT ( 'NONE',  ( 2.945056361031339826E-15, 11.00000000000000000, 28.13953339543465404 ) ) ;
#770 = DIRECTION ( 'NONE',  ( 1.000000000000000000, 0.000000000000000000, -0.000000000000000000 ) ) ;
#771 = DIRECTION ( 'NONE',  ( 0.000000000000000000, 1.000000000000000000, 0.000000000000000000 ) ) ;
#772 = CARTESIAN_POINT ( 'NONE',  ( -19.27785751821133431, 0.03774053968012851257, -28.23695501634355765 ) ) ;
#773 = ADVANCED_FACE ( 'NONE', ( #2592 ), #2367, .F. ) ;
#774 = ORIENTED_EDGE ( 'NONE', *, *, #737, .T. ) ;
#775 = ORIENTED_EDGE ( 'NONE', *, *, #1735, .T. ) ;
#776 = EDGE_CURVE ( 'NONE', #167, #2544, #1578, .T. ) ;
#777 = DIRECTION ( 'NONE',  ( 0.000000000000000000, -1.000000000000000000, 0.000000000000000000 ) ) ;
#778 = VERTEX_POINT ( 'NONE', #343 ) ;
#779 = DIRECTION ( 'NONE',  ( 0.000000000000000000, 0.000000000000000000, -1.000000000000000000 ) ) ;
#780 = VERTEX_POINT ( 'NONE', #561 ) ;
#781 = FACE_OUTER_BOUND ( 'NONE', #1814, .T. ) ;
#782 = CARTESIAN_POINT ( 'NONE',  ( 16.39999999999999147, 2.000000000000000000, -28.44999999999999574 ) ) ;
#783 = CYLINDRICAL_SURFACE ( 'NONE', #1007, 0.6499999999803398598 ) ;
#784 = DIRECTION ( 'NONE',  ( -0.000000000000000000, 1.000000000000000000, -0.000000000000000000 ) ) ;
#785 = ORIENTED_EDGE ( 'NONE', *, *, #89, .F. ) ;
#786 = ORIENTED_EDGE ( 'NONE', *, *, #1806, .T. ) ;
#787 = DIRECTION ( 'NONE',  ( 2.376333528735352684E-16, -1.000000000000000000, 0.000000000000000000 ) ) ;
#788 = VECTOR ( 'NONE', #1373, 1000.000000000000000 ) ;
#789 = EDGE_CURVE ( 'NONE', #49, #1839, #317, .T. ) ;
#790 = ORIENTED_EDGE ( 'NONE', *, *, #2250, .F. ) ;
#791 = CARTESIAN_POINT ( 'NONE',  ( -17.14999999999990266, 4.000000000000000000, 26.10657921192203901 ) ) ;
#792 = VERTEX_POINT ( 'NONE', #1562 ) ;
#793 = FACE_BOUND ( 'NONE', #411, .T. ) ;
#794 = AXIS2_PLACEMENT_3D ( 'NONE', #819, #2226, #2626 ) ;
#795 = VECTOR ( 'NONE', #467, 1000.000000000000000 ) ;
#796 = CARTESIAN_POINT ( 'NONE',  ( 18.45000000002912088, 0.7999999999999999334, -27.75000000002852119 ) ) ;
#797 = DIRECTION ( 'NONE',  ( 3.686287386450762407E-15, -0.000000000000000000, 1.000000000000000000 ) ) ;
#798 = AXIS2_PLACEMENT_3D ( 'NONE', #796, #1377, #1605 ) ;
#799 = VECTOR ( 'NONE', #1894, 1000.000000000000000 ) ;
#800 = ORIENTED_EDGE ( 'NONE', *, *, #2187, .F. ) ;
#801 = AXIS2_PLACEMENT_3D ( 'NONE', #632, #2271, #1248 ) ;
#802 = CARTESIAN_POINT ( 'NONE',  ( 15.99999999999969802, 11.00000000000000000, 28.13953339543465404 ) ) ;
#803 = VERTEX_POINT ( 'NONE', #1361 ) ;
#804 = ORIENTED_EDGE ( 'NONE', *, *, #1056, .F. ) ;
#805 = CARTESIAN_POINT ( 'NONE',  ( -17.80594073598432914, 0.2102436802232552082, 31.33953339538640037 ) ) ;
#806 = ADVANCED_FACE ( 'NONE', ( #550 ), #1947, .F. ) ;
#807 = CARTESIAN_POINT ( 'NONE',  ( 17.94999999999990692, 4.000000000000000000, 26.00000000000004619 ) ) ;
#808 = ADVANCED_FACE ( 'NONE', ( #781 ), #2192, .F. ) ;
#809 = CARTESIAN_POINT ( 'NONE',  ( -19.19576508708458817, 0.01385550225626755450, -28.35503385763812290 ) ) ;
#810 = DIRECTION ( 'NONE',  ( 1.300891376845288315E-16, 0.000000000000000000, 1.000000000000000000 ) ) ;
#811 = ORIENTED_EDGE ( 'NONE', *, *, #235, .F. ) ;
#812 = PLANE ( 'NONE',  #872 ) ;
#813 = VERTEX_POINT ( 'NONE', #2004 ) ;
#814 = CARTESIAN_POINT ( 'NONE',  ( 18.99999999999999289, 0.000000000000000000, -2.056770423935059485E-15 ) ) ;
#815 = ORIENTED_EDGE ( 'NONE', *, *, #2174, .F. ) ;
#816 = CARTESIAN_POINT ( 'NONE',  ( -17.80594073598432914, 0.8000000000000000444, 30.38953339540619325 ) ) ;
#817 = EDGE_CURVE ( 'NONE', #622, #1614, #486, .T. ) ;
#818 = ORIENTED_EDGE ( 'NONE', *, *, #1972, .F. ) ;
#819 = CARTESIAN_POINT ( 'NONE',  ( 16.39999999999999858, 2.000000000000000000, 28.44999999999999574 ) ) ;
#820 = ADVANCED_FACE ( 'NONE', ( #576 ), #1987, .T. ) ;
#821 = ORIENTED_EDGE ( 'NONE', *, *, #1040, .F. ) ;
#822 = DIRECTION ( 'NONE',  ( 0.000000000000000000, 0.000000000000000000, -1.000000000000000000 ) ) ;
#823 = CARTESIAN_POINT ( 'NONE',  ( 16.39999999999999858, 2.000000000000000000, 32.04999999999999716 ) ) ;
#824 = CIRCLE ( 'NONE', #205, 0.9499999999802097861 ) ;
#825 = CIRCLE ( 'NONE', #63, 0.9499999999802097861 ) ;
#826 = VECTOR ( 'NONE', #879, 1000.000000000000000 ) ;
#827 = CARTESIAN_POINT ( 'NONE',  ( 11.99999999999969802, 8.299999999999998934, -26.20000000000004903 ) ) ;
#828 = DIRECTION ( 'NONE',  ( 0.000000000000000000, 1.000000000000000000, 0.000000000000000000 ) ) ;
#829 = ORIENTED_EDGE ( 'NONE', *, *, #2101, .T. ) ;
#830 = CIRCLE ( 'NONE', #112, 0.6499999999803398598 ) ;
#831 = ADVANCED_FACE ( 'NONE', ( #176 ), #1084, .T. ) ;
#832 = ORIENTED_EDGE ( 'NONE', *, *, #1893, .F. ) ;
#833 = AXIS2_PLACEMENT_3D ( 'NONE', #418, #454, #2106 ) ;
#834 = ORIENTED_EDGE ( 'NONE', *, *, #1781, .F. ) ;
#835 = AXIS2_PLACEMENT_3D ( 'NONE', #1191, #1231, #2038 ) ;
#836 = ADVANCED_FACE ( 'NONE', ( #1126, #793 ), #2045, .T. ) ;
#837 = DIRECTION ( 'NONE',  ( 0.000000000000000000, -1.000000000000000000, 0.000000000000000000 ) ) ;
#838 = PRESENTATION_LAYER_ASSIGNMENT (  '', '', ( #2003 ) ) ;
#839 = DIRECTION ( 'NONE',  ( 0.000000000000000000, -1.000000000000000000, 0.000000000000000000 ) ) ;
#840 = ORIENTED_EDGE ( 'NONE', *, *, #1697, .T. ) ;
#841 = ORIENTED_EDGE ( 'NONE', *, *, #141, .F. ) ;
#842 = DIRECTION ( 'NONE',  ( 0.000000000000000000, -0.000000000000000000, -1.000000000000000000 ) ) ;
#843 = DIRECTION ( 'NONE',  ( 0.000000000000000000, 1.000000000000000000, 0.000000000000000000 ) ) ;
#844 = DIRECTION ( 'NONE',  ( -0.000000000000000000, 1.000000000000000000, -0.000000000000000000 ) ) ;
#845 = ORIENTED_EDGE ( 'NONE', *, *, #2187, .T. ) ;
#846 = EDGE_CURVE ( 'NONE', #1297, #999, #640, .T. ) ;
#847 = DIRECTION ( 'NONE',  ( 0.000000000000000000, 0.000000000000000000, -1.000000000000000000 ) ) ;
#848 = CARTESIAN_POINT ( 'NONE',  ( -15.07500000004159091, 2.000000000000000000, -30.00000000000002132 ) ) ;
#849 = EDGE_CURVE ( 'NONE', #1397, #697, #200, .T. ) ;
#850 = ORIENTED_EDGE ( 'NONE', *, *, #858, .F. ) ;
#851 = SURFACE_SIDE_STYLE ('',( #44 ) ) ;
#852 = DIRECTION ( 'NONE',  ( 0.000000000000000000, -1.000000000000000000, 0.000000000000000000 ) ) ;
#853 = PLANE ( 'NONE',  #1478 ) ;
#854 = DIRECTION ( 'NONE',  ( 1.000000000000000000, 0.000000000000000000, 0.000000000000000000 ) ) ;
#855 = ORIENTED_EDGE ( 'NONE', *, *, #1317, .T. ) ;
#856 = ORIENTED_EDGE ( 'NONE', *, *, #2221, .F. ) ;
#857 = LINE ( 'NONE', #39, #378 ) ;
#858 = EDGE_CURVE ( 'NONE', #14, #1760, #1827, .T. ) ;
#859 = LINE ( 'NONE', #2486, #795 ) ;
#860 = EDGE_CURVE ( 'NONE', #2107, #599, #2064, .T. ) ;
#861 = CYLINDRICAL_SURFACE ( 'NONE', #443, 0.6499999999803398598 ) ;
#862 =( NAMED_UNIT ( * ) SI_UNIT ( $, .STERADIAN. ) SOLID_ANGLE_UNIT ( ) );
#863 = CARTESIAN_POINT ( 'NONE',  ( -17.14999999999990266, 4.000000000000000000, 28.13953339543465759 ) ) ;
#864 = CARTESIAN_POINT ( 'NONE',  ( -15.99999999999989342, 4.099999999999998757, -29.20000000000001705 ) ) ;
#865 = CIRCLE ( 'NONE', #1945, 0.6499999999803398598 ) ;
#866 = CARTESIAN_POINT ( 'NONE',  ( 11.99999999999970512, 1.000000000000000888, 28.13953339543465404 ) ) ;
#867 = VECTOR ( 'NONE', #1925, 1000.000000000000000 ) ;
#868 = AXIS2_PLACEMENT_3D ( 'NONE', #246, #2079, #43 ) ;
#869 = ORIENTED_EDGE ( 'NONE', *, *, #2090, .T. ) ;
#870 = VECTOR ( 'NONE', #459, 1000.000000000000000 ) ;
#871 = LINE ( 'NONE', #1710, #1622 ) ;
#872 = AXIS2_PLACEMENT_3D ( 'NONE', #2471, #1823, #2435 ) ;
#873 = ORIENTED_EDGE ( 'NONE', *, *, #2300, .T. ) ;
#874 = ORIENTED_EDGE ( 'NONE', *, *, #2055, .T. ) ;
#875 = VECTOR ( 'NONE', #2549, 1000.000000000000000 ) ;
#876 = EDGE_CURVE ( 'NONE', #925, #1846, #2253, .T. ) ;
#877 = CARTESIAN_POINT ( 'NONE',  ( 18.45000000002911378, 0.7999999999999999334, 28.39999999995180247 ) ) ;
#878 = CARTESIAN_POINT ( 'NONE',  ( 18.45000000002911378, 0.7999999999999999334, 27.09999999999112319 ) ) ;
#879 = DIRECTION ( 'NONE',  ( 0.000000000000000000, 1.000000000000000000, 0.000000000000000000 ) ) ;
#880 = FACE_OUTER_BOUND ( 'NONE', #1198, .T. ) ;
#881 = DIRECTION ( 'NONE',  ( 0.000000000000000000, -1.000000000000000000, 0.000000000000000000 ) ) ;
#882 = EDGE_CURVE ( 'NONE', #2363, #1488, #325, .T. ) ;
#883 = DIRECTION ( 'NONE',  ( -0.000000000000000000, -1.000000000000000000, -0.000000000000000000 ) ) ;
#884 = DIRECTION ( 'NONE',  ( 1.082510749439505329E-16, -0.000000000000000000, 1.000000000000000000 ) ) ;
#885 = ORIENTED_EDGE ( 'NONE', *, *, #570, .F. ) ;
#886 = ORIENTED_EDGE ( 'NONE', *, *, #102, .T. ) ;
#887 = CARTESIAN_POINT ( 'NONE',  ( -16.40000000000001279, 0.000000000000000000, -28.44999999999999574 ) ) ;
#888 = CARTESIAN_POINT ( 'NONE',  ( 16.39999999999999858, 1.000000000000000000, 31.04999999999999361 ) ) ;
#889 = DIRECTION ( 'NONE',  ( -0.000000000000000000, -1.000000000000000000, -0.000000000000000000 ) ) ;
#890 = EDGE_CURVE ( 'NONE', #1587, #402, #1644, .T. ) ;
#891 = DIRECTION ( 'NONE',  ( -0.000000000000000000, -1.000000000000000000, -0.000000000000000000 ) ) ;
#892 = LINE ( 'NONE', #2156, #759 ) ;
#893 = EDGE_CURVE ( 'NONE', #588, #662, #280, .T. ) ;
#894 = ORIENTED_EDGE ( 'NONE', *, *, #2010, .F. ) ;
#895 = EDGE_LOOP ( 'NONE', ( #1068, #417, #473, #1602 ) ) ;
#896 = DIRECTION ( 'NONE',  ( -0.000000000000000000, -0.000000000000000000, 1.000000000000000000 ) ) ;
#897 = DIRECTION ( 'NONE',  ( 0.000000000000000000, 0.000000000000000000, 1.000000000000000000 ) ) ;
#898 = CARTESIAN_POINT ( 'NONE',  ( 18.45000000002912088, 0.000000000000000000, -26.80000000004831406 ) ) ;
#899 = LINE ( 'NONE', #2566, #2478 ) ;
#900 = PRODUCT_CONTEXT ( 'NONE', #988, 'mechanical' ) ;
#901 = AXIS2_PLACEMENT_3D ( 'NONE', #888, #1496, #1098 ) ;
#902 = DIRECTION ( 'NONE',  ( 0.000000000000000000, -1.000000000000000000, 0.000000000000000000 ) ) ;
#903 = CIRCLE ( 'NONE', #1000, 0.9499999999802097861 ) ;
#904 = VERTEX_POINT ( 'NONE', #221 ) ;
#905 = ORIENTED_EDGE ( 'NONE', *, *, #2203, .T. ) ;
#906 = ADVANCED_FACE ( 'NONE', ( #6 ), #605, .F. ) ;
#907 = CIRCLE ( 'NONE', #2165, 2.599999999999998312 ) ;
#908 = EDGE_LOOP ( 'NONE', ( #855, #2139, #2461, #2012, #639 ) ) ;
#909 = CARTESIAN_POINT ( 'NONE',  ( 0.000000000000000000, 6.099999999999998757, 0.000000000000000000 ) ) ;
#910 = VECTOR ( 'NONE', #1257, 1000.000000000000000 ) ;
#911 = EDGE_CURVE ( 'NONE', #1846, #55, #214, .T. ) ;
#912 = EDGE_LOOP ( 'NONE', ( #2347, #254 ) ) ;
#913 = AXIS2_PLACEMENT_3D ( 'NONE', #1050, #1655, #1074 ) ;
#914 = DIRECTION ( 'NONE',  ( 0.000000000000000000, 0.000000000000000000, -1.000000000000000000 ) ) ;
#915 = VERTEX_POINT ( 'NONE', #1621 ) ;
#916 = DIRECTION ( 'NONE',  ( 0.000000000000000000, -1.000000000000000000, 0.000000000000000000 ) ) ;
#917 = AXIS2_PLACEMENT_3D ( 'NONE', #1869, #1921, #2072 ) ;
#918 = FACE_OUTER_BOUND ( 'NONE', #173, .T. ) ;
#919 = DIRECTION ( 'NONE',  ( -0.000000000000000000, -1.000000000000000000, -0.000000000000000000 ) ) ;
#920 = VECTOR ( 'NONE', #881, 1000.000000000000000 ) ;
#921 = DIRECTION ( 'NONE',  ( 0.000000000000000000, 0.000000000000000000, -1.000000000000000000 ) ) ;
#922 = LINE ( 'NONE', #333, #537 ) ;
#923 = AXIS2_PLACEMENT_3D ( 'NONE', #1359, #2631, #382 ) ;
#924 =( NAMED_UNIT ( * ) PLANE_ANGLE_UNIT ( ) SI_UNIT ( $, .RADIAN. ) );
#925 = VERTEX_POINT ( 'NONE', #1018 ) ;
#926 = EDGE_LOOP ( 'NONE', ( #455, #78, #559, #1151, #1723 ) ) ;
#927 = VERTEX_POINT ( 'NONE', #1853 ) ;
#928 = ADVANCED_FACE ( 'NONE', ( #2260 ), #1235, .T. ) ;
#929 = ADVANCED_FACE ( 'NONE', ( #2095, #1494 ), #1683, .T. ) ;
#930 = VERTEX_POINT ( 'NONE', #269 ) ;
#931 = LINE ( 'NONE', #506, #2440 ) ;
#932 = ORIENTED_EDGE ( 'NONE', *, *, #367, .T. ) ;
#933 = DIRECTION ( 'NONE',  ( 1.000000000000000000, -0.000000000000000000, 0.000000000000000000 ) ) ;
#934 = CARTESIAN_POINT ( 'NONE',  ( -15.77500000000008740, 4.000000000000000000, 29.99999999999998224 ) ) ;
#935 = CARTESIAN_POINT ( 'NONE',  ( -18.44999999997027729, 2.000000000000000000, -27.75000000002852474 ) ) ;
#936 = CARTESIAN_POINT ( 'NONE',  ( -17.14999999999990266, 6.099999999999998757, 28.13953339543465759 ) ) ;
#937 = DIRECTION ( 'NONE',  ( 0.000000000000000000, 0.000000000000000000, -1.000000000000000000 ) ) ;
#938 = FACE_OUTER_BOUND ( 'NONE', #926, .T. ) ;
#939 = ORIENTED_EDGE ( 'NONE', *, *, #2325, .F. ) ;
#940 = ORIENTED_EDGE ( 'NONE', *, *, #89, .T. ) ;
#941 = EDGE_CURVE ( 'NONE', #1431, #299, #439, .T. ) ;
#942 = DIRECTION ( 'NONE',  ( 0.000000000000000000, 0.000000000000000000, -1.000000000000000000 ) ) ;
#943 = EDGE_LOOP ( 'NONE', ( #2496, #274, #604, #2220 ) ) ;
#944 = EDGE_CURVE ( 'NONE', #267, #514, #2641, .T. ) ;
#945 = CARTESIAN_POINT ( 'NONE',  ( -16.79999999999989058, 2.000000000000000000, -26.00000000000004619 ) ) ;
#946 = DIRECTION ( 'NONE',  ( 0.000000000000000000, 0.000000000000000000, -1.000000000000000000 ) ) ;
#947 = DIRECTION ( 'NONE',  ( 1.334402673828314029E-15, 0.000000000000000000, 1.000000000000000000 ) ) ;
#948 = CARTESIAN_POINT ( 'NONE',  ( -16.40000000000001279, 1.000000000000000000, -28.44999999999999574 ) ) ;
#949 = CARTESIAN_POINT ( 'NONE',  ( 11.99999999999969802, 1.000000000000000000, -0.000000000000000000 ) ) ;
#950 = ORIENTED_EDGE ( 'NONE', *, *, #182, .F. ) ;
#951 = AXIS2_PLACEMENT_3D ( 'NONE', #1700, #2505, #1477 ) ;
#952 = VECTOR ( 'NONE', #1245, 1000.000000000000000 ) ;
#953 = VERTEX_POINT ( 'NONE', #2504 ) ;
#954 = CARTESIAN_POINT ( 'NONE',  ( 19.06258299658409427, 0.001515272095477247435, 28.47723063819205436 ) ) ;
#955 = VECTOR ( 'NONE', #2371, 1000.000000000000000 ) ;
#956 = LINE ( 'NONE', #971, #1615 ) ;
#957 = ORIENTED_EDGE ( 'NONE', *, *, #1201, .T. ) ;
#958 = FACE_OUTER_BOUND ( 'NONE', #341, .T. ) ;
#959 = VECTOR ( 'NONE', #66, 1000.000000000000000 ) ;
#960 = DIRECTION ( 'NONE',  ( 0.000000000000000000, 0.000000000000000000, -1.000000000000000000 ) ) ;
#961 = EDGE_CURVE ( 'NONE', #1418, #1430, #1495, .T. ) ;
#962 = VECTOR ( 'NONE', #2120, 1000.000000000000000 ) ;
#963 = FACE_OUTER_BOUND ( 'NONE', #2278, .T. ) ;
#964 = CARTESIAN_POINT ( 'NONE',  ( 17.94999999999990692, 4.000000000000000000, -26.00000000000005329 ) ) ;
#965 = DIRECTION ( 'NONE',  ( 1.000000000000000000, 0.000000000000000000, 0.000000000000000000 ) ) ;
#966 = VECTOR ( 'NONE', #1731, 1000.000000000000000 ) ;
#967 = ADVANCED_FACE ( 'NONE', ( #1689 ), #297, .F. ) ;
#968 = VERTEX_POINT ( 'NONE', #1866 ) ;
#969 = CARTESIAN_POINT ( 'NONE',  ( 16.79999999999969873, 2.000000000000000000, 26.00000000000004619 ) ) ;
#970 = ORIENTED_EDGE ( 'NONE', *, *, #890, .F. ) ;
#971 = CARTESIAN_POINT ( 'NONE',  ( -15.99999999999989342, 1.000000000000000000, -26.20000000000004903 ) ) ;
#972 = ORIENTED_EDGE ( 'NONE', *, *, #1778, .F. ) ;
#973 = DIRECTION ( 'NONE',  ( 0.000000000000000000, 0.000000000000000000, -1.000000000000000000 ) ) ;
#974 = DIRECTION ( 'NONE',  ( 0.000000000000000000, -1.000000000000000000, 0.000000000000000000 ) ) ;
#975 = UNCERTAINTY_MEASURE_WITH_UNIT (LENGTH_MEASURE( 1.000000000000000082E-05 ), #523, 'distance_accuracy_value', 'NONE');
#976 = ORIENTED_EDGE ( 'NONE', *, *, #1633, .F. ) ;
#977 = LINE ( 'NONE', #2207, #755 ) ;
#978 = EDGE_CURVE ( 'NONE', #1923, #1283, #2510, .T. ) ;
#979 = LINE ( 'NONE', #618, #1438 ) ;
#980 = ORIENTED_EDGE ( 'NONE', *, *, #7, .T. ) ;
#981 = ADVANCED_FACE ( 'NONE', ( #18 ), #35, .F. ) ;
#982 = EDGE_LOOP ( 'NONE', ( #339, #2352, #434, #1807, #1962 ) ) ;
#983 = CARTESIAN_POINT ( 'NONE',  ( -11.99999999999989342, 1.000000000000000000, -29.20000000000003126 ) ) ;
#984 = VERTEX_POINT ( 'NONE', #2284 ) ;
#985 = DIRECTION ( 'NONE',  ( 1.000000000000000000, 0.000000000000000000, -1.046590332414376053E-16 ) ) ;
#986 = ORIENTED_EDGE ( 'NONE', *, *, #1768, .T. ) ;
#987 = DIRECTION ( 'NONE',  ( 0.000000000000000000, -1.000000000000000000, 0.000000000000000000 ) ) ;
#988 = APPLICATION_CONTEXT ( 'automotive_design' ) ;
#989 = CARTESIAN_POINT ( 'NONE',  ( 15.99999999999969802, 1.000000000000000888, 26.10657921192203901 ) ) ;
#990 = FACE_OUTER_BOUND ( 'NONE', #2391, .T. ) ;
#991 = ORIENTED_EDGE ( 'NONE', *, *, #2456, .F. ) ;
#992 = ORIENTED_EDGE ( 'NONE', *, *, #1445, .F. ) ;
#993 = EDGE_CURVE ( 'NONE', #1292, #1284, #447, .T. ) ;
#994 = CARTESIAN_POINT ( 'NONE',  ( 19.11692435709096571, 6.860966872759830281E-17, 27.05842511348910762 ) ) ;
#995 = AXIS2_PLACEMENT_3D ( 'NONE', #1618, #1634, #2244 ) ;
#996 = ORIENTED_EDGE ( 'NONE', *, *, #2055, .F. ) ;
#997 = CARTESIAN_POINT ( 'NONE',  ( -13.14999999999990088, 6.099999999999998757, 28.13953339543465404 ) ) ;
#998 = EDGE_CURVE ( 'NONE', #502, #1609, #47, .T. ) ;
#999 = VERTEX_POINT ( 'NONE', #1484 ) ;
#1000 = AXIS2_PLACEMENT_3D ( 'NONE', #495, #1274, #2145 ) ;
#1001 = CYLINDRICAL_SURFACE ( 'NONE', #1301, 0.6499999999803398598 ) ;
#1002 = CARTESIAN_POINT ( 'NONE',  ( -17.14999999999990266, 11.00000000000000000, 28.13953339543465759 ) ) ;
#1003 = VECTOR ( 'NONE', #1929, 1000.000000000000000 ) ;
#1004 = VERTEX_POINT ( 'NONE', #2303 ) ;
#1005 = CIRCLE ( 'NONE', #412, 0.6499999999803398598 ) ;
#1006 = CARTESIAN_POINT ( 'NONE',  ( -19.38375496758205330, 0.07486206744196530205, -27.97488868111974369 ) ) ;
#1007 = AXIS2_PLACEMENT_3D ( 'NONE', #2427, #511, #1128 ) ;
#1008 = VECTOR ( 'NONE', #522, 1000.000000000000000 ) ;
#1009 = ORIENTED_EDGE ( 'NONE', *, *, #1116, .T. ) ;
#1010 = PRODUCT ( '后盖', '后盖', '', ( #900 ) ) ;
#1011 = CARTESIAN_POINT ( 'NONE',  ( -13.14999999999990088, 1.000000000000000000, 28.13953339543465404 ) ) ;
#1012 = EDGE_CURVE ( 'NONE', #554, #1449, #691, .T. ) ;
#1013 = MANIFOLD_SOLID_BREP ( '切除-拉伸10', #1342 ) ;
#1014 = ORIENTED_EDGE ( 'NONE', *, *, #2068, .T. ) ;
#1015 = DIRECTION ( 'NONE',  ( 1.082510749439505329E-16, -0.000000000000000000, 1.000000000000000000 ) ) ;
#1016 = ORIENTED_EDGE ( 'NONE', *, *, #2653, .T. ) ;
#1017 = EDGE_CURVE ( 'NONE', #1266, #1531, #830, .T. ) ;
#1018 = CARTESIAN_POINT ( 'NONE',  ( -20.00000000000000355, 2.000000000000000000, 28.44999999999999574 ) ) ;
#1019 = ORIENTED_EDGE ( 'NONE', *, *, #2453, .F. ) ;
#1020 = PLANE ( 'NONE',  #620 ) ;
#1021 = CARTESIAN_POINT ( 'NONE',  ( 16.79999999999969873, 2.000000000000000000, 26.00000000000004619 ) ) ;
#1022 = ORIENTED_EDGE ( 'NONE', *, *, #2453, .T. ) ;
#1023 = EDGE_LOOP ( 'NONE', ( #1220, #1737, #1336, #821, #571 ) ) ;
#1024 = CARTESIAN_POINT ( 'NONE',  ( -17.14999999999990266, 4.000000000000000000, 28.97499999999999076 ) ) ;
#1025 = DIRECTION ( 'NONE',  ( 0.000000000000000000, -1.000000000000000000, 0.000000000000000000 ) ) ;
#1026 = DIRECTION ( 'NONE',  ( 1.000000000000000000, 0.000000000000000000, -1.300891376845288561E-16 ) ) ;
#1027 = EDGE_CURVE ( 'NONE', #2628, #2135, #1364, .T. ) ;
#1028 = CARTESIAN_POINT ( 'NONE',  ( 18.45000000002911378, 0.8000000000000000444, 27.74999999997146460 ) ) ;
#1029 = LINE ( 'NONE', #1687, #1626 ) ;
#1030 = PRODUCT_DEFINITION_SHAPE ( 'NONE', 'NONE',  #122 ) ;
#1031 = ORIENTED_EDGE ( 'NONE', *, *, #575, .T. ) ;
#1032 = ORIENTED_EDGE ( 'NONE', *, *, #2022, .T. ) ;
#1033 = CYLINDRICAL_SURFACE ( 'NONE', #917, 0.9499999999802097861 ) ;
#1034 = CARTESIAN_POINT ( 'NONE',  ( -16.40000000000001279, 2.000000000000000000, -32.04999999999999716 ) ) ;
#1035 = ORIENTED_EDGE ( 'NONE', *, *, #2599, .F. ) ;
#1036 = ORIENTED_EDGE ( 'NONE', *, *, #1547, .F. ) ;
#1037 = CARTESIAN_POINT ( 'NONE',  ( -15.77500000000008740, 2.000000000000000000, 28.97499999999999076 ) ) ;
#1038 = CIRCLE ( 'NONE', #2593, 2.599999999999998312 ) ;
#1039 = CARTESIAN_POINT ( 'NONE',  ( 19.40689795781982241, 0.08647702853361262376, -27.83215443501149622 ) ) ;
#1040 = EDGE_CURVE ( 'NONE', #2545, #2239, #2036, .T. ) ;
#1041 = LINE ( 'NONE', #33, #209 ) ;
#1042 = VECTOR ( 'NONE', #9, 1000.000000000000000 ) ;
#1043 = CARTESIAN_POINT ( 'NONE',  ( 11.99999999999970512, 11.00000000000000000, 28.13953339543465404 ) ) ;
#1044 = ORIENTED_EDGE ( 'NONE', *, *, #1910, .F. ) ;
#1045 = AXIS2_PLACEMENT_3D ( 'NONE', #2015, #572, #1849 ) ;
#1046 = EDGE_CURVE ( 'NONE', #1430, #803, #2383, .T. ) ;
#1047 = VECTOR ( 'NONE', #195, 1000.000000000000000 ) ;
#1048 = LINE ( 'NONE', #2529, #962 ) ;
#1049 = AXIS2_PLACEMENT_3D ( 'NONE', #1481, #2283, #2248 ) ;
#1050 = CARTESIAN_POINT ( 'NONE',  ( -16.40000000000000568, 0.000000000000000000, 28.44999999999999574 ) ) ;
#1051 = EDGE_LOOP ( 'NONE', ( #1861, #433, #1761, #2502 ) ) ;
#1052 = DIRECTION ( 'NONE',  ( -0.000000000000000000, -1.000000000000000000, -0.000000000000000000 ) ) ;
#1053 = LINE ( 'NONE', #1536, #2380 ) ;
#1054 = CARTESIAN_POINT ( 'NONE',  ( 19.05764730371138072, -5.505714157152895196E-18, -27.01633562278044920 ) ) ;
#1055 = CARTESIAN_POINT ( 'NONE',  ( -18.44087630816941825, 0.3326162379365415478, 31.10157318251944858 ) ) ;
#1056 = EDGE_CURVE ( 'NONE', #1542, #2023, #663, .T. ) ;
#1057 = ORIENTED_EDGE ( 'NONE', *, *, #2536, .T. ) ;
#1058 = VERTEX_POINT ( 'NONE', #346 ) ;
#1059 = EDGE_CURVE ( 'NONE', #2613, #668, #1104, .T. ) ;
#1060 = DIRECTION ( 'NONE',  ( 0.000000000000000000, 0.000000000000000000, -1.000000000000000000 ) ) ;
#1061 = DIRECTION ( 'NONE',  ( -0.000000000000000000, 1.000000000000000000, -0.000000000000000000 ) ) ;
#1062 = VERTEX_POINT ( 'NONE', #138 ) ;
#1063 = ORIENTED_EDGE ( 'NONE', *, *, #460, .T. ) ;
#1064 = FACE_OUTER_BOUND ( 'NONE', #1706, .T. ) ;
#1065 = DIRECTION ( 'NONE',  ( -1.082510749439505329E-16, 0.000000000000000000, -1.000000000000000000 ) ) ;
#1066 = CARTESIAN_POINT ( 'NONE',  ( -15.99999999999989342, 4.099999999999998757, -26.20000000000004903 ) ) ;
#1067 = DIRECTION ( 'NONE',  ( -1.082510749439505329E-16, -0.000000000000000000, -1.000000000000000000 ) ) ;
#1068 = ORIENTED_EDGE ( 'NONE', *, *, #430, .F. ) ;
#1069 = SURFACE_STYLE_FILL_AREA ( #2102 ) ;
#1070 = ORIENTED_EDGE ( 'NONE', *, *, #1502, .F. ) ;
#1071 = ORIENTED_EDGE ( 'NONE', *, *, #1581, .T. ) ;
#1072 = DIRECTION ( 'NONE',  ( -0.000000000000000000, 1.000000000000000000, -0.000000000000000000 ) ) ;
#1073 = EDGE_CURVE ( 'NONE', #668, #599, #1950, .T. ) ;
#1074 = DIRECTION ( 'NONE',  ( 1.334402673828314029E-15, 0.000000000000000000, 1.000000000000000000 ) ) ;
#1075 = ORIENTED_EDGE ( 'NONE', *, *, #1246, .F. ) ;
#1076 = ORIENTED_EDGE ( 'NONE', *, *, #192, .F. ) ;
#1077 = ADVANCED_FACE ( 'NONE', ( #758 ), #120, .F. ) ;
#1078 = B_SPLINE_CURVE_WITH_KNOTS ( 'NONE', 3,
 ( #1639, #994, #1396, #2458, #401, #1858, #2216, #1629, #2449, #601 ),
 .UNSPECIFIED., .F., .F.,
 ( 4, 2, 2, 2, 4 ),
 ( 0.000000000000000000, 0.0004231832069910957490, 0.0008463664139821914980, 0.001269549620973287139, 0.001692732827964382996 ),
 .UNSPECIFIED. ) ;
#1079 = CARTESIAN_POINT ( 'NONE',  ( -16.40000000000001279, 2.000000000000000000, -32.04999999999999716 ) ) ;
#1080 = DIRECTION ( 'NONE',  ( 1.000000000000000000, 0.000000000000000000, -1.263005612727651687E-16 ) ) ;
#1081 = AXIS2_PLACEMENT_3D ( 'NONE', #1243, #5, #2233 ) ;
#1082 = CARTESIAN_POINT ( 'NONE',  ( 15.99999999999969802, 8.299999999999998934, -29.20000000000013429 ) ) ;
#1083 = CARTESIAN_POINT ( 'NONE',  ( 18.45000000002911378, 0.000000000000000000, 28.69999999995167528 ) ) ;
#1084 = TOROIDAL_SURFACE ( 'NONE', #2639, 2.600000000000000089, 1.000000000000000000 ) ;
#1085 = CARTESIAN_POINT ( 'NONE',  ( 15.99999999999969802, 6.699999999999999289, 26.10657921192203901 ) ) ;
#1086 = CIRCLE ( 'NONE', #1996, 0.6499999999803398598 ) ;
#1087 = ORIENTED_EDGE ( 'NONE', *, *, #1927, .T. ) ;
#1088 = VERTEX_POINT ( 'NONE', #1582 ) ;
#1089 = AXIS2_PLACEMENT_3D ( 'NONE', #591, #2041, #197 ) ;
#1090 = CARTESIAN_POINT ( 'NONE',  ( -19.00000000000001066, 1.000000000000000000, -32.04999999999999716 ) ) ;
#1091 = EDGE_LOOP ( 'NONE', ( #1765, #206, #1121, #2215, #143 ) ) ;
#1092 = AXIS2_PLACEMENT_3D ( 'NONE', #1968, #296, #1523 ) ;
#1093 = EDGE_CURVE ( 'NONE', #198, #1283, #2401, .T. ) ;
#1094 = MECHANICAL_DESIGN_GEOMETRIC_PRESENTATION_REPRESENTATION (  '', ( #2003 ), #1409 ) ;
#1095 = ORIENTED_EDGE ( 'NONE', *, *, #2042, .T. ) ;
#1096 = CARTESIAN_POINT ( 'NONE',  ( -18.44999999997027729, 2.000000000000000000, -27.10000000004818688 ) ) ;
#1097 = EDGE_CURVE ( 'NONE', #2316, #48, #499, .T. ) ;
#1098 = DIRECTION ( 'NONE',  ( 0.000000000000000000, 0.000000000000000000, 1.000000000000000000 ) ) ;
#1099 = LINE ( 'NONE', #1730, #2430 ) ;
#1100 = DIRECTION ( 'NONE',  ( 0.000000000000000000, 0.000000000000000000, 1.000000000000000000 ) ) ;
#1101 = ORIENTED_EDGE ( 'NONE', *, *, #1835, .T. ) ;
#1102 = DIRECTION ( 'NONE',  ( -1.046590332414376053E-16, 0.000000000000000000, -1.000000000000000000 ) ) ;
#1103 = DIRECTION ( 'NONE',  ( 1.000000000000000000, 0.000000000000000000, -3.750753461740558307E-15 ) ) ;
#1104 = LINE ( 'NONE', #1979, #749 ) ;
#1105 = CARTESIAN_POINT ( 'NONE',  ( -13.14999999999990088, 1.000000000000000000, 26.10657921192203901 ) ) ;
#1106 = ORIENTED_EDGE ( 'NONE', *, *, #2487, .F. ) ;
#1107 = DIRECTION ( 'NONE',  ( 0.000000000000000000, -1.000000000000000000, 0.000000000000000000 ) ) ;
#1108 = EDGE_LOOP ( 'NONE', ( #2118, #169, #406, #1032, #774, #500, #1696, #2651 ) ) ;
#1109 = ORIENTED_EDGE ( 'NONE', *, *, #2519, .F. ) ;
#1110 = LINE ( 'NONE', #509, #826 ) ;
#1111 = CARTESIAN_POINT ( 'NONE',  ( 15.99999999999969802, 4.000000000000000000, 25.20000000000004903 ) ) ;
#1112 = EDGE_CURVE ( 'NONE', #1292, #2243, #1734, .T. ) ;
#1113 = CARTESIAN_POINT ( 'NONE',  ( 17.94999999999990692, 2.000000000000000000, 26.00000000000004619 ) ) ;
#1114 = APPLICATION_PROTOCOL_DEFINITION ( 'draft international standard', 'automotive_design', 1998, #988 ) ;
#1115 = DIRECTION ( 'NONE',  ( 1.000000000000000000, -0.000000000000000000, -0.000000000000000000 ) ) ;
#1116 = EDGE_CURVE ( 'NONE', #1238, #1850, #1321, .T. ) ;
#1117 = DIRECTION ( 'NONE',  ( 0.000000000000000000, -1.000000000000000000, 0.000000000000000000 ) ) ;
#1118 = ORIENTED_EDGE ( 'NONE', *, *, #2169, .F. ) ;
#1119 = DIRECTION ( 'NONE',  ( 0.000000000000000000, 1.000000000000000000, 0.000000000000000000 ) ) ;
#1120 = ORIENTED_EDGE ( 'NONE', *, *, #2269, .T. ) ;
#1121 = ORIENTED_EDGE ( 'NONE', *, *, #2254, .F. ) ;
#1122 = CARTESIAN_POINT ( 'NONE',  ( -18.44999999997027729, 0.7999999999999999334, -28.40000000000886615 ) ) ;
#1123 = ORIENTED_EDGE ( 'NONE', *, *, #652, .T. ) ;
#1124 = CARTESIAN_POINT ( 'NONE',  ( 17.94999999999990692, 4.000000000000000000, 26.00000000000004619 ) ) ;
#1125 = DIRECTION ( 'NONE',  ( 2.011273595384049620E-15, -0.000000000000000000, 1.000000000000000000 ) ) ;
#1126 = FACE_OUTER_BOUND ( 'NONE', #2418, .T. ) ;
#1127 = CARTESIAN_POINT ( 'NONE',  ( 18.45000000002912088, 0.8000000000000000444, -27.75000000002852119 ) ) ;
#1128 = DIRECTION ( 'NONE',  ( 0.000000000000000000, 0.000000000000000000, -1.000000000000000000 ) ) ;
#1129 = FILL_AREA_STYLE ('',( #2357 ) ) ;
#1130 = CIRCLE ( 'NONE', #2071, 3.599999999999999201 ) ;
#1131 = ADVANCED_FACE ( 'NONE', ( #308 ), #334, .F. ) ;
#1132 = DIRECTION ( 'NONE',  ( 0.000000000000000000, 0.000000000000000000, -1.000000000000000000 ) ) ;
#1133 = VECTOR ( 'NONE', #919, 1000.000000000000000 ) ;
#1134 = LINE ( 'NONE', #1954, #1693 ) ;
#1135 = EDGE_LOOP ( 'NONE', ( #1623, #109, #678, #1456 ) ) ;
#1136 = ADVANCED_FACE ( 'NONE', ( #2359 ), #512, .F. ) ;
#1137 = AXIS2_PLACEMENT_3D ( 'NONE', #2567, #720, #1346 ) ;
#1138 = ORIENTED_EDGE ( 'NONE', *, *, #2237, .T. ) ;
#1139 = PLANE ( 'NONE',  #1180 ) ;
#1140 = AXIS2_PLACEMENT_3D ( 'NONE', #2479, #631, #1453 ) ;
#1141 = VECTOR ( 'NONE', #1217, 1000.000000000000000 ) ;
#1142 = DIRECTION ( 'NONE',  ( 0.000000000000000000, 1.000000000000000000, 0.000000000000000000 ) ) ;
#1143 = ORIENTED_EDGE ( 'NONE', *, *, #306, .F. ) ;
#1144 = CARTESIAN_POINT ( 'NONE',  ( -18.44999999997027729, 0.7999999999999999334, -27.10000000004818688 ) ) ;
#1145 = VECTOR ( 'NONE', #891, 1000.000000000000000 ) ;
#1146 = DIRECTION ( 'NONE',  ( 0.000000000000000000, 0.000000000000000000, -1.000000000000000000 ) ) ;
#1147 = VECTOR ( 'NONE', #273, 1000.000000000000000 ) ;
#1148 = CARTESIAN_POINT ( 'NONE',  ( -16.40000000000001279, 1.000000000000000000, -31.04999999999999361 ) ) ;
#1149 = DIRECTION ( 'NONE',  ( -0.000000000000000000, -1.000000000000000000, -0.000000000000000000 ) ) ;
#1150 = DIRECTION ( 'NONE',  ( 1.000000000000000000, 0.000000000000000000, 0.000000000000000000 ) ) ;
#1151 = ORIENTED_EDGE ( 'NONE', *, *, #607, .F. ) ;
#1152 = DIRECTION ( 'NONE',  ( -0.000000000000000000, -1.000000000000000000, -0.000000000000000000 ) ) ;
#1153 = EDGE_CURVE ( 'NONE', #28, #915, #1952, .T. ) ;
#1154 = EDGE_LOOP ( 'NONE', ( #1455, #1075, #2228, #2432 ) ) ;
#1155 = EDGE_LOOP ( 'NONE', ( #2272, #2560, #2632, #850 ) ) ;
#1156 = FACE_OUTER_BOUND ( 'NONE', #413, .T. ) ;
#1157 = DIRECTION ( 'NONE',  ( 0.000000000000000000, 0.000000000000000000, -1.000000000000000000 ) ) ;
#1158 = LINE ( 'NONE', #357, #2205 ) ;
#1159 = PLANE ( 'NONE',  #1092 ) ;
#1160 = ORIENTED_EDGE ( 'NONE', *, *, #1059, .T. ) ;
#1161 = ADVANCED_FACE ( 'NONE', ( #2009 ), #2655, .F. ) ;
#1162 = CARTESIAN_POINT ( 'NONE',  ( 15.99999999999969802, 8.299999999999998934, -25.20000000000005613 ) ) ;
#1163 = CARTESIAN_POINT ( 'NONE',  ( 18.45000000002912088, 2.000000000000000000, -28.40000000000886260 ) ) ;
#1164 = ORIENTED_EDGE ( 'NONE', *, *, #998, .T. ) ;
#1165 = DIRECTION ( 'NONE',  ( 0.000000000000000000, 0.000000000000000000, -1.000000000000000000 ) ) ;
#1166 = EDGE_CURVE ( 'NONE', #527, #2121, #1818, .T. ) ;
#1167 = DIRECTION ( 'NONE',  ( 0.000000000000000000, 0.000000000000000000, -1.000000000000000000 ) ) ;
#1168 = DIRECTION ( 'NONE',  ( 0.000000000000000000, 0.000000000000000000, -1.000000000000000000 ) ) ;
#1169 = ORIENTED_EDGE ( 'NONE', *, *, #2647, .F. ) ;
#1170 = DIRECTION ( 'NONE',  ( -0.000000000000000000, -1.000000000000000000, -0.000000000000000000 ) ) ;
#1171 = FACE_OUTER_BOUND ( 'NONE', #1617, .T. ) ;
#1172 = AXIS2_PLACEMENT_3D ( 'NONE', #1801, #177, #551 ) ;
#1173 = ORIENTED_EDGE ( 'NONE', *, *, #1246, .T. ) ;
#1174 = AXIS2_PLACEMENT_3D ( 'NONE', #318, #371, #921 ) ;
#1175 = VECTOR ( 'NONE', #1374, 1000.000000000000000 ) ;
#1176 = VECTOR ( 'NONE', #1115, 1000.000000000000000 ) ;
#1177 = LINE ( 'NONE', #1163, #535 ) ;
#1178 = ORIENTED_EDGE ( 'NONE', *, *, #2237, .F. ) ;
#1179 = PLANE ( 'NONE',  #704 ) ;
#1180 = AXIS2_PLACEMENT_3D ( 'NONE', #909, #1337, #128 ) ;
#1181 = CARTESIAN_POINT ( 'NONE',  ( 16.39999999999999147, 0.000000000000000000, -31.04999999999999361 ) ) ;
#1182 = VECTOR ( 'NONE', #1304, 1000.000000000000000 ) ;
#1183 = ADVANCED_FACE ( 'NONE', ( #190 ), #1225, .T. ) ;
#1184 = FACE_BOUND ( 'NONE', #1990, .T. ) ;
#1185 = CARTESIAN_POINT ( 'NONE',  ( 18.45000000002912088, 2.000000000000000000, -27.10000000004818332 ) ) ;
#1186 = DIRECTION ( 'NONE',  ( 1.000000000000000000, 0.000000000000000000, 0.000000000000000000 ) ) ;
#1187 = CIRCLE ( 'NONE', #1049, 1.000000000000000888 ) ;
#1188 = CARTESIAN_POINT ( 'NONE',  ( -19.00000000000000355, 1.000000000000000000, 28.44999999999999574 ) ) ;
#1189 = ORIENTED_EDGE ( 'NONE', *, *, #690, .T. ) ;
#1190 = FACE_OUTER_BOUND ( 'NONE', #2089, .T. ) ;
#1191 = CARTESIAN_POINT ( 'NONE',  ( 15.99999999999969802, 11.00000000000000000, 0.000000000000000000 ) ) ;
#1192 = ORIENTED_EDGE ( 'NONE', *, *, #724, .F. ) ;
#1193 = CYLINDRICAL_SURFACE ( 'NONE', #1045, 0.9499999999802097861 ) ;
#1194 = ORIENTED_EDGE ( 'NONE', *, *, #1547, .T. ) ;
#1195 = CARTESIAN_POINT ( 'NONE',  ( -17.66289987704699982, 0.1616337660543031296, 31.33953339538640748 ) ) ;
#1196 = CARTESIAN_POINT ( 'NONE',  ( -13.14999999999990088, 6.099999999999998757, 28.13953339543465404 ) ) ;
#1197 = PRODUCT_DEFINITION_CONTEXT ( 'detailed design', #1774, 'design' ) ;
#1198 = EDGE_LOOP ( 'NONE', ( #986, #1736, #503, #775 ) ) ;
#1199 = LINE ( 'NONE', #989, #666 ) ;
#1200 = DIRECTION ( 'NONE',  ( 0.000000000000000000, 0.000000000000000000, -1.000000000000000000 ) ) ;
#1201 = EDGE_CURVE ( 'NONE', #324, #2615, #1086, .T. ) ;
#1202 = ADVANCED_FACE ( 'NONE', ( #990 ), #165, .T. ) ;
#1203 = VERTEX_POINT ( 'NONE', #1427 ) ;
#1204 = PLANE ( 'NONE',  #835 ) ;
#1205 = ORIENTED_EDGE ( 'NONE', *, *, #993, .T. ) ;
#1206 = DIRECTION ( 'NONE',  ( -0.000000000000000000, -0.000000000000000000, 1.000000000000000000 ) ) ;
#1207 = EDGE_LOOP ( 'NONE', ( #1209, #1213 ) ) ;
#1208 = DIRECTION ( 'NONE',  ( -0.000000000000000000, -1.000000000000000000, -0.000000000000000000 ) ) ;
#1209 = ORIENTED_EDGE ( 'NONE', *, *, #2143, .T. ) ;
#1210 = CARTESIAN_POINT ( 'NONE',  ( 17.14999999999990976, 1.000000000000000888, 25.20000000000004903 ) ) ;
#1211 = CARTESIAN_POINT ( 'NONE',  ( -19.34824157340956674, 0.05991632927174325718, -27.41048641258758423 ) ) ;
#1212 = EDGE_CURVE ( 'NONE', #2350, #930, #1829, .T. ) ;
#1213 = ORIENTED_EDGE ( 'NONE', *, *, #1017, .T. ) ;
#1214 = CIRCLE ( 'NONE', #405, 1.000000000000000888 ) ;
#1215 = CARTESIAN_POINT ( 'NONE',  ( -17.80594073598432914, 2.000000000000000000, 30.38953339540619325 ) ) ;
#1216 = EDGE_CURVE ( 'NONE', #1868, #31, #979, .T. ) ;
#1217 = DIRECTION ( 'NONE',  ( -1.300891376845288315E-16, 0.000000000000000000, -1.000000000000000000 ) ) ;
#1218 = AXIS2_PLACEMENT_3D ( 'NONE', #782, #2412, #2426 ) ;
#1219 = DIRECTION ( 'NONE',  ( 1.000000000000000000, 0.000000000000000000, 0.000000000000000000 ) ) ;
#1220 = ORIENTED_EDGE ( 'NONE', *, *, #255, .F. ) ;
#1221 = AXIS2_PLACEMENT_3D ( 'NONE', #2152, #1125, #1561 ) ;
#1222 = DIRECTION ( 'NONE',  ( -0.000000000000000000, -1.000000000000000000, -0.000000000000000000 ) ) ;
#1223 = VECTOR ( 'NONE', #2528, 1000.000000000000000 ) ;
#1224 = AXIS2_PLACEMENT_3D ( 'NONE', #667, #1025, #1907 ) ;
#1225 = CYLINDRICAL_SURFACE ( 'NONE', #794, 3.599999999999999201 ) ;
#1226 = CARTESIAN_POINT ( 'NONE',  ( -16.40000000000000568, 2.000000000000000000, 28.44999999999999574 ) ) ;
#1227 = VECTOR ( 'NONE', #1828, 1000.000000000000000 ) ;
#1228 = ORIENTED_EDGE ( 'NONE', *, *, #2084, .F. ) ;
#1229 = ORIENTED_EDGE ( 'NONE', *, *, #1073, .F. ) ;
#1230 = EDGE_CURVE ( 'NONE', #1816, #2291, #2020, .T. ) ;
#1231 = DIRECTION ( 'NONE',  ( -1.000000000000000000, 0.000000000000000000, -0.000000000000000000 ) ) ;
#1232 = ADVANCED_FACE ( 'NONE', ( #2462 ), #582, .F. ) ;
#1233 = LINE ( 'NONE', #1241, #959 ) ;
#1234 = ORIENTED_EDGE ( 'NONE', *, *, #16, .F. ) ;
#1235 = PLANE ( 'NONE',  #1303 ) ;
#1236 = FACE_OUTER_BOUND ( 'NONE', #943, .T. ) ;
#1237 = CARTESIAN_POINT ( 'NONE',  ( -17.80594073598432914, 0.2102436802232552082, 31.33953339538640037 ) ) ;
#1238 = VERTEX_POINT ( 'NONE', #2446 ) ;
#1239 = EDGE_LOOP ( 'NONE', ( #268, #337, #785, #1650 ) ) ;
#1240 = FACE_OUTER_BOUND ( 'NONE', #394, .T. ) ;
#1241 = CARTESIAN_POINT ( 'NONE',  ( -17.94999999999990692, 4.000000000000000000, -26.00000000000004619 ) ) ;
#1242 = ORIENTED_EDGE ( 'NONE', *, *, #1369, .F. ) ;
#1243 = CARTESIAN_POINT ( 'NONE',  ( -16.79999999999989058, 4.000000000000000000, -26.00000000000004619 ) ) ;
#1244 = EDGE_CURVE ( 'NONE', #1058, #682, #1993, .T. ) ;
#1245 = DIRECTION ( 'NONE',  ( -0.000000000000000000, -1.000000000000000000, -0.000000000000000000 ) ) ;
#1246 = EDGE_CURVE ( 'NONE', #1886, #402, #598, .T. ) ;
#1247 = DIRECTION ( 'NONE',  ( 0.000000000000000000, 0.000000000000000000, -1.000000000000000000 ) ) ;
#1248 = DIRECTION ( 'NONE',  ( 0.000000000000000000, 0.000000000000000000, -1.000000000000000000 ) ) ;
#1249 = DIRECTION ( 'NONE',  ( 0.000000000000000000, 0.000000000000000000, -1.000000000000000000 ) ) ;
#1250 = ORIENTED_EDGE ( 'NONE', *, *, #882, .F. ) ;
#1251 = EDGE_LOOP ( 'NONE', ( #1812, #1997, #2556, #2452, #2417, #2029 ) ) ;
#1252 = CARTESIAN_POINT ( 'NONE',  ( -11.99999999999989342, 4.099999999999998757, -29.20000000000003126 ) ) ;
#1253 = DIRECTION ( 'NONE',  ( 0.000000000000000000, 0.000000000000000000, -1.000000000000000000 ) ) ;
#1254 = ORIENTED_EDGE ( 'NONE', *, *, #2499, .F. ) ;
#1255 = ORIENTED_EDGE ( 'NONE', *, *, #2314, .F. ) ;
#1256 = VECTOR ( 'NONE', #133, 1000.000000000000000 ) ;
#1257 = DIRECTION ( 'NONE',  ( 1.000000000000000000, 0.000000000000000000, 0.000000000000000000 ) ) ;
#1258 = VECTOR ( 'NONE', #889, 1000.000000000000000 ) ;
#1259 = ADVANCED_FACE ( 'NONE', ( #1171 ), #1020, .T. ) ;
#1260 = AXIS2_PLACEMENT_3D ( 'NONE', #1855, #1408, #359 ) ;
#1261 = CARTESIAN_POINT ( 'NONE',  ( 18.45000000002911378, 0.8000000000000000444, 27.74999999997146460 ) ) ;
#1262 = CARTESIAN_POINT ( 'NONE',  ( 17.14999999999990976, 1.000000000000000888, -25.20000000000005613 ) ) ;
#1263 = EDGE_CURVE ( 'NONE', #599, #1418, #1810, .T. ) ;
#1264 = AXIS2_PLACEMENT_3D ( 'NONE', #2184, #1939, #1746 ) ;
#1265 = CARTESIAN_POINT ( 'NONE',  ( 11.99999999999969802, 8.299999999999998934, -29.20000000000012008 ) ) ;
#1266 = VERTEX_POINT ( 'NONE', #2415 ) ;
#1267 = VERTEX_POINT ( 'NONE', #1636 ) ;
#1268 = AXIS2_PLACEMENT_3D ( 'NONE', #323, #1107, #553 ) ;
#1269 = DIRECTION ( 'NONE',  ( -1.082510749439505329E-16, 0.000000000000000000, -1.000000000000000000 ) ) ;
#1270 = VECTOR ( 'NONE', #1565, 1000.000000000000000 ) ;
#1271 = CARTESIAN_POINT ( 'NONE',  ( 11.99999999999970512, 6.699999999999999289, 25.20000000000004903 ) ) ;
#1272 = ORIENTED_EDGE ( 'NONE', *, *, #445, .F. ) ;
#1273 = CARTESIAN_POINT ( 'NONE',  ( 16.39999999999999858, 1.000000000000000000, 28.44999999999999574 ) ) ;
#1274 = DIRECTION ( 'NONE',  ( 0.000000000000000000, -1.000000000000000000, 0.000000000000000000 ) ) ;
#1275 = LINE ( 'NONE', #2098, #1526 ) ;
#1276 = CARTESIAN_POINT ( 'NONE',  ( 18.45000000002911378, 0.8000000000000000444, 28.69999999995167528 ) ) ;
#1277 = ADVANCED_FACE ( 'NONE', ( #2454 ), #375, .F. ) ;
#1278 = CARTESIAN_POINT ( 'NONE',  ( 18.45000000002912088, 0.7999999999999999334, -27.75000000002852119 ) ) ;
#1279 = ORIENTED_EDGE ( 'NONE', *, *, #145, .F. ) ;
#1280 = ADVANCED_FACE ( 'NONE', ( #1236 ), #853, .F. ) ;
#1281 = CARTESIAN_POINT ( 'NONE',  ( 18.45000000002912088, 0.000000000000000000, -28.70000000000873186 ) ) ;
#1282 = CARTESIAN_POINT ( 'NONE',  ( 16.79999999999969873, 4.000000000000000000, 29.99999999999996803 ) ) ;
#1283 = VERTEX_POINT ( 'NONE', #260 ) ;
#1284 = VERTEX_POINT ( 'NONE', #827 ) ;
#1285 = DIRECTION ( 'NONE',  ( -1.300891376845288561E-16, 0.000000000000000000, -1.000000000000000000 ) ) ;
#1286 = LINE ( 'NONE', #672, #1608 ) ;
#1287 = DIRECTION ( 'NONE',  ( -0.000000000000000000, -1.000000000000000000, -0.000000000000000000 ) ) ;
#1288 = CARTESIAN_POINT ( 'NONE',  ( -13.14999999999990088, 6.099999999999998757, 26.10657921192203901 ) ) ;
#1289 = DIRECTION ( 'NONE',  ( 1.082510749439505329E-16, 0.000000000000000000, 1.000000000000000000 ) ) ;
#1290 = FACE_OUTER_BOUND ( 'NONE', #1658, .T. ) ;
#1291 = ADVANCED_FACE ( 'NONE', ( #60, #2057 ), #223, .T. ) ;
#1292 = VERTEX_POINT ( 'NONE', #687 ) ;
#1293 = LINE ( 'NONE', #227, #799 ) ;
#1294 = CARTESIAN_POINT ( 'NONE',  ( -17.94999999999990692, 2.000000000000000000, -26.00000000000004619 ) ) ;
#1295 = EDGE_CURVE ( 'NONE', #14, #1556, #32, .T. ) ;
#1296 = CARTESIAN_POINT ( 'NONE',  ( -16.79999999999989058, 2.000000000000000000, -30.00000000000001776 ) ) ;
#1297 = VERTEX_POINT ( 'NONE', #1889 ) ;
#1298 = AXIS2_PLACEMENT_3D ( 'NONE', #2551, #2569, #705 ) ;
#1299 = DIRECTION ( 'NONE',  ( -0.000000000000000000, -1.000000000000000000, -0.000000000000000000 ) ) ;
#1300 = DIRECTION ( 'NONE',  ( 0.000000000000000000, 0.000000000000000000, -1.000000000000000000 ) ) ;
#1301 = AXIS2_PLACEMENT_3D ( 'NONE', #2222, #1208, #1840 ) ;
#1302 = FACE_OUTER_BOUND ( 'NONE', #2580, .T. ) ;
#1303 = AXIS2_PLACEMENT_3D ( 'NONE', #2056, #1026, #1285 ) ;
#1304 = DIRECTION ( 'NONE',  ( 0.000000000000000000, -1.000000000000000000, 0.000000000000000000 ) ) ;
#1305 = AXIS2_PLACEMENT_3D ( 'NONE', #2550, #703, #2148 ) ;
#1306 = ORIENTED_EDGE ( 'NONE', *, *, #1230, .F. ) ;
#1307 = AXIS2_PLACEMENT_3D ( 'NONE', #311, #1119, #1942 ) ;
#1308 = CARTESIAN_POINT ( 'NONE',  ( 11.99999999999970512, 11.00000000000000000, 0.000000000000000000 ) ) ;
#1309 = ORIENTED_EDGE ( 'NONE', *, *, #570, .T. ) ;
#1310 = VECTOR ( 'NONE', #2596, 1000.000000000000000 ) ;
#1311 = ORIENTED_EDGE ( 'NONE', *, *, #709, .F. ) ;
#1312 = VECTOR ( 'NONE', #2188, 1000.000000000000000 ) ;
#1313 = EDGE_CURVE ( 'NONE', #2344, #2245, #163, .T. ) ;
#1314 = ORIENTED_EDGE ( 'NONE', *, *, #2614, .F. ) ;
#1315 = ORIENTED_EDGE ( 'NONE', *, *, #2353, .T. ) ;
#1316 = PLANE ( 'NONE',  #951 ) ;
#1317 = EDGE_CURVE ( 'NONE', #1673, #930, #2431, .T. ) ;
#1318 = CARTESIAN_POINT ( 'NONE',  ( 18.45000000002911378, 0.8000000000000000444, 27.74999999997146460 ) ) ;
#1319 = DIRECTION ( 'NONE',  ( 1.000000000000000000, 0.000000000000000000, 0.000000000000000000 ) ) ;
#1320 = CARTESIAN_POINT ( 'NONE',  ( -11.99999999999989342, 4.000000000000000000, -29.20000000000003126 ) ) ;
#1321 = LINE ( 'NONE', #2385, #1350 ) ;
#1322 = CARTESIAN_POINT ( 'NONE',  ( 16.79999999999969873, 4.000000000000000000, -26.00000000000005329 ) ) ;
#1323 = ORIENTED_EDGE ( 'NONE', *, *, #2090, .F. ) ;
#1324 = ORIENTED_EDGE ( 'NONE', *, *, #621, .F. ) ;
#1325 = LINE ( 'NONE', #1294, #69 ) ;
#1326 = DIRECTION ( 'NONE',  ( 0.000000000000000000, -0.000000000000000000, 1.000000000000000000 ) ) ;
#1327 = ADVANCED_FACE ( 'NONE', ( #675 ), #1662, .F. ) ;
#1328 = DIRECTION ( 'NONE',  ( 0.000000000000000000, -0.000000000000000000, 1.000000000000000000 ) ) ;
#1329 = DIRECTION ( 'NONE',  ( 1.000000000000000000, 0.000000000000000000, 0.000000000000000000 ) ) ;
#1330 = LINE ( 'NONE', #479, #867 ) ;
#1331 = ADVANCED_FACE ( 'NONE', ( #880 ), #1863, .F. ) ;
#1332 = LINE ( 'NONE', #539, #1182 ) ;
#1333 = CARTESIAN_POINT ( 'NONE',  ( 11.99999999999969802, 11.00000000000000000, 0.000000000000000000 ) ) ;
#1334 = ORIENTED_EDGE ( 'NONE', *, *, #1924, .F. ) ;
#1335 = ORIENTED_EDGE ( 'NONE', *, *, #2571, .F. ) ;
#1336 = ORIENTED_EDGE ( 'NONE', *, *, #2553, .F. ) ;
#1337 = DIRECTION ( 'NONE',  ( 0.000000000000000000, 1.000000000000000000, 0.000000000000000000 ) ) ;
#1338 =( LENGTH_UNIT ( ) NAMED_UNIT ( * ) SI_UNIT ( .MILLI., .METRE. ) );
#1339 = LINE ( 'NONE', #1946, #201 ) ;
#1340 = DIRECTION ( 'NONE',  ( -0.000000000000000000, -1.000000000000000000, -0.000000000000000000 ) ) ;
#1341 = DIRECTION ( 'NONE',  ( 1.082510749439505329E-16, 0.000000000000000000, 1.000000000000000000 ) ) ;
#1342 = CLOSED_SHELL ( 'NONE', ( #1136, #1277, #1161, #1940, #231, #2185, #2154, #266, #2405, #1426, #1955, #20, #2104, #1804, #2238, #1280, #1077, #1852, #350, #320, #2634, #1131, #773, #220, #1232, #820, #51, #2581, #105, #2266, #181, #2445, #427, #558, #806, #808, #396, #2035, #1865, #508, #1183, #2403, #1202, #194, #1476, #1563, #836, #210, #1291, #1327, #929, #593, #1820, #693, #1822, #831, #1528, #222, #1986, #487, #2368, #556, #1483, #414, #1331, #1882, #1585, #1862, #4, #967, #906, #1670, #2527, #928, #419, #390, #1367, #1259, #336, #68, #981, #338 ) ) ;
#1343 = CYLINDRICAL_SURFACE ( 'NONE', #156, 0.6499999999803398598 ) ;
#1344 = CARTESIAN_POINT ( 'NONE',  ( 17.94999999999990692, 2.000000000000000000, -26.00000000000005329 ) ) ;
#1345 = AXIS2_PLACEMENT_3D ( 'NONE', #887, #1739, #1728 ) ;
#1346 = DIRECTION ( 'NONE',  ( 0.000000000000000000, 0.000000000000000000, -1.000000000000000000 ) ) ;
#1347 = EDGE_CURVE ( 'NONE', #1556, #1575, #1716, .T. ) ;
#1348 = CIRCLE ( 'NONE', #2077, 0.9499999999802097861 ) ;
#1349 = FACE_OUTER_BOUND ( 'NONE', #216, .T. ) ;
#1350 = VECTOR ( 'NONE', #902, 1000.000000000000000 ) ;
#1351 = ORIENTED_EDGE ( 'NONE', *, *, #520, .F. ) ;
#1352 = VECTOR ( 'NONE', #1796, 1000.000000000000000 ) ;
#1353 = ORIENTED_EDGE ( 'NONE', *, *, #2503, .F. ) ;
#1354 = ORIENTED_EDGE ( 'NONE', *, *, #38, .F. ) ;
#1355 = VECTOR ( 'NONE', #1514, 1000.000000000000000 ) ;
#1356 = DIRECTION ( 'NONE',  ( -0.000000000000000000, 0.000000000000000000, -1.000000000000000000 ) ) ;
#1357 = ORIENTED_EDGE ( 'NONE', *, *, #34, .T. ) ;
#1358 = CARTESIAN_POINT ( 'NONE',  ( 0.000000000000000000, 4.099999999999998757, 0.000000000000000000 ) ) ;
#1359 = CARTESIAN_POINT ( 'NONE',  ( 0.000000000000000000, 0.000000000000000000, 0.000000000000000000 ) ) ;
#1360 = ORIENTED_EDGE ( 'NONE', *, *, #2594, .T. ) ;
#1361 = CARTESIAN_POINT ( 'NONE',  ( -18.44999999997027729, 0.000000000000000000, -28.70000000000873541 ) ) ;
#1362 = DIRECTION ( 'NONE',  ( -0.000000000000000000, -1.000000000000000000, -0.000000000000000000 ) ) ;
#1363 = LINE ( 'NONE', #1744, #2259 ) ;
#1364 = LINE ( 'NONE', #2579, #1176 ) ;
#1365 = LINE ( 'NONE', #1607, #151 ) ;
#1366 = ORIENTED_EDGE ( 'NONE', *, *, #255, .T. ) ;
#1367 = ADVANCED_FACE ( 'NONE', ( #422 ), #643, .T. ) ;
#1368 = ORIENTED_EDGE ( 'NONE', *, *, #2386, .F. ) ;
#1369 = EDGE_CURVE ( 'NONE', #2114, #780, #272, .T. ) ;
#1370 = DIRECTION ( 'NONE',  ( 0.000000000000000000, 0.000000000000000000, 1.000000000000000000 ) ) ;
#1371 = FACE_OUTER_BOUND ( 'NONE', #1135, .T. ) ;
#1372 = ORIENTED_EDGE ( 'NONE', *, *, #2555, .T. ) ;
#1373 = DIRECTION ( 'NONE',  ( 0.000000000000000000, 0.000000000000000000, -1.000000000000000000 ) ) ;
#1374 = DIRECTION ( 'NONE',  ( 1.000000000000000000, 0.000000000000000000, 0.000000000000000000 ) ) ;
#1375 = CARTESIAN_POINT ( 'NONE',  ( 11.99999999999970512, 1.000000000000000000, -0.000000000000000000 ) ) ;
#1376 = FACE_OUTER_BOUND ( 'NONE', #84, .T. ) ;
#1377 = DIRECTION ( 'NONE',  ( -0.000000000000000000, 1.000000000000000000, -0.000000000000000000 ) ) ;
#1378 = DIRECTION ( 'NONE',  ( -1.000000000000000000, 0.000000000000000000, 1.046590332414376300E-16 ) ) ;
#1379 = SURFACE_SIDE_STYLE ('',( #763 ) ) ;
#1380 = ORIENTED_EDGE ( 'NONE', *, *, #2224, .F. ) ;
#1381 = PRODUCT_RELATED_PRODUCT_CATEGORY ( 'part', '', ( #1010 ) ) ;
#1382 = EDGE_CURVE ( 'NONE', #588, #1203, #543, .T. ) ;
#1383 = CARTESIAN_POINT ( 'NONE',  ( -17.05161498807896692, 0.000000000000000000, 30.96702163425561949 ) ) ;
#1384 = ORIENTED_EDGE ( 'NONE', *, *, #860, .F. ) ;
#1385 = CARTESIAN_POINT ( 'NONE',  ( 0.000000000000000000, 8.299999999999998934, 0.000000000000000000 ) ) ;
#1386 = DIRECTION ( 'NONE',  ( -1.000000000000000000, 0.000000000000000000, 1.082510749439505329E-16 ) ) ;
#1387 = FACE_OUTER_BOUND ( 'NONE', #1108, .T. ) ;
#1388 = ORIENTED_EDGE ( 'NONE', *, *, #2584, .F. ) ;
#1389 = LINE ( 'NONE', #2400, #331 ) ;
#1390 = CARTESIAN_POINT ( 'NONE',  ( -19.00000000000001066, 0.000000000000000000, -26.97540333083242459 ) ) ;
#1391 = PLANE ( 'NONE',  #2374 ) ;
#1392 = AXIS2_PLACEMENT_3D ( 'NONE', #295, #1102, #1688 ) ;
#1393 = ORIENTED_EDGE ( 'NONE', *, *, #1230, .T. ) ;
#1394 = AXIS2_PLACEMENT_3D ( 'NONE', #2575, #751, #1766 ) ;
#1395 = VECTOR ( 'NONE', #2424, 1000.000000000000000 ) ;
#1396 = CARTESIAN_POINT ( 'NONE',  ( 19.21208386976826432, 0.02017862158123177527, 27.16576068616365092 ) ) ;
#1397 = VERTEX_POINT ( 'NONE', #1480 ) ;
#1398 = VECTOR ( 'NONE', #564, 1000.000000000000000 ) ;
#1399 = CARTESIAN_POINT ( 'NONE',  ( -15.77500000000008740, 2.000000000000000000, 29.99999999999998224 ) ) ;
#1400 = ORIENTED_EDGE ( 'NONE', *, *, #2141, .F. ) ;
#1401 = FACE_OUTER_BOUND ( 'NONE', #301, .T. ) ;
#1402 = EDGE_CURVE ( 'NONE', #2408, #925, #1275, .T. ) ;
#1403 = CIRCLE ( 'NONE', #913, 2.599999999999998312 ) ;
#1404 = CIRCLE ( 'NONE', #2436, 0.9499999999802097861 ) ;
#1405 = VERTEX_POINT ( 'NONE', #2112 ) ;
#1406 = DIRECTION ( 'NONE',  ( 0.000000000000000000, -0.000000000000000000, 1.000000000000000000 ) ) ;
#1407 = EDGE_CURVE ( 'NONE', #2239, #661, #1914, .T. ) ;
#1408 = DIRECTION ( 'NONE',  ( 0.000000000000000000, -1.000000000000000000, 0.000000000000000000 ) ) ;
#1409 =( GEOMETRIC_REPRESENTATION_CONTEXT ( 3 ) GLOBAL_UNCERTAINTY_ASSIGNED_CONTEXT ( ( #2005 ) ) GLOBAL_UNIT_ASSIGNED_CONTEXT ( ( #347, #1788, #2109 ) ) REPRESENTATION_CONTEXT ( 'NONE', 'WORKASPACE' ) );
#1410 = ORIENTED_EDGE ( 'NONE', *, *, #1735, .F. ) ;
#1411 = CARTESIAN_POINT ( 'NONE',  ( 15.99999999999969802, 6.699999999999999289, 28.13953339543465404 ) ) ;
#1412 = ORIENTED_EDGE ( 'NONE', *, *, #2465, .F. ) ;
#1413 = EDGE_CURVE ( 'NONE', #767, #96, #1573, .T. ) ;
#1414 = ORIENTED_EDGE ( 'NONE', *, *, #690, .F. ) ;
#1415 = CYLINDRICAL_SURFACE ( 'NONE', #1664, 0.6499999999803398598 ) ;
#1416 = CARTESIAN_POINT ( 'NONE',  ( -17.14999999999990266, 6.099999999999998757, 26.10657921192203901 ) ) ;
#1417 = EDGE_CURVE ( 'NONE', #762, #968, #2322, .T. ) ;
#1418 = VERTEX_POINT ( 'NONE', #2448 ) ;
#1419 = PLANE ( 'NONE',  #1998 ) ;
#1420 = FACE_OUTER_BOUND ( 'NONE', #1931, .T. ) ;
#1421 = ORIENTED_EDGE ( 'NONE', *, *, #1429, .T. ) ;
#1422 = LINE ( 'NONE', #2242, #1352 ) ;
#1423 = ORIENTED_EDGE ( 'NONE', *, *, #2420, .F. ) ;
#1424 = LINE ( 'NONE', #1643, #569 ) ;
#1425 = DIRECTION ( 'NONE',  ( 0.000000000000000000, -1.000000000000000000, 0.000000000000000000 ) ) ;
#1426 = ADVANCED_FACE ( 'NONE', ( #1190 ), #1419, .F. ) ;
#1427 = CARTESIAN_POINT ( 'NONE',  ( 18.99999999999998934, 0.000000000000000000, -26.97540333079062691 ) ) ;
#1428 = FACE_BOUND ( 'NONE', #2332, .T. ) ;
#1429 = EDGE_CURVE ( 'NONE', #2023, #1542, #25, .T. ) ;
#1430 = VERTEX_POINT ( 'NONE', #2277 ) ;
#1431 = VERTEX_POINT ( 'NONE', #438 ) ;
#1432 = AXIS2_PLACEMENT_3D ( 'NONE', #2133, #77, #1917 ) ;
#1433 = CARTESIAN_POINT ( 'NONE',  ( -17.94999999999990692, 4.000000000000000000, -26.00000000000004619 ) ) ;
#1434 = EDGE_LOOP ( 'NONE', ( #2190, #2389, #1984, #2179 ) ) ;
#1435 = CARTESIAN_POINT ( 'NONE',  ( 16.79999999999969873, 4.000000000000000000, -26.00000000000005329 ) ) ;
#1436 = VECTOR ( 'NONE', #1674, 1000.000000000000000 ) ;
#1437 = DIRECTION ( 'NONE',  ( 0.000000000000000000, 0.000000000000000000, 1.000000000000000000 ) ) ;
#1438 = VECTOR ( 'NONE', #1186, 1000.000000000000000 ) ;
#1439 = VECTOR ( 'NONE', #257, 1000.000000000000000 ) ;
#1440 = CARTESIAN_POINT ( 'NONE',  ( -1.076395916843625337E-13, 11.00000000000000000, -29.20000000000007745 ) ) ;
#1441 = CARTESIAN_POINT ( 'NONE',  ( -16.79938621620986439, 4.000000000000000000, 28.93953339543465830 ) ) ;
#1442 = TOROIDAL_SURFACE ( 'NONE', #625, 2.600000000000000089, 1.000000000000000000 ) ;
#1443 = COLOUR_RGB ( '',0.7921568627450980005, 0.8196078431372548767, 0.9333333333333333481 ) ;
#1444 = ORIENTED_EDGE ( 'NONE', *, *, #1567, .F. ) ;
#1445 = EDGE_CURVE ( 'NONE', #1846, #1449, #2532, .T. ) ;
#1446 = CARTESIAN_POINT ( 'NONE',  ( -17.14999999999990976, 1.000000000000000888, -25.20000000000004903 ) ) ;
#1447 = CARTESIAN_POINT ( 'NONE',  ( -18.44999999997027729, 0.7999999999999999334, -27.75000000002852474 ) ) ;
#1448 = EDGE_CURVE ( 'NONE', #682, #1819, #683, .T. ) ;
#1449 = VERTEX_POINT ( 'NONE', #823 ) ;
#1450 = ORIENTED_EDGE ( 'NONE', *, *, #524, .F. ) ;
#1451 = CARTESIAN_POINT ( 'NONE',  ( 11.99999999999970512, 6.699999999999999289, 28.13953339543465404 ) ) ;
#1452 = DIRECTION ( 'NONE',  ( 0.000000000000000000, -1.000000000000000000, 0.000000000000000000 ) ) ;
#1453 = DIRECTION ( 'NONE',  ( 1.000000000000000000, 0.000000000000000000, 0.000000000000000000 ) ) ;
#1454 = LINE ( 'NONE', #2048, #1754 ) ;
#1455 = ORIENTED_EDGE ( 'NONE', *, *, #890, .T. ) ;
#1456 = ORIENTED_EDGE ( 'NONE', *, *, #1244, .T. ) ;
#1457 = CARTESIAN_POINT ( 'NONE',  ( -15.77500000000030234, 4.000000000000000000, -29.20000000000002061 ) ) ;
#1458 = CARTESIAN_POINT ( 'NONE',  ( 18.45000000002912088, 0.000000000000000000, -27.75000000002852119 ) ) ;
#1459 = ORIENTED_EDGE ( 'NONE', *, *, #1056, .T. ) ;
#1460 = ORIENTED_EDGE ( 'NONE', *, *, #817, .T. ) ;
#1461 = EDGE_CURVE ( 'NONE', #2286, #813, #1005, .T. ) ;
#1462 = CARTESIAN_POINT ( 'NONE',  ( 16.79999999999969873, 4.000000000000000000, 26.00000000000004619 ) ) ;
#1463 = ORIENTED_EDGE ( 'NONE', *, *, #1313, .F. ) ;
#1464 = DIRECTION ( 'NONE',  ( -0.000000000000000000, -1.000000000000000000, -0.000000000000000000 ) ) ;
#1465 = CARTESIAN_POINT ( 'NONE',  ( 19.34880295065307720, 0.06007800183138996969, -27.41147786971152911 ) ) ;
#1466 = DIRECTION ( 'NONE',  ( -1.000000000000000000, 0.000000000000000000, 1.046590332414376053E-16 ) ) ;
#1467 = ORIENTED_EDGE ( 'NONE', *, *, #1166, .T. ) ;
#1468 = EDGE_LOOP ( 'NONE', ( #1596, #1867, #634, #1353 ) ) ;
#1469 = FACE_OUTER_BOUND ( 'NONE', #2358, .T. ) ;
#1470 = CARTESIAN_POINT ( 'NONE',  ( -16.40000000000001279, 0.000000000000000000, -31.04999999999999361 ) ) ;
#1471 = EDGE_LOOP ( 'NONE', ( #2033, #1036, #1515, #392 ) ) ;
#1472 = ORIENTED_EDGE ( 'NONE', *, *, #157, .T. ) ;
#1473 = EDGE_LOOP ( 'NONE', ( #950, #2489, #383, #1572 ) ) ;
#1474 = STYLED_ITEM ( 'NONE', ( #2082 ), #508 ) ;
#1475 = VECTOR ( 'NONE', #2321, 1000.000000000000000 ) ;
#1476 = ADVANCED_FACE ( 'NONE', ( #547, #766 ), #212, .T. ) ;
#1477 = DIRECTION ( 'NONE',  ( 0.000000000000000000, -0.000000000000000000, 1.000000000000000000 ) ) ;
#1478 = AXIS2_PLACEMENT_3D ( 'NONE', #2507, #1899, #657 ) ;
#1479 = DIRECTION ( 'NONE',  ( 0.000000000000000000, 0.000000000000000000, -1.000000000000000000 ) ) ;
#1480 = CARTESIAN_POINT ( 'NONE',  ( -17.14999999999990266, 6.099999999999998757, 28.13953339543465759 ) ) ;
#1481 = CARTESIAN_POINT ( 'NONE',  ( -16.40000000000000568, 1.000000000000000000, 31.04999999999999361 ) ) ;
#1482 = CIRCLE ( 'NONE', #2565, 0.6499999999803398598 ) ;
#1483 = ADVANCED_FACE ( 'NONE', ( #1371 ), #2451, .F. ) ;
#1484 = CARTESIAN_POINT ( 'NONE',  ( 16.39999999999999147, 1.000000000000000000, -32.04999999999999716 ) ) ;
#1485 = EDGE_LOOP ( 'NONE', ( #680, #2070 ) ) ;
#1486 = VECTOR ( 'NONE', #837, 1000.000000000000000 ) ;
#1487 = ORIENTED_EDGE ( 'NONE', *, *, #398, .T. ) ;
#1488 = VERTEX_POINT ( 'NONE', #1399 ) ;
#1489 = CIRCLE ( 'NONE', #380, 0.6499999999803398598 ) ;
#1490 = DIRECTION ( 'NONE',  ( 0.000000000000000000, 1.000000000000000000, 0.000000000000000000 ) ) ;
#1491 = LINE ( 'NONE', #1859, #2293 ) ;
#1492 = ORIENTED_EDGE ( 'NONE', *, *, #374, .F. ) ;
#1493 = VERTEX_POINT ( 'NONE', #1383 ) ;
#1494 = FACE_BOUND ( 'NONE', #1207, .T. ) ;
#1495 = B_SPLINE_CURVE_WITH_KNOTS ( 'NONE', 3,
 ( #2069, #2481, #2117, #1677 ),
 .UNSPECIFIED., .F., .F.,
 ( 4, 4 ),
 ( 0.000000000000000000, 0.0001195999744648543807 ),
 .UNSPECIFIED. ) ;
#1496 = DIRECTION ( 'NONE',  ( -1.000000000000000000, 0.000000000000000000, 0.000000000000000000 ) ) ;
#1497 = CARTESIAN_POINT ( 'NONE',  ( 18.45000000002912088, 0.8000000000000000444, -26.80000000004831406 ) ) ;
#1498 = CARTESIAN_POINT ( 'NONE',  ( -17.94999999999990692, 4.000000000000000000, -26.00000000000004619 ) ) ;
#1499 = EDGE_CURVE ( 'NONE', #2635, #1797, #557, .T. ) ;
#1500 = LINE ( 'NONE', #1111, #1312 ) ;
#1501 = ORIENTED_EDGE ( 'NONE', *, *, #2610, .F. ) ;
#1502 = EDGE_CURVE ( 'NONE', #904, #139, #2407, .T. ) ;
#1503 = ORIENTED_EDGE ( 'NONE', *, *, #1073, .T. ) ;
#1504 = PLANE ( 'NONE',  #121 ) ;
#1505 = EDGE_LOOP ( 'NONE', ( #1648, #1410, #1943, #1057 ) ) ;
#1506 = ORIENTED_EDGE ( 'NONE', *, *, #652, .F. ) ;
#1507 = CARTESIAN_POINT ( 'NONE',  ( 18.45000000002911378, 2.000000000000000000, 27.09999999999112319 ) ) ;
#1508 = DIRECTION ( 'NONE',  ( 0.000000000000000000, -1.000000000000000000, 0.000000000000000000 ) ) ;
#1509 = PLANE ( 'NONE',  #1666 ) ;
#1510 = CARTESIAN_POINT ( 'NONE',  ( 11.99999999999970512, 6.699999999999999289, 26.10657921192203901 ) ) ;
#1511 = SURFACE_STYLE_USAGE ( .BOTH. , #2539 ) ;
#1512 = EDGE_LOOP ( 'NONE', ( #1487, #1380, #385, #1014 ) ) ;
#1513 = EDGE_CURVE ( 'NONE', #1203, #1758, #603, .T. ) ;
#1514 = DIRECTION ( 'NONE',  ( -1.082510749439505329E-16, 0.000000000000000000, -1.000000000000000000 ) ) ;
#1515 = ORIENTED_EDGE ( 'NONE', *, *, #1880, .T. ) ;
#1516 = ORIENTED_EDGE ( 'NONE', *, *, #1748, .F. ) ;
#1517 = ORIENTED_EDGE ( 'NONE', *, *, #2052, .T. ) ;
#1518 = CARTESIAN_POINT ( 'NONE',  ( 18.45000000002912088, 0.8000000000000000444, -28.70000000000873186 ) ) ;
#1519 = DIRECTION ( 'NONE',  ( 1.263005612727651687E-16, 0.000000000000000000, 1.000000000000000000 ) ) ;
#1520 = CIRCLE ( 'NONE', #2073, 0.6499999999803398598 ) ;
#1521 = DIRECTION ( 'NONE',  ( 0.000000000000000000, 0.000000000000000000, 1.000000000000000000 ) ) ;
#1522 = AXIS2_PLACEMENT_3D ( 'NONE', #98, #1065, #1898 ) ;
#1523 = DIRECTION ( 'NONE',  ( 0.000000000000000000, 0.000000000000000000, 1.000000000000000000 ) ) ;
#1524 = AXIS2_PLACEMENT_3D ( 'NONE', #74, #843, #2282 ) ;
#1525 = VERTEX_POINT ( 'NONE', #2219 ) ;
#1526 = VECTOR ( 'NONE', #1289, 1000.000000000000000 ) ;
#1527 = EDGE_LOOP ( 'NONE', ( #185, #736, #2483, #1725 ) ) ;
#1528 = ADVANCED_FACE ( 'NONE', ( #2422 ), #453, .T. ) ;
#1529 = AXIS2_PLACEMENT_3D ( 'NONE', #82, #1072, #665 ) ;
#1530 = CARTESIAN_POINT ( 'NONE',  ( 11.99999999999969802, 11.00000000000000000, -29.20000000000012008 ) ) ;
#1531 = VERTEX_POINT ( 'NONE', #154 ) ;
#1532 = AXIS2_PLACEMENT_3D ( 'NONE', #1226, #644, #2298 ) ;
#1533 = EDGE_CURVE ( 'NONE', #1088, #1531, #1177, .T. ) ;
#1534 = CARTESIAN_POINT ( 'NONE',  ( -13.14999999999990088, 1.000000000000000000, 0.000000000000000000 ) ) ;
#1535 = DIRECTION ( 'NONE',  ( -0.000000000000000000, 1.000000000000000000, 0.000000000000000000 ) ) ;
#1536 = CARTESIAN_POINT ( 'NONE',  ( -11.99999999999989342, 4.099999999999998757, -29.20000000000003126 ) ) ;
#1537 = LINE ( 'NONE', #1926, #1145 ) ;
#1538 = CARTESIAN_POINT ( 'NONE',  ( 16.04999999999969873, 1.000000000000000666, -25.20000000000004903 ) ) ;
#1539 = CARTESIAN_POINT ( 'NONE',  ( 16.39999999999999858, 0.000000000000000000, 28.44999999999999574 ) ) ;
#1540 = DIRECTION ( 'NONE',  ( 0.000000000000000000, 0.000000000000000000, -1.000000000000000000 ) ) ;
#1541 = CARTESIAN_POINT ( 'NONE',  ( -17.80594073598432914, 0.8000000000000000444, 29.43953339542598258 ) ) ;
#1542 = VERTEX_POINT ( 'NONE', #1983 ) ;
#1543 = ORIENTED_EDGE ( 'NONE', *, *, #595, .T. ) ;
#1544 = CARTESIAN_POINT ( 'NONE',  ( -15.99999999999989342, 4.000000000000000000, -25.20000000000004903 ) ) ;
#1545 = ORIENTED_EDGE ( 'NONE', *, *, #430, .T. ) ;
#1546 = CARTESIAN_POINT ( 'NONE',  ( 16.79999999999969873, 2.000000000000000000, 29.99999999999996803 ) ) ;
#1547 = EDGE_CURVE ( 'NONE', #106, #2135, #1813, .T. ) ;
#1548 = CYLINDRICAL_SURFACE ( 'NONE', #1994, 0.6499999999803398598 ) ;
#1549 = LINE ( 'NONE', #2181, #1133 ) ;
#1550 = CARTESIAN_POINT ( 'NONE',  ( -17.80594073598432914, 0.8000000000000000444, 31.33953339538640037 ) ) ;
#1551 = CARTESIAN_POINT ( 'NONE',  ( 18.45000000002911378, 0.000000000000000000, 27.74999999997146460 ) ) ;
#1552 = ORIENTED_EDGE ( 'NONE', *, *, #2141, .T. ) ;
#1553 = CARTESIAN_POINT ( 'NONE',  ( 2.945056361031339826E-15, 11.00000000000000000, 28.13953339543465404 ) ) ;
#1554 = ORIENTED_EDGE ( 'NONE', *, *, #740, .F. ) ;
#1555 = ORIENTED_EDGE ( 'NONE', *, *, #2068, .F. ) ;
#1556 = VERTEX_POINT ( 'NONE', #384 ) ;
#1557 = ORIENTED_EDGE ( 'NONE', *, *, #1201, .F. ) ;
#1558 = DIRECTION ( 'NONE',  ( 0.000000000000000000, 0.000000000000000000, -1.000000000000000000 ) ) ;
#1559 = ORIENTED_EDGE ( 'NONE', *, *, #16, .T. ) ;
#1560 = DIRECTION ( 'NONE',  ( 0.000000000000000000, -1.000000000000000000, 0.000000000000000000 ) ) ;
#1561 = DIRECTION ( 'NONE',  ( 1.000000000000000000, 0.000000000000000000, -2.011273595384049620E-15 ) ) ;
#1562 = CARTESIAN_POINT ( 'NONE',  ( -18.44999999997027729, 0.8000000000000000444, -28.70000000000873541 ) ) ;
#1563 = ADVANCED_FACE ( 'NONE', ( #2438 ), #1193, .F. ) ;
#1564 = PLANE ( 'NONE',  #1992 ) ;
#1565 = DIRECTION ( 'NONE',  ( -0.000000000000000000, -1.000000000000000000, -0.000000000000000000 ) ) ;
#1566 = CARTESIAN_POINT ( 'NONE',  ( 18.45000000002912088, 0.8000000000000000444, -27.75000000002852119 ) ) ;
#1567 = EDGE_CURVE ( 'NONE', #1238, #1283, #2231, .T. ) ;
#1568 = VECTOR ( 'NONE', #1222, 1000.000000000000000 ) ;
#1569 = PLANE ( 'NONE',  #2031 ) ;
#1570 = ORIENTED_EDGE ( 'NONE', *, *, #2042, .F. ) ;
#1571 = AXIS2_PLACEMENT_3D ( 'NONE', #948, #1785, #2341 ) ;
#1572 = ORIENTED_EDGE ( 'NONE', *, *, #464, .F. ) ;
#1573 = CIRCLE ( 'NONE', #491, 0.9499999999802097861 ) ;
#1574 = CARTESIAN_POINT ( 'NONE',  ( 0.000000000000000000, 1.000000000000000000, 0.000000000000000000 ) ) ;
#1575 = VERTEX_POINT ( 'NONE', #2 ) ;
#1576 = DIRECTION ( 'NONE',  ( 0.000000000000000000, 0.000000000000000000, 1.000000000000000000 ) ) ;
#1577 =( GEOMETRIC_REPRESENTATION_CONTEXT ( 3 ) GLOBAL_UNCERTAINTY_ASSIGNED_CONTEXT ( ( #577 ) ) GLOBAL_UNIT_ASSIGNED_CONTEXT ( ( #1338, #1963, #101 ) ) REPRESENTATION_CONTEXT ( 'NONE', 'WORKASPACE' ) );
#1578 = LINE ( 'NONE', #1375, #1698 ) ;
#1579 = DIRECTION ( 'NONE',  ( 0.000000000000000000, 1.000000000000000000, 0.000000000000000000 ) ) ;
#1580 = FACE_OUTER_BOUND ( 'NONE', #244, .T. ) ;
#1581 = EDGE_CURVE ( 'NONE', #37, #31, #956, .T. ) ;
#1582 = CARTESIAN_POINT ( 'NONE',  ( 18.45000000002912088, 2.000000000000000000, -28.40000000000886260 ) ) ;
#1583 = LINE ( 'NONE', #250, #1906 ) ;
#1584 = PRESENTATION_STYLE_ASSIGNMENT (( #2402 ) ) ;
#1585 = ADVANCED_FACE ( 'NONE', ( #2000 ), #2619, .T. ) ;
#1586 = EDGE_LOOP ( 'NONE', ( #225, #3, #841, #2285 ) ) ;
#1587 = VERTEX_POINT ( 'NONE', #997 ) ;
#1588 = DIRECTION ( 'NONE',  ( 0.000000000000000000, -0.000000000000000000, -1.000000000000000000 ) ) ;
#1589 = EDGE_LOOP ( 'NONE', ( #183, #2421, #1777, #2343 ) ) ;
#1590 = CARTESIAN_POINT ( 'NONE',  ( -20.00000000000000355, 1.000000000000000000, 32.04999999999999716 ) ) ;
#1591 = DIRECTION ( 'NONE',  ( -0.000000000000000000, -1.000000000000000000, -0.000000000000000000 ) ) ;
#1592 = CARTESIAN_POINT ( 'NONE',  ( 11.99999999999970512, 1.000000000000000888, 26.10657921192203901 ) ) ;
#1593 = VERTEX_POINT ( 'NONE', #791 ) ;
#1594 = LINE ( 'NONE', #581, #415 ) ;
#1595 = CARTESIAN_POINT ( 'NONE',  ( -19.09226162890535505, 0.004265200049866162656, -28.44999999999999929 ) ) ;
#1596 = ORIENTED_EDGE ( 'NONE', *, *, #2317, .F. ) ;
#1597 = ORIENTED_EDGE ( 'NONE', *, *, #1153, .T. ) ;
#1598 = EDGE_CURVE ( 'NONE', #1431, #1836, #1616, .T. ) ;
#1599 = PLANE ( 'NONE',  #1918 ) ;
#1600 = EDGE_LOOP ( 'NONE', ( #734, #1570, #1035, #2197 ) ) ;
#1601 = EDGE_CURVE ( 'NONE', #299, #2263, #1422, .T. ) ;
#1602 = ORIENTED_EDGE ( 'NONE', *, *, #1880, .F. ) ;
#1603 = CARTESIAN_POINT ( 'NONE',  ( 19.99999999999998934, 2.000000000000000000, -32.04999999999999716 ) ) ;
#1604 = FACE_BOUND ( 'NONE', #1905, .T. ) ;
#1605 = DIRECTION ( 'NONE',  ( 0.000000000000000000, 0.000000000000000000, -1.000000000000000000 ) ) ;
#1606 = CARTESIAN_POINT ( 'NONE',  ( 19.99999999999999645, 2.000000000000000000, 28.44999999999999574 ) ) ;
#1607 = CARTESIAN_POINT ( 'NONE',  ( 15.99999999999969802, 1.000000000000000888, 25.20000000000004903 ) ) ;
#1608 = VECTOR ( 'NONE', #58, 1000.000000000000000 ) ;
#1609 = VERTEX_POINT ( 'NONE', #2074 ) ;
#1610 = AXIS2_PLACEMENT_3D ( 'NONE', #816, #1452, #842 ) ;
#1611 = VECTOR ( 'NONE', #62, 1000.000000000000000 ) ;
#1612 = LINE ( 'NONE', #802, #1793 ) ;
#1613 = EDGE_CURVE ( 'NONE', #1284, #139, #219, .T. ) ;
#1614 = VERTEX_POINT ( 'NONE', #52 ) ;
#1615 = VECTOR ( 'NONE', #1206, 1000.000000000000000 ) ;
#1616 = LINE ( 'NONE', #2396, #2081 ) ;
#1617 = EDGE_LOOP ( 'NONE', ( #312, #2213, #566, #1627, #420, #669 ) ) ;
#1618 = CARTESIAN_POINT ( 'NONE',  ( 17.14999999999990976, 4.000000000000000000, 25.20000000000004903 ) ) ;
#1619 = VECTOR ( 'NONE', #245, 1000.000000000000000 ) ;
#1620 = EDGE_CURVE ( 'NONE', #1669, #750, #859, .T. ) ;
#1621 = CARTESIAN_POINT ( 'NONE',  ( -17.80594073598432914, 0.000000000000000000, 29.43953339542598258 ) ) ;
#1622 = VECTOR ( 'NONE', #681, 1000.000000000000000 ) ;
#1623 = ORIENTED_EDGE ( 'NONE', *, *, #1448, .T. ) ;
#1624 = CARTESIAN_POINT ( 'NONE',  ( 17.14999999999990976, 4.000000000000000000, -25.20000000000005613 ) ) ;
#1625 = DIRECTION ( 'NONE',  ( 1.000000000000000000, 0.000000000000000000, -3.686287386450762407E-15 ) ) ;
#1626 = VECTOR ( 'NONE', #810, 1000.000000000000000 ) ;
#1627 = ORIENTED_EDGE ( 'NONE', *, *, #145, .T. ) ;
#1628 = EDGE_LOOP ( 'NONE', ( #490, #708 ) ) ;
#1629 = CARTESIAN_POINT ( 'NONE',  ( 19.27785751824216831, 0.03774053968834049227, 28.23695501633715921 ) ) ;
#1630 = ORIENTED_EDGE ( 'NONE', *, *, #1040, .T. ) ;
#1631 = DIRECTION ( 'NONE',  ( 0.000000000000000000, -1.000000000000000000, 0.000000000000000000 ) ) ;
#1632 = ORIENTED_EDGE ( 'NONE', *, *, #1097, .T. ) ;
#1633 = EDGE_CURVE ( 'NONE', #2263, #2316, #2473, .T. ) ;
#1634 = DIRECTION ( 'NONE',  ( -1.000000000000000000, 0.000000000000000000, 0.000000000000000000 ) ) ;
#1635 = EDGE_CURVE ( 'NONE', #2628, #1923, #628, .T. ) ;
#1636 = CARTESIAN_POINT ( 'NONE',  ( 16.79999999999969873, 4.000000000000000000, 29.99999999999996803 ) ) ;
#1637 = CARTESIAN_POINT ( 'NONE',  ( -18.72752904964718468, 0.2091096226596723118, 30.67592466166684773 ) ) ;
#1638 = ORIENTED_EDGE ( 'NONE', *, *, #544, .T. ) ;
#1639 = CARTESIAN_POINT ( 'NONE',  ( 18.99999999999999645, 0.000000000000000000, 26.97540333073357743 ) ) ;
#1640 = EDGE_LOOP ( 'NONE', ( #991, #1668, #2319, #1557 ) ) ;
#1641 = LINE ( 'NONE', #848, #1439 ) ;
#1642 = VERTEX_POINT ( 'NONE', #649 ) ;
#1643 = CARTESIAN_POINT ( 'NONE',  ( -20.00000000000001066, 2.000000000000000000, -28.44999999999999574 ) ) ;
#1644 = LINE ( 'NONE', #1196, #1436 ) ;
#1645 = CARTESIAN_POINT ( 'NONE',  ( -18.44999999997027729, 0.7999999999999999334, -27.75000000002852474 ) ) ;
#1646 = EDGE_CURVE ( 'NONE', #1267, #2447, #2500, .T. ) ;
#1647 = LINE ( 'NONE', #1276, #2176 ) ;
#1648 = ORIENTED_EDGE ( 'NONE', *, *, #724, .T. ) ;
#1649 = EDGE_CURVE ( 'NONE', #2344, #2363, #243, .T. ) ;
#1650 = ORIENTED_EDGE ( 'NONE', *, *, #709, .T. ) ;
#1651 = ORIENTED_EDGE ( 'NONE', *, *, #876, .F. ) ;
#1652 = CIRCLE ( 'NONE', #1988, 0.9499999999802097861 ) ;
#1653 = CARTESIAN_POINT ( 'NONE',  ( 16.39999999999999147, 1.000000000000000000, -28.44999999999999574 ) ) ;
#1654 = AXIS2_PLACEMENT_3D ( 'NONE', #1978, #1579, #2206 ) ;
#1655 = DIRECTION ( 'NONE',  ( -0.000000000000000000, -1.000000000000000000, -0.000000000000000000 ) ) ;
#1656 = ORIENTED_EDGE ( 'NONE', *, *, #1461, .T. ) ;
#1657 = VECTOR ( 'NONE', #852, 1000.000000000000000 ) ;
#1658 = EDGE_LOOP ( 'NONE', ( #1323, #1143, #348, #615 ) ) ;
#1659 = CARTESIAN_POINT ( 'NONE',  ( -17.14389324512103485, 7.242131699024265434E-17, 31.08755718905298338 ) ) ;
#1660 = DIRECTION ( 'NONE',  ( 0.000000000000000000, 0.000000000000000000, 1.000000000000000000 ) ) ;
#1661 = VECTOR ( 'NONE', #822, 1000.000000000000000 ) ;
#1662 = CYLINDRICAL_SURFACE ( 'NONE', #1875, 0.9499999999802097861 ) ;
#1663 = CARTESIAN_POINT ( 'NONE',  ( -18.58943187186588020, 0.000000000000000000, 29.85227960067094344 ) ) ;
#1664 = AXIS2_PLACEMENT_3D ( 'NONE', #2235, #757, #164 ) ;
#1665 = EDGE_CURVE ( 'NONE', #2613, #792, #2040, .T. ) ;
#1666 = AXIS2_PLACEMENT_3D ( 'NONE', #293, #717, #1100 ) ;
#1667 = ORIENTED_EDGE ( 'NONE', *, *, #1896, .T. ) ;
#1668 = ORIENTED_EDGE ( 'NONE', *, *, #1806, .F. ) ;
#1669 = VERTEX_POINT ( 'NONE', #1470 ) ;
#1670 = ADVANCED_FACE ( 'NONE', ( #2290 ), #637, .F. ) ;
#1671 = CARTESIAN_POINT ( 'NONE',  ( 17.94999999999990692, 4.000000000000000000, -26.00000000000005329 ) ) ;
#1672 = DIRECTION ( 'NONE',  ( 0.000000000000000000, 0.000000000000000000, -1.000000000000000000 ) ) ;
#1673 = VERTEX_POINT ( 'NONE', #2308 ) ;
#1674 = DIRECTION ( 'NONE',  ( 0.000000000000000000, 0.000000000000000000, -1.000000000000000000 ) ) ;
#1675 = CARTESIAN_POINT ( 'NONE',  ( 19.24580074863246182, 0.03001999648015389599, -27.22637115945017072 ) ) ;
#1676 = CARTESIAN_POINT ( 'NONE',  ( -17.14999999999990266, 1.000000000000000888, 26.10657921192203901 ) ) ;
#1677 = CARTESIAN_POINT ( 'NONE',  ( -18.99890730023084728, 0.000000000000000000, -28.52537137922887567 ) ) ;
#1678 = ORIENTED_EDGE ( 'NONE', *, *, #129, .F. ) ;
#1679 = ORIENTED_EDGE ( 'NONE', *, *, #440, .T. ) ;
#1680 = FACE_OUTER_BOUND ( 'NONE', #21, .T. ) ;
#1681 = EDGE_CURVE ( 'NONE', #198, #764, #1491, .T. ) ;
#1682 = DIRECTION ( 'NONE',  ( 1.000000000000000000, 0.000000000000000000, 0.000000000000000000 ) ) ;
#1683 = PLANE ( 'NONE',  #160 ) ;
#1684 = EDGE_CURVE ( 'NONE', #2469, #2059, #329, .T. ) ;
#1685 = DIRECTION ( 'NONE',  ( 0.000000000000000000, -1.000000000000000000, 0.000000000000000000 ) ) ;
#1686 = DIRECTION ( 'NONE',  ( 0.000000000000000000, 0.000000000000000000, 1.000000000000000000 ) ) ;
#1687 = CARTESIAN_POINT ( 'NONE',  ( -17.14999999999990976, 4.000000000000000000, -25.20000000000004903 ) ) ;
#1688 = DIRECTION ( 'NONE',  ( -1.000000000000000000, 0.000000000000000000, 1.046590332414376053E-16 ) ) ;
#1689 = FACE_OUTER_BOUND ( 'NONE', #1527, .T. ) ;
#1690 = ORIENTED_EDGE ( 'NONE', *, *, #941, .T. ) ;
#1691 = ORIENTED_EDGE ( 'NONE', *, *, #374, .T. ) ;
#1692 = CARTESIAN_POINT ( 'NONE',  ( -15.99999999999989342, 4.099999999999998757, -26.20000000000004903 ) ) ;
#1693 = VECTOR ( 'NONE', #123, 1000.000000000000000 ) ;
#1694 = DIRECTION ( 'NONE',  ( 0.000000000000000000, 0.000000000000000000, 1.000000000000000000 ) ) ;
#1695 = DIRECTION ( 'NONE',  ( -0.000000000000000000, 1.000000000000000000, -0.000000000000000000 ) ) ;
#1696 = ORIENTED_EDGE ( 'NONE', *, *, #1402, .T. ) ;
#1697 = EDGE_CURVE ( 'NONE', #27, #1816, #265, .T. ) ;
#1698 = VECTOR ( 'NONE', #2622, 1000.000000000000000 ) ;
#1699 = EDGE_CURVE ( 'NONE', #2615, #324, #1482, .T. ) ;
#1700 = CARTESIAN_POINT ( 'NONE',  ( 0.000000000000000000, 0.000000000000000000, 0.000000000000000000 ) ) ;
#1701 = VECTOR ( 'NONE', #883, 1000.000000000000000 ) ;
#1702 = CARTESIAN_POINT ( 'NONE',  ( 19.03191305966086588, -1.399730202122365018E-17, -28.50200566990233852 ) ) ;
#1703 = DIRECTION ( 'NONE',  ( 0.000000000000000000, -0.000000000000000000, -1.000000000000000000 ) ) ;
#1704 = CARTESIAN_POINT ( 'NONE',  ( 17.14999999999990976, 1.000000000000000888, 25.20000000000004903 ) ) ;
#1705 = VECTOR ( 'NONE', #26, 1000.000000000000000 ) ;
#1706 = EDGE_LOOP ( 'NONE', ( #2459, #869, #1919, #155 ) ) ;
#1707 = AXIS2_PLACEMENT_3D ( 'NONE', #1539, #1149, #947 ) ;
#1708 = FACE_OUTER_BOUND ( 'NONE', #2346, .T. ) ;
#1709 = CIRCLE ( 'NONE', #542, 0.9499999999802097861 ) ;
#1710 = CARTESIAN_POINT ( 'NONE',  ( 16.04999999999969873, 8.299999999999998934, -25.20000000000004903 ) ) ;
#1711 = EDGE_LOOP ( 'NONE', ( #1178, #2601, #1351, #505, #2128 ) ) ;
#1712 = EDGE_LOOP ( 'NONE', ( #1632, #1857, #1400, #1095 ) ) ;
#1713 = VERTEX_POINT ( 'NONE', #1034 ) ;
#1714 = EDGE_CURVE ( 'NONE', #1525, #2107, #1403, .T. ) ;
#1715 = CARTESIAN_POINT ( 'NONE',  ( 19.06299115034814662, 0.001553090327078249493, -28.47685615039488383 ) ) ;
#1716 = LINE ( 'NONE', #1066, #1916 ) ;
#1717 = CARTESIAN_POINT ( 'NONE',  ( -17.14999999999990266, 6.099999999999998757, 25.10657921192203901 ) ) ;
#1718 = EDGE_CURVE ( 'NONE', #229, #28, #2132, .T. ) ;
#1719 = FACE_OUTER_BOUND ( 'NONE', #1434, .T. ) ;
#1720 = EDGE_LOOP ( 'NONE', ( #2078, #1559 ) ) ;
#1721 = FILL_AREA_STYLE_COLOUR ( '', #2336 ) ;
#1722 = ORIENTED_EDGE ( 'NONE', *, *, #1581, .F. ) ;
#1723 = ORIENTED_EDGE ( 'NONE', *, *, #544, .F. ) ;
#1724 = DIRECTION ( 'NONE',  ( 1.000000000000000000, 0.000000000000000000, 0.000000000000000000 ) ) ;
#1725 = ORIENTED_EDGE ( 'NONE', *, *, #1598, .T. ) ;
#1726 = EDGE_LOOP ( 'NONE', ( #885, #1492, #1597, #1189, #1679 ) ) ;
#1727 = ORIENTED_EDGE ( 'NONE', *, *, #2006, .T. ) ;
#1728 = DIRECTION ( 'NONE',  ( 0.000000000000000000, 0.000000000000000000, 1.000000000000000000 ) ) ;
#1729 = SURFACE_STYLE_USAGE ( .BOTH. , #851 ) ;
#1730 = CARTESIAN_POINT ( 'NONE',  ( -17.94999999999990692, 4.000000000000000000, -26.00000000000004619 ) ) ;
#1731 = DIRECTION ( 'NONE',  ( 0.000000000000000000, 0.000000000000000000, 1.000000000000000000 ) ) ;
#1732 = DIRECTION ( 'NONE',  ( 0.000000000000000000, 0.000000000000000000, -1.000000000000000000 ) ) ;
#1733 = EDGE_CURVE ( 'NONE', #1614, #622, #2171, .T. ) ;
#1734 = LINE ( 'NONE', #743, #955 ) ;
#1735 = EDGE_CURVE ( 'NONE', #1832, #93, #1233, .T. ) ;
#1736 = ORIENTED_EDGE ( 'NONE', *, *, #998, .F. ) ;
#1737 = ORIENTED_EDGE ( 'NONE', *, *, #961, .F. ) ;
#1738 = CARTESIAN_POINT ( 'NONE',  ( -15.99999999999989342, 4.000000000000000000, -25.20000000000004903 ) ) ;
#1739 = DIRECTION ( 'NONE',  ( -0.000000000000000000, -1.000000000000000000, -0.000000000000000000 ) ) ;
#1740 = DIRECTION ( 'NONE',  ( 0.000000000000000000, 0.000000000000000000, -1.000000000000000000 ) ) ;
#1741 = VECTOR ( 'NONE', #2378, 1000.000000000000000 ) ;
#1742 = LINE ( 'NONE', #1900, #920 ) ;
#1743 = VECTOR ( 'NONE', #897, 1000.000000000000000 ) ;
#1744 = CARTESIAN_POINT ( 'NONE',  ( -15.99999999999989342, 4.000000000000000000, -29.20000000000001705 ) ) ;
#1745 = APPLICATION_PROTOCOL_DEFINITION ( 'draft international standard', 'automotive_design', 1998, #1774 ) ;
#1746 = DIRECTION ( 'NONE',  ( 0.000000000000000000, 0.000000000000000000, -1.000000000000000000 ) ) ;
#1747 = AXIS2_PLACEMENT_3D ( 'NONE', #276, #1249, #2088 ) ;
#1748 = EDGE_CURVE ( 'NONE', #904, #1797, #40, .T. ) ;
#1749 = ORIENTED_EDGE ( 'NONE', *, *, #1027, .F. ) ;
#1750 = VECTOR ( 'NONE', #186, 1000.000000000000000 ) ;
#1751 = ORIENTED_EDGE ( 'NONE', *, *, #367, .F. ) ;
#1752 = AXIS2_PLACEMENT_3D ( 'NONE', #1834, #2061, #2051 ) ;
#1753 = EDGE_CURVE ( 'NONE', #2291, #682, #1641, .T. ) ;
#1754 = VECTOR ( 'NONE', #608, 1000.000000000000000 ) ;
#1755 = CARTESIAN_POINT ( 'NONE',  ( -20.00000000000001066, 2.000000000000000000, -32.04999999999999716 ) ) ;
#1756 = LINE ( 'NONE', #1770, #702 ) ;
#1757 = CARTESIAN_POINT ( 'NONE',  ( -17.14999999999990266, 4.000000000000000000, 28.13953339543465759 ) ) ;
#1758 = VERTEX_POINT ( 'NONE', #2460 ) ;
#1759 = CARTESIAN_POINT ( 'NONE',  ( -18.44999999997027729, 0.000000000000000000, -27.75000000002852474 ) ) ;
#1760 = VERTEX_POINT ( 'NONE', #2062 ) ;
#1761 = ORIENTED_EDGE ( 'NONE', *, *, #1972, .T. ) ;
#1762 = EDGE_CURVE ( 'NONE', #2243, #633, #477, .T. ) ;
#1763 = ORIENTED_EDGE ( 'NONE', *, *, #2484, .F. ) ;
#1764 = LINE ( 'NONE', #1738, #30 ) ;
#1765 = ORIENTED_EDGE ( 'NONE', *, *, #2065, .F. ) ;
#1766 = DIRECTION ( 'NONE',  ( -0.000000000000000000, 0.000000000000000000, 1.000000000000000000 ) ) ;
#1767 = CARTESIAN_POINT ( 'NONE',  ( 15.99999999999969802, 1.000000000000000888, 25.20000000000004903 ) ) ;
#1768 = EDGE_CURVE ( 'NONE', #93, #1609, #1325, .T. ) ;
#1769 = LINE ( 'NONE', #1755, #2515 ) ;
#1770 = CARTESIAN_POINT ( 'NONE',  ( 16.79999999999969873, 4.000000000000000000, -30.00000000000002487 ) ) ;
#1771 = CARTESIAN_POINT ( 'NONE',  ( -20.00000000000001066, 1.000000000000000000, -28.44999999999999574 ) ) ;
#1772 = CARTESIAN_POINT ( 'NONE',  ( -17.80594073598432914, 0.8000000000000000444, 29.43953339542598258 ) ) ;
#1773 = CARTESIAN_POINT ( 'NONE',  ( 16.79999999999969873, 2.000000000000000000, -26.00000000000005329 ) ) ;
#1774 = APPLICATION_CONTEXT ( 'automotive_design' ) ;
#1775 = ORIENTED_EDGE ( 'NONE', *, *, #1295, .T. ) ;
#1776 = DIRECTION ( 'NONE',  ( 0.000000000000000000, -0.000000000000000000, 1.000000000000000000 ) ) ;
#1777 = ORIENTED_EDGE ( 'NONE', *, *, #1699, .F. ) ;
#1778 = EDGE_CURVE ( 'NONE', #1449, #2350, #2472, .T. ) ;
#1779 = LINE ( 'NONE', #2591, #574 ) ;
#1780 = CARTESIAN_POINT ( 'NONE',  ( 18.99890730023129137, 0.000000000000000000, 28.52537137921315136 ) ) ;
#1781 = EDGE_CURVE ( 'NONE', #764, #953, #2531, .T. ) ;
#1782 = CARTESIAN_POINT ( 'NONE',  ( 15.99999999999969802, 1.000000000000000888, -29.20000000000013429 ) ) ;
#1783 = DIRECTION ( 'NONE',  ( 1.000000000000000000, 0.000000000000000000, 0.000000000000000000 ) ) ;
#1784 = VECTOR ( 'NONE', #2652, 1000.000000000000000 ) ;
#1785 = DIRECTION ( 'NONE',  ( 0.000000000000000000, 1.000000000000000000, 0.000000000000000000 ) ) ;
#1786 = CARTESIAN_POINT ( 'NONE',  ( 16.79999999999969873, 4.000000000000000000, -30.00000000000002487 ) ) ;
#1787 = AXIS2_PLACEMENT_3D ( 'NONE', #2017, #2654, #2490 ) ;
#1788 =( NAMED_UNIT ( * ) PLANE_ANGLE_UNIT ( ) SI_UNIT ( $, .RADIAN. ) );
#1789 = VECTOR ( 'NONE', #2236, 1000.000000000000000 ) ;
#1790 = ORIENTED_EDGE ( 'NONE', *, *, #263, .F. ) ;
#1791 = CARTESIAN_POINT ( 'NONE',  ( -17.14999999999990621, 11.00000000000000000, 2.231028711289657144E-15 ) ) ;
#1792 = AXIS2_PLACEMENT_3D ( 'NONE', #2604, #1631, #1588 ) ;
#1793 = VECTOR ( 'NONE', #589, 1000.000000000000000 ) ;
#1794 = ORIENTED_EDGE ( 'NONE', *, *, #398, .F. ) ;
#1795 = CARTESIAN_POINT ( 'NONE',  ( 18.99890730023129137, 0.000000000000000000, 28.52537137921315136 ) ) ;
#1796 = DIRECTION ( 'NONE',  ( -0.000000000000000000, -1.000000000000000000, -0.000000000000000000 ) ) ;
#1797 = VERTEX_POINT ( 'NONE', #488 ) ;
#1798 = CARTESIAN_POINT ( 'NONE',  ( 16.04999999999969873, 8.299999999999998934, -26.20000000000004903 ) ) ;
#1799 = DIRECTION ( 'NONE',  ( -0.000000000000000000, -1.000000000000000000, -0.000000000000000000 ) ) ;
#1800 = DIRECTION ( 'NONE',  ( -1.000000000000000000, 0.000000000000000000, -0.000000000000000000 ) ) ;
#1801 = CARTESIAN_POINT ( 'NONE',  ( 18.45000000002911378, 0.7999999999999999334, 27.74999999997146460 ) ) ;
#1802 = PLANE ( 'NONE',  #168 ) ;
#1803 = CARTESIAN_POINT ( 'NONE',  ( -19.11692435707345439, 6.765675666193721493E-17, -27.05842511358887847 ) ) ;
#1804 = ADVANCED_FACE ( 'NONE', ( #108 ), #1139, .T. ) ;
#1805 = B_SPLINE_CURVE_WITH_KNOTS ( 'NONE', 3,
 ( #1888, #1702, #1715, #1935 ),
 .UNSPECIFIED., .F., .F.,
 ( 4, 4 ),
 ( 0.000000000000000000, 0.0001193716266016674773 ),
 .UNSPECIFIED. ) ;
#1806 = EDGE_CURVE ( 'NONE', #927, #238, #2136, .T. ) ;
#1807 = ORIENTED_EDGE ( 'NONE', *, *, #2065, .T. ) ;
#1808 = EDGE_LOOP ( 'NONE', ( #2404, #1063, #2026, #972 ) ) ;
#1809 = CARTESIAN_POINT ( 'NONE',  ( 18.45000000002911378, 0.8000000000000000444, 26.79999999999125393 ) ) ;
#1810 = B_SPLINE_CURVE_WITH_KNOTS ( 'NONE', 3,
 ( #1390, #1803, #2611, #1211, #2030, #203, #1006, #772, #809, #1595 ),
 .UNSPECIFIED., .F., .F.,
 ( 4, 2, 2, 2, 4 ),
 ( 0.000000000000000000, 0.0004231832069507412562, 0.0008463664139014825125, 0.001269549620852223823, 0.001692732827802965025 ),
 .UNSPECIFIED. ) ;
#1811 = DIRECTION ( 'NONE',  ( -4.260257193496409066E-16, 0.000000000000000000, -1.000000000000000000 ) ) ;
#1812 = ORIENTED_EDGE ( 'NONE', *, *, #893, .T. ) ;
#1813 = LINE ( 'NONE', #1411, #583 ) ;
#1814 = EDGE_LOOP ( 'NONE', ( #584, #1727, #131, #1109 ) ) ;
#1815 = DIRECTION ( 'NONE',  ( 0.000000000000000000, 0.000000000000000000, 1.000000000000000000 ) ) ;
#1816 = VERTEX_POINT ( 'NONE', #1786 ) ;
#1817 = CARTESIAN_POINT ( 'NONE',  ( 18.45000000002912088, 0.8000000000000000444, -28.70000000000873186 ) ) ;
#1818 = LINE ( 'NONE', #2209, #1398 ) ;
#1819 = VERTEX_POINT ( 'NONE', #149 ) ;
#1820 = ADVANCED_FACE ( 'NONE', ( #938 ), #1442, .T. ) ;
#1821 = ORIENTED_EDGE ( 'NONE', *, *, #754, .T. ) ;
#1822 = ADVANCED_FACE ( 'NONE', ( #1830 ), #2265, .T. ) ;
#1823 = DIRECTION ( 'NONE',  ( 0.000000000000000000, 0.000000000000000000, -1.000000000000000000 ) ) ;
#1824 = ORIENTED_EDGE ( 'NONE', *, *, #281, .T. ) ;
#1825 = DIRECTION ( 'NONE',  ( -0.000000000000000000, -1.000000000000000000, -0.000000000000000000 ) ) ;
#1826 = ORIENTED_EDGE ( 'NONE', *, *, #540, .F. ) ;
#1827 = LINE ( 'NONE', #594, #952 ) ;
#1828 = DIRECTION ( 'NONE',  ( -1.300891376845288315E-16, 0.000000000000000000, -1.000000000000000000 ) ) ;
#1829 = LINE ( 'NONE', #1606, #1042 ) ;
#1830 = FACE_OUTER_BOUND ( 'NONE', #1881, .T. ) ;
#1831 = AXIS2_PLACEMENT_3D ( 'NONE', #2180, #315, #517 ) ;
#1832 = VERTEX_POINT ( 'NONE', #1433 ) ;
#1833 = AXIS2_PLACEMENT_3D ( 'NONE', #1759, #541, #2597 ) ;
#1834 = CARTESIAN_POINT ( 'NONE',  ( -20.00000000000001066, 1.000000000000000000, -31.04999999999999361 ) ) ;
#1835 = EDGE_CURVE ( 'NONE', #968, #1758, #2217, .T. ) ;
#1836 = VERTEX_POINT ( 'NONE', #969 ) ;
#1837 = AXIS2_PLACEMENT_3D ( 'NONE', #13, #2267, #1895 ) ;
#1838 = DIRECTION ( 'NONE',  ( -0.000000000000000000, -1.000000000000000000, -0.000000000000000000 ) ) ;
#1839 = VERTEX_POINT ( 'NONE', #983 ) ;
#1840 = DIRECTION ( 'NONE',  ( 0.000000000000000000, 0.000000000000000000, -1.000000000000000000 ) ) ;
#1841 = B_SPLINE_CURVE_WITH_KNOTS ( 'NONE', 3,
 ( #2027, #1659, #199, #2054, #1195, #805 ),
 .UNSPECIFIED., .F., .F.,
 ( 4, 2, 4 ),
 ( 0.000000000000000000, 0.0004476547267778901691, 0.0008953094535557803383 ),
 .UNSPECIFIED. ) ;
#1842 = DIRECTION ( 'NONE',  ( 0.000000000000000000, 1.000000000000000000, 0.000000000000000000 ) ) ;
#1843 = VECTOR ( 'NONE', #1558, 1000.000000000000000 ) ;
#1844 = CARTESIAN_POINT ( 'NONE',  ( -17.80594073598432914, 0.8000000000000000444, 30.38953339540619325 ) ) ;
#1845 = FACE_OUTER_BOUND ( 'NONE', #2060, .T. ) ;
#1846 = VERTEX_POINT ( 'NONE', #612 ) ;
#1847 = DIRECTION ( 'NONE',  ( 0.000000000000000000, 1.000000000000000000, 0.000000000000000000 ) ) ;
#1848 = ORIENTED_EDGE ( 'NONE', *, *, #91, .T. ) ;
#1849 = DIRECTION ( 'NONE',  ( 0.000000000000000000, 0.000000000000000000, -1.000000000000000000 ) ) ;
#1850 = VERTEX_POINT ( 'NONE', #1011 ) ;
#1851 = PLANE ( 'NONE',  #995 ) ;
#1852 = ADVANCED_FACE ( 'NONE', ( #1420 ), #1204, .F. ) ;
#1853 = CARTESIAN_POINT ( 'NONE',  ( -18.44999999997027729, 2.000000000000000000, -28.40000000000886615 ) ) ;
#1854 = EDGE_CURVE ( 'NONE', #27, #48, #2646, .T. ) ;
#1855 = CARTESIAN_POINT ( 'NONE',  ( -16.40000000000001279, 2.000000000000000000, -28.44999999999999574 ) ) ;
#1856 = PLANE ( 'NONE',  #587 ) ;
#1857 = ORIENTED_EDGE ( 'NONE', *, *, #1854, .F. ) ;
#1858 = CARTESIAN_POINT ( 'NONE',  ( 19.40701092339043043, 0.08652517862091674283, 27.83101455160563376 ) ) ;
#1859 = CARTESIAN_POINT ( 'NONE',  ( 15.99999999999969802, 4.000000000000000000, 28.13953339543465404 ) ) ;
#1860 = ORIENTED_EDGE ( 'NONE', *, *, #677, .T. ) ;
#1861 = ORIENTED_EDGE ( 'NONE', *, *, #235, .T. ) ;
#1862 = ADVANCED_FACE ( 'NONE', ( #426 ), #1599, .F. ) ;
#1863 = PLANE ( 'NONE',  #2387 ) ;
#1864 = CARTESIAN_POINT ( 'NONE',  ( -20.00000000000000355, 2.000000000000000000, 28.44999999999999574 ) ) ;
#1865 = ADVANCED_FACE ( 'NONE', ( #627 ), #812, .F. ) ;
#1866 = CARTESIAN_POINT ( 'NONE',  ( 18.45000000002911378, 0.000000000000000000, 26.79999999999125393 ) ) ;
#1867 = ORIENTED_EDGE ( 'NONE', *, *, #849, .T. ) ;
#1868 = VERTEX_POINT ( 'NONE', #1446 ) ;
#1869 = CARTESIAN_POINT ( 'NONE',  ( -18.44999999997027729, 0.8000000000000000444, -27.75000000002852474 ) ) ;
#1870 = DIRECTION ( 'NONE',  ( -0.000000000000000000, -1.000000000000000000, -0.000000000000000000 ) ) ;
#1871 = ORIENTED_EDGE ( 'NONE', *, *, #2540, .T. ) ;
#1872 = EDGE_LOOP ( 'NONE', ( #1118, #611, #1821, #650 ) ) ;
#1873 = CARTESIAN_POINT ( 'NONE',  ( -19.00000000000000711, 0.000000000000000000, 2.056770423935060668E-15 ) ) ;
#1874 = PRESENTATION_LAYER_ASSIGNMENT (  '', '', ( #115 ) ) ;
#1875 = AXIS2_PLACEMENT_3D ( 'NONE', #1261, #2492, #2297 ) ;
#1876 = CARTESIAN_POINT ( 'NONE',  ( 19.20522461156381766, 0.02013207530607928272, -27.16940258528755336 ) ) ;
#1877 = LINE ( 'NONE', #1262, #247 ) ;
#1878 = CIRCLE ( 'NONE', #2390, 3.599999999999999201 ) ;
#1879 = VECTOR ( 'NONE', #1356, 1000.000000000000000 ) ;
#1880 = EDGE_CURVE ( 'NONE', #106, #198, #1612, .T. ) ;
#1881 = EDGE_LOOP ( 'NONE', ( #886, #2657, #2495, #300 ) ) ;
#1882 = ADVANCED_FACE ( 'NONE', ( #1240 ), #416, .F. ) ;
#1883 = DIRECTION ( 'NONE',  ( -1.000000000000000000, 0.000000000000000000, -0.000000000000000000 ) ) ;
#1884 = DIRECTION ( 'NONE',  ( 0.000000000000000000, -1.000000000000000000, 0.000000000000000000 ) ) ;
#1885 = ORIENTED_EDGE ( 'NONE', *, *, #1448, .F. ) ;
#1886 = VERTEX_POINT ( 'NONE', #2229 ) ;
#1887 = ORIENTED_EDGE ( 'NONE', *, *, #911, .T. ) ;
#1888 = CARTESIAN_POINT ( 'NONE',  ( 18.99890730022959318, 0.000000000000000000, -28.52537137927141231 ) ) ;
#1889 = CARTESIAN_POINT ( 'NONE',  ( 16.39999999999999147, 2.000000000000000000, -32.04999999999999716 ) ) ;
#1890 = CARTESIAN_POINT ( 'NONE',  ( -16.79938621620986439, 2.000000000000000000, 28.93953339543465830 ) ) ;
#1891 = EDGE_LOOP ( 'NONE', ( #832, #613, #1932, #2513, #1975 ) ) ;
#1892 = ORIENTED_EDGE ( 'NONE', *, *, #286, .F. ) ;
#1893 = EDGE_CURVE ( 'NONE', #1284, #2150, #2013, .T. ) ;
#1894 = DIRECTION ( 'NONE',  ( -1.000000000000000000, 0.000000000000000000, 1.383627897092473270E-16 ) ) ;
#1895 = DIRECTION ( 'NONE',  ( 0.000000000000000000, 0.000000000000000000, -1.000000000000000000 ) ) ;
#1896 = EDGE_CURVE ( 'NONE', #1758, #1673, #1078, .T. ) ;
#1897 = ORIENTED_EDGE ( 'NONE', *, *, #57, .T. ) ;
#1898 = DIRECTION ( 'NONE',  ( -1.000000000000000000, 0.000000000000000000, 0.000000000000000000 ) ) ;
#1899 = DIRECTION ( 'NONE',  ( 1.000000000000000000, 0.000000000000000000, 0.000000000000000000 ) ) ;
#1900 = CARTESIAN_POINT ( 'NONE',  ( -15.99999999999989342, 4.099999999999998757, -25.20000000000004903 ) ) ;
#1901 = DIRECTION ( 'NONE',  ( 1.000000000000000000, 0.000000000000000000, -4.260257193496408573E-16 ) ) ;
#1902 = EDGE_LOOP ( 'NONE', ( #1019, #2227, #2328, #592 ) ) ;
#1903 = DIRECTION ( 'NONE',  ( 0.000000000000000000, 0.000000000000000000, -1.000000000000000000 ) ) ;
#1904 = CARTESIAN_POINT ( 'NONE',  ( -11.99999999999989342, 4.099999999999998757, -26.20000000000004903 ) ) ;
#1905 = EDGE_LOOP ( 'NONE', ( #1885, #501, #894, #2230, #976, #425, #83, #1790, #1250, #187, #515, #1192 ) ) ;
#1906 = VECTOR ( 'NONE', #1901, 1000.000000000000000 ) ;
#1907 = DIRECTION ( 'NONE',  ( 0.000000000000000000, 0.000000000000000000, -1.000000000000000000 ) ) ;
#1908 = ORIENTED_EDGE ( 'NONE', *, *, #1046, .T. ) ;
#1909 = CIRCLE ( 'NONE', #1345, 2.599999999999998312 ) ;
#1910 = EDGE_CURVE ( 'NONE', #697, #1593, #381, .T. ) ;
#1911 = AXIS2_PLACEMENT_3D ( 'NONE', #2164, #1591, #1157 ) ;
#1912 = ORIENTED_EDGE ( 'NONE', *, *, #302, .T. ) ;
#1913 = CARTESIAN_POINT ( 'NONE',  ( 19.99999999999998934, 1.000000000000000000, -28.44999999999999574 ) ) ;
#1914 = LINE ( 'NONE', #2130, #117 ) ;
#1915 = DIRECTION ( 'NONE',  ( 0.000000000000000000, 0.000000000000000000, -1.000000000000000000 ) ) ;
#1916 = VECTOR ( 'NONE', #15, 1000.000000000000000 ) ;
#1917 = DIRECTION ( 'NONE',  ( 0.000000000000000000, 0.000000000000000000, 1.000000000000000000 ) ) ;
#1918 = AXIS2_PLACEMENT_3D ( 'NONE', #2419, #1811, #218 ) ;
#1919 = ORIENTED_EDGE ( 'NONE', *, *, #2143, .F. ) ;
#1920 = VECTOR ( 'NONE', #1928, 1000.000000000000000 ) ;
#1921 = DIRECTION ( 'NONE',  ( -0.000000000000000000, -1.000000000000000000, -0.000000000000000000 ) ) ;
#1922 = ORIENTED_EDGE ( 'NONE', *, *, #961, .T. ) ;
#1923 = VERTEX_POINT ( 'NONE', #208 ) ;
#1924 = EDGE_CURVE ( 'NONE', #1575, #37, #2255, .T. ) ;
#1925 = DIRECTION ( 'NONE',  ( -0.000000000000000000, -1.000000000000000000, -0.000000000000000000 ) ) ;
#1926 = CARTESIAN_POINT ( 'NONE',  ( -16.79999999999989058, 4.000000000000000000, -26.00000000000004619 ) ) ;
#1927 = EDGE_CURVE ( 'NONE', #904, #719, #1048, .T. ) ;
#1928 = DIRECTION ( 'NONE',  ( 0.000000000000000000, -1.000000000000000000, 0.000000000000000000 ) ) ;
#1929 = DIRECTION ( 'NONE',  ( -1.000000000000000000, 0.000000000000000000, 0.000000000000000000 ) ) ;
#1930 = FACE_OUTER_BOUND ( 'NONE', #1471, .T. ) ;
#1931 = EDGE_LOOP ( 'NONE', ( #1070, #282, #684, #2394 ) ) ;
#1932 = ORIENTED_EDGE ( 'NONE', *, *, #1112, .T. ) ;
#1933 = PLANE ( 'NONE',  #670 ) ;
#1934 = ORIENTED_EDGE ( 'NONE', *, *, #654, .F. ) ;
#1935 = CARTESIAN_POINT ( 'NONE',  ( 19.09226162896419510, 0.004265200055320431637, -28.44999999999999574 ) ) ;
#1936 = CARTESIAN_POINT ( 'NONE',  ( 16.79999999999969873, 4.000000000000000000, 29.99999999999996803 ) ) ;
#1937 = ORIENTED_EDGE ( 'NONE', *, *, #1263, .F. ) ;
#1938 = DIRECTION ( 'NONE',  ( -0.000000000000000000, 1.000000000000000000, -0.000000000000000000 ) ) ;
#1939 = DIRECTION ( 'NONE',  ( 0.000000000000000000, -1.000000000000000000, 0.000000000000000000 ) ) ;
#1940 = ADVANCED_FACE ( 'NONE', ( #2543 ), #1033, .F. ) ;
#1941 = VERTEX_POINT ( 'NONE', #264 ) ;
#1942 = DIRECTION ( 'NONE',  ( 0.000000000000000000, 0.000000000000000000, 1.000000000000000000 ) ) ;
#1943 = ORIENTED_EDGE ( 'NONE', *, *, #2348, .F. ) ;
#1944 = DIRECTION ( 'NONE',  ( 1.000000000000000000, 0.000000000000000000, -0.000000000000000000 ) ) ;
#1945 = AXIS2_PLACEMENT_3D ( 'NONE', #328, #916, #973 ) ;
#1946 = CARTESIAN_POINT ( 'NONE',  ( -13.14999999999990088, 1.000000000000000000, 26.10657921192203901 ) ) ;
#1947 = CYLINDRICAL_SURFACE ( 'NONE', #1911, 0.6499999999803398598 ) ;
#1948 = VECTOR ( 'NONE', #230, 1000.000000000000000 ) ;
#1949 = DIRECTION ( 'NONE',  ( 0.000000000000000000, -1.000000000000000000, 0.000000000000000000 ) ) ;
#1950 = CIRCLE ( 'NONE', #1833, 0.9499999999802097861 ) ;
#1951 = CARTESIAN_POINT ( 'NONE',  ( -17.80594073598432914, 0.7999999999999999334, 31.03953339538653466 ) ) ;
#1952 = LINE ( 'NONE', #1772, #2212 ) ;
#1953 = VECTOR ( 'NONE', #2433, 1000.000000000000000 ) ;
#1954 = CARTESIAN_POINT ( 'NONE',  ( -16.79999999999989058, 4.000000000000000000, -30.00000000000001776 ) ) ;
#1955 = ADVANCED_FACE ( 'NONE', ( #2318 ), #1504, .F. ) ;
#1956 = VECTOR ( 'NONE', #373, 1000.000000000000000 ) ;
#1957 = ORIENTED_EDGE ( 'NONE', *, *, #846, .T. ) ;
#1958 = AXIS2_PLACEMENT_3D ( 'NONE', #2327, #452, #1269 ) ;
#1959 = DIRECTION ( 'NONE',  ( 0.000000000000000000, -1.000000000000000000, 0.000000000000000000 ) ) ;
#1960 = EDGE_CURVE ( 'NONE', #2016, #127, #241, .T. ) ;
#1961 = CIRCLE ( 'NONE', #2526, 3.599999999999999201 ) ;
#1962 = ORIENTED_EDGE ( 'NONE', *, *, #2484, .T. ) ;
#1963 =( NAMED_UNIT ( * ) PLANE_ANGLE_UNIT ( ) SI_UNIT ( $, .RADIAN. ) );
#1964 = PRODUCT_DEFINITION_FORMATION_WITH_SPECIFIED_SOURCE ( '任何', '', #1010, .NOT_KNOWN. ) ;
#1965 = CARTESIAN_POINT ( 'NONE',  ( -17.80594073598432914, 2.000000000000000000, 29.73953339542585539 ) ) ;
#1966 = CARTESIAN_POINT ( 'NONE',  ( 16.04999999999969873, 4.000000000000000000, -26.20000000000004903 ) ) ;
#1967 = CARTESIAN_POINT ( 'NONE',  ( 15.99999999999969802, 8.299999999999998934, -26.20000000000004903 ) ) ;
#1968 = CARTESIAN_POINT ( 'NONE',  ( -11.99999999999989342, 11.00000000000000000, 0.000000000000000000 ) ) ;
#1969 = DIRECTION ( 'NONE',  ( -0.000000000000000000, -1.000000000000000000, -0.000000000000000000 ) ) ;
#1970 = DIRECTION ( 'NONE',  ( 0.000000000000000000, 0.000000000000000000, 1.000000000000000000 ) ) ;
#1971 = VERTEX_POINT ( 'NONE', #1252 ) ;
#1972 = EDGE_CURVE ( 'NONE', #2243, #2273, #1293, .T. ) ;
#1973 = ORIENTED_EDGE ( 'NONE', *, *, #911, .F. ) ;
#1974 = EDGE_CURVE ( 'NONE', #813, #2286, #71, .T. ) ;
#1975 = ORIENTED_EDGE ( 'NONE', *, *, #38, .T. ) ;
#1976 = LINE ( 'NONE', #1546, #1741 ) ;
#1977 = CARTESIAN_POINT ( 'NONE',  ( -18.44999999997027729, 0.8000000000000000444, -27.75000000002852474 ) ) ;
#1978 = CARTESIAN_POINT ( 'NONE',  ( 0.000000000000000000, 2.000000000000000000, 0.000000000000000000 ) ) ;
#1979 = CARTESIAN_POINT ( 'NONE',  ( -18.44999999997027729, 0.8000000000000000444, -26.80000000004831762 ) ) ;
#1980 = ORIENTED_EDGE ( 'NONE', *, *, #1417, .F. ) ;
#1981 = EDGE_LOOP ( 'NONE', ( #1031, #1022, #1722, #1334 ) ) ;
#1982 = CARTESIAN_POINT ( 'NONE',  ( 16.04999999999969873, 1.000000000000000666, -26.20000000000004903 ) ) ;
#1983 = CARTESIAN_POINT ( 'NONE',  ( -17.80594073598432914, 2.000000000000000000, 29.73953339542585539 ) ) ;
#1984 = ORIENTED_EDGE ( 'NONE', *, *, #2441, .T. ) ;
#1985 = PLANE ( 'NONE',  #407 ) ;
#1986 = ADVANCED_FACE ( 'NONE', ( #1680 ), #50, .T. ) ;
#1987 = PLANE ( 'NONE',  #446 ) ;
#1988 = AXIS2_PLACEMENT_3D ( 'NONE', #2586, #2007, #2193 ) ;
#1989 = FACE_BOUND ( 'NONE', #2306, .T. ) ;
#1990 = EDGE_LOOP ( 'NONE', ( #1459, #1421 ) ) ;
#1991 = CARTESIAN_POINT ( 'NONE',  ( 15.99999999999969802, 6.699999999999999289, 26.10657921192203901 ) ) ;
#1992 = AXIS2_PLACEMENT_3D ( 'NONE', #2182, #730, #770 ) ;
#1993 = LINE ( 'NONE', #397, #284 ) ;
#1994 = AXIS2_PLACEMENT_3D ( 'NONE', #518, #1340, #1740 ) ;
#1995 = CARTESIAN_POINT ( 'NONE',  ( -15.99999999999989342, 1.000000000000000000, -26.20000000000004903 ) ) ;
#1996 = AXIS2_PLACEMENT_3D ( 'NONE', #1645, #784, #1200 ) ;
#1997 = ORIENTED_EDGE ( 'NONE', *, *, #2006, .F. ) ;
#1998 = AXIS2_PLACEMENT_3D ( 'NONE', #1791, #2240, #400 ) ;
#1999 = AXIS2_PLACEMENT_3D ( 'NONE', #1090, #884, #1724 ) ;
#2000 = FACE_OUTER_BOUND ( 'NONE', #2554, .T. ) ;
#2001 = ORIENTED_EDGE ( 'NONE', *, *, #2381, .F. ) ;
#2002 = PLANE ( 'NONE',  #236 ) ;
#2003 = STYLED_ITEM ( 'NONE', ( #1584 ), #2177 ) ;
#2004 = CARTESIAN_POINT ( 'NONE',  ( -17.80594073598432914, 0.7999999999999999334, 29.73953339542585539 ) ) ;
#2005 = UNCERTAINTY_MEASURE_WITH_UNIT (LENGTH_MEASURE( 1.000000000000000082E-05 ), #347, 'distance_accuracy_value', 'NONE');
#2006 = EDGE_CURVE ( 'NONE', #930, #662, #694, .T. ) ;
#2007 = DIRECTION ( 'NONE',  ( 0.000000000000000000, -1.000000000000000000, 0.000000000000000000 ) ) ;
#2008 = CARTESIAN_POINT ( 'NONE',  ( 15.99999999999969802, 1.000000000000000888, 26.10657921192203901 ) ) ;
#2009 = FACE_OUTER_BOUND ( 'NONE', #2645, .T. ) ;
#2010 = EDGE_CURVE ( 'NONE', #48, #2291, #857, .T. ) ;
#2011 = EDGE_LOOP ( 'NONE', ( #2201, #1160, #1503, #2091, #1922, #1908, #609 ) ) ;
#2012 = ORIENTED_EDGE ( 'NONE', *, *, #2203, .F. ) ;
#2013 = LINE ( 'NONE', #184, #2644 ) ;
#2014 = ORIENTED_EDGE ( 'NONE', *, *, #2465, .T. ) ;
#2015 = CARTESIAN_POINT ( 'NONE',  ( -18.44999999997027729, 0.8000000000000000444, -27.75000000002852474 ) ) ;
#2016 = VERTEX_POINT ( 'NONE', #2498 ) ;
#2017 = CARTESIAN_POINT ( 'NONE',  ( 18.99999999999998934, 1.000000000000000000, -28.44999999999999574 ) ) ;
#2018 = ORIENTED_EDGE ( 'NONE', *, *, #72, .T. ) ;
#2019 = LINE ( 'NONE', #964, #1956 ) ;
#2020 = LINE ( 'NONE', #2047, #372 ) ;
#2021 = FACE_OUTER_BOUND ( 'NONE', #895, .T. ) ;
#2022 = EDGE_CURVE ( 'NONE', #778, #1297, #1878, .T. ) ;
#2023 = VERTEX_POINT ( 'NONE', #435 ) ;
#2024 = VERTEX_POINT ( 'NONE', #648 ) ;
#2025 = CARTESIAN_POINT ( 'NONE',  ( -15.77500000000008740, 4.000000000000000000, 28.97499999999999076 ) ) ;
#2026 = ORIENTED_EDGE ( 'NONE', *, *, #1212, .F. ) ;
#2027 = CARTESIAN_POINT ( 'NONE',  ( -17.05161498807896692, 0.000000000000000000, 30.96702163425561949 ) ) ;
#2028 = CARTESIAN_POINT ( 'NONE',  ( 16.39999999999999147, 2.000000000000000000, -32.04999999999999716 ) ) ;
#2029 = ORIENTED_EDGE ( 'NONE', *, *, #1382, .F. ) ;
#2030 = CARTESIAN_POINT ( 'NONE',  ( -19.38920974762955751, 0.07879974305104409105, -27.54920578968600609 ) ) ;
#2031 = AXIS2_PLACEMENT_3D ( 'NONE', #1553, #2388, #360 ) ;
#2032 = PRESENTATION_LAYER_ASSIGNMENT (  '', '', ( #1474 ) ) ;
#2033 = ORIENTED_EDGE ( 'NONE', *, *, #2199, .F. ) ;
#2034 = VECTOR ( 'NONE', #259, 1000.000000000000000 ) ;
#2035 = ADVANCED_FACE ( 'NONE', ( #1469 ), #2288, .F. ) ;
#2036 = CIRCLE ( 'NONE', #1571, 3.599999999999999201 ) ;
#2037 = AXIS2_PLACEMENT_3D ( 'NONE', #1148, #2155, #136 ) ;
#2038 = DIRECTION ( 'NONE',  ( -0.000000000000000000, 0.000000000000000000, 1.000000000000000000 ) ) ;
#2039 = EDGE_LOOP ( 'NONE', ( #815, #567, #429, #2413 ) ) ;
#2040 = CIRCLE ( 'NONE', #1837, 0.9499999999802097861 ) ;
#2041 = DIRECTION ( 'NONE',  ( 0.000000000000000000, 1.000000000000000000, 0.000000000000000000 ) ) ;
#2042 = EDGE_CURVE ( 'NONE', #2251, #2316, #485, .T. ) ;
#2043 = ORIENTED_EDGE ( 'NONE', *, *, #1646, .T. ) ;
#2044 = VECTOR ( 'NONE', #1938, 1000.000000000000000 ) ;
#2045 = PLANE ( 'NONE',  #1610 ) ;
#2046 = VECTOR ( 'NONE', #2262, 1000.000000000000000 ) ;
#2047 = CARTESIAN_POINT ( 'NONE',  ( 16.79999999999969873, 4.000000000000000000, -30.00000000000002487 ) ) ;
#2048 = CARTESIAN_POINT ( 'NONE',  ( -16.79999999999989058, 4.000000000000000000, -26.00000000000004619 ) ) ;
#2049 = ORIENTED_EDGE ( 'NONE', *, *, #2381, .T. ) ;
#2050 = ORIENTED_EDGE ( 'NONE', *, *, #1649, .F. ) ;
#2051 = DIRECTION ( 'NONE',  ( 0.000000000000000000, 0.000000000000000000, 1.000000000000000000 ) ) ;
#2052 = EDGE_CURVE ( 'NONE', #1760, #2273, #635, .T. ) ;
#2053 = CARTESIAN_POINT ( 'NONE',  ( 15.99999999999969802, 4.000000000000000000, -25.20000000000005613 ) ) ;
#2054 = CARTESIAN_POINT ( 'NONE',  ( -17.52208620591706989, 0.1095646954304922704, 31.30753545776870084 ) ) ;
#2055 = EDGE_CURVE ( 'NONE', #2175, #984, #1404, .T. ) ;
#2056 = CARTESIAN_POINT ( 'NONE',  ( -17.14999999999990976, 4.000000000000000000, -25.20000000000004903 ) ) ;
#2057 = FACE_BOUND ( 'NONE', #912, .T. ) ;
#2058 = CARTESIAN_POINT ( 'NONE',  ( -18.56016947525386840, 0.3066814312400035769, 30.97372758240070567 ) ) ;
#2059 = VERTEX_POINT ( 'NONE', #1281 ) ;
#2060 = EDGE_LOOP ( 'NONE', ( #1472, #1357, #629, #1860, #2542, #2162, #940, #2552, #1690, #2304, #1552, #840 ) ) ;
#2061 = DIRECTION ( 'NONE',  ( -1.000000000000000000, 0.000000000000000000, 0.000000000000000000 ) ) ;
#2062 = CARTESIAN_POINT ( 'NONE',  ( -15.99999999999989342, 4.000000000000000000, -29.20000000000001705 ) ) ;
#2063 = EDGE_LOOP ( 'NONE', ( #1120, #2517, #834, #53 ) ) ;
#2064 = LINE ( 'NONE', #1873, #1948 ) ;
#2065 = EDGE_CURVE ( 'NONE', #49, #638, #2105, .T. ) ;
#2066 = CARTESIAN_POINT ( 'NONE',  ( 19.09226162896419510, 0.004265200055320431637, -28.44999999999999574 ) ) ;
#2067 = CARTESIAN_POINT ( 'NONE',  ( -17.97308009426643238, 0.2655435538361032299, 31.32860798307890349 ) ) ;
#2068 = EDGE_CURVE ( 'NONE', #94, #2570, #871, .T. ) ;
#2069 = CARTESIAN_POINT ( 'NONE',  ( -19.09226162890535505, 0.004265200049866162656, -28.44999999999999929 ) ) ;
#2070 = ORIENTED_EDGE ( 'NONE', *, *, #2572, .T. ) ;
#2071 = AXIS2_PLACEMENT_3D ( 'NONE', #1273, #86, #655 ) ;
#2072 = DIRECTION ( 'NONE',  ( 0.000000000000000000, 0.000000000000000000, -1.000000000000000000 ) ) ;
#2073 = AXIS2_PLACEMENT_3D ( 'NONE', #2546, #1560, #1165 ) ;
#2074 = CARTESIAN_POINT ( 'NONE',  ( -17.94999999999989981, 2.000000000000000000, 28.93953339543465830 ) ) ;
#2075 = ORIENTED_EDGE ( 'NONE', *, *, #671, .T. ) ;
#2076 = DIRECTION ( 'NONE',  ( 1.000000000000000000, 0.000000000000000000, 0.000000000000000000 ) ) ;
#2077 = AXIS2_PLACEMENT_3D ( 'NONE', #1977, #974, #1167 ) ;
#2078 = ORIENTED_EDGE ( 'NONE', *, *, #654, .T. ) ;
#2079 = DIRECTION ( 'NONE',  ( -0.000000000000000000, 1.000000000000000000, -0.000000000000000000 ) ) ;
#2080 = VECTOR ( 'NONE', #1686, 1000.000000000000000 ) ;
#2081 = VECTOR ( 'NONE', #1838, 1000.000000000000000 ) ;
#2082 = PRESENTATION_STYLE_ASSIGNMENT (( #1729 ) ) ;
#2083 = DIRECTION ( 'NONE',  ( 0.000000000000000000, -1.000000000000000000, 0.000000000000000000 ) ) ;
#2084 = EDGE_CURVE ( 'NONE', #2443, #1868, #552, .T. ) ;
#2085 = CARTESIAN_POINT ( 'NONE',  ( -18.13792082530456184, 0.3086639265127478771, 31.28372904882582972 ) ) ;
#2086 = VECTOR ( 'NONE', #64, 1000.000000000000000 ) ;
#2087 = VECTOR ( 'NONE', #2537, 1000.000000000000000 ) ;
#2088 = DIRECTION ( 'NONE',  ( -1.000000000000000000, 0.000000000000000000, -0.000000000000000000 ) ) ;
#2089 = EDGE_LOOP ( 'NONE', ( #36, #1044, #2466, #1254 ) ) ;
#2090 = EDGE_CURVE ( 'NONE', #1062, #1266, #388, .T. ) ;
#2091 = ORIENTED_EDGE ( 'NONE', *, *, #1263, .T. ) ;
#2092 = DIRECTION ( 'NONE',  ( 0.000000000000000000, 0.000000000000000000, 1.000000000000000000 ) ) ;
#2093 = DIRECTION ( 'NONE',  ( 0.000000000000000000, 0.000000000000000000, -1.000000000000000000 ) ) ;
#2094 = EDGE_LOOP ( 'NONE', ( #602, #573, #364, #1393 ) ) ;
#2095 = FACE_OUTER_BOUND ( 'NONE', #545, .T. ) ;
#2096 = LINE ( 'NONE', #2335, #526 ) ;
#2097 = CYLINDRICAL_SURFACE ( 'NONE', #1522, 1.000000000000000888 ) ;
#2098 = CARTESIAN_POINT ( 'NONE',  ( -20.00000000000001066, 2.000000000000000000, -32.04999999999999716 ) ) ;
#2099 = CARTESIAN_POINT ( 'NONE',  ( -18.69066235365177775, -9.927226141820398002E-16, 29.99990663641733235 ) ) ;
#2100 = CARTESIAN_POINT ( 'NONE',  ( -18.44999999997027729, 0.000000000000000000, -27.75000000002852474 ) ) ;
#2101 = EDGE_CURVE ( 'NONE', #953, #532, #395, .T. ) ;
#2102 = FILL_AREA_STYLE ('',( #1721 ) ) ;
#2103 = ORIENTED_EDGE ( 'NONE', *, *, #737, .F. ) ;
#2104 = ADVANCED_FACE ( 'NONE', ( #1580 ), #1802, .T. ) ;
#2105 = LINE ( 'NONE', #1904, #2086 ) ;
#2106 = DIRECTION ( 'NONE',  ( 1.000000000000000000, 0.000000000000000000, -0.000000000000000000 ) ) ;
#2107 = VERTEX_POINT ( 'NONE', #358 ) ;
#2108 = DIRECTION ( 'NONE',  ( 0.000000000000000000, -0.000000000000000000, -1.000000000000000000 ) ) ;
#2109 =( NAMED_UNIT ( * ) SI_UNIT ( $, .STERADIAN. ) SOLID_ANGLE_UNIT ( ) );
#2110 = FILL_AREA_STYLE ('',( #97 ) ) ;
#2111 = CARTESIAN_POINT ( 'NONE',  ( 18.45000000002912088, 0.8000000000000000444, -27.75000000002852119 ) ) ;
#2112 = CARTESIAN_POINT ( 'NONE',  ( -15.99999999999989342, 4.000000000000000000, -25.20000000000004903 ) ) ;
#2113 = DIRECTION ( 'NONE',  ( -0.000000000000000000, -1.000000000000000000, -0.000000000000000000 ) ) ;
#2114 = VERTEX_POINT ( 'NONE', #1624 ) ;
#2115 = DIRECTION ( 'NONE',  ( 0.000000000000000000, -1.000000000000000000, 0.000000000000000000 ) ) ;
#2116 = ORIENTED_EDGE ( 'NONE', *, *, #474, .T. ) ;
#2117 = CARTESIAN_POINT ( 'NONE',  ( -19.03144948537275383, -1.823682022340222303E-16, -28.50233384718939433 ) ) ;
#2118 = ORIENTED_EDGE ( 'NONE', *, *, #1445, .T. ) ;
#2119 = EDGE_LOOP ( 'NONE', ( #786, #1824 ) ) ;
#2120 = DIRECTION ( 'NONE',  ( 1.000000000000000000, -0.000000000000000000, 0.000000000000000000 ) ) ;
#2121 = VERTEX_POINT ( 'NONE', #1210 ) ;
#2122 = VECTOR ( 'NONE', #309, 1000.000000000000000 ) ;
#2123 = EDGE_CURVE ( 'NONE', #1971, #2273, #1389, .T. ) ;
#2124 =( GEOMETRIC_REPRESENTATION_CONTEXT ( 3 ) GLOBAL_UNCERTAINTY_ASSIGNED_CONTEXT ( ( #369 ) ) GLOBAL_UNIT_ASSIGNED_CONTEXT ( ( #698, #673, #862 ) ) REPRESENTATION_CONTEXT ( 'NONE', 'WORKASPACE' ) );
#2125 = EDGE_CURVE ( 'NONE', #953, #167, #1199, .T. ) ;
#2126 = VECTOR ( 'NONE', #1425, 1000.000000000000000 ) ;
#2127 = ORIENTED_EDGE ( 'NONE', *, *, #1699, .T. ) ;
#2128 = ORIENTED_EDGE ( 'NONE', *, *, #1635, .F. ) ;
#2129 = CARTESIAN_POINT ( 'NONE',  ( -17.80594073598432914, 0.8000000000000000444, 31.33953339538640037 ) ) ;
#2130 = CARTESIAN_POINT ( 'NONE',  ( -20.00000000000001066, 1.000000000000000000, -32.04999999999999716 ) ) ;
#2131 = DIRECTION ( 'NONE',  ( -1.000000000000000000, -0.000000000000000000, -0.000000000000000000 ) ) ;
#2132 = CIRCLE ( 'NONE', #664, 0.9499999999802097861 ) ;
#2133 = CARTESIAN_POINT ( 'NONE',  ( 16.39999999999999147, 1.000000000000000000, -31.04999999999999361 ) ) ;
#2134 = LINE ( 'NONE', #100, #1920 ) ;
#2135 = VERTEX_POINT ( 'NONE', #1991 ) ;
#2136 = CIRCLE ( 'NONE', #1268, 0.6499999999803398598 ) ;
#2137 = CARTESIAN_POINT ( 'NONE',  ( 18.45000000002911378, 0.8000000000000000444, 27.74999999997146460 ) ) ;
#2138 = VECTOR ( 'NONE', #2564, 1000.000000000000000 ) ;
#2139 = ORIENTED_EDGE ( 'NONE', *, *, #460, .F. ) ;
#2140 = ORIENTED_EDGE ( 'NONE', *, *, #2280, .T. ) ;
#2141 = EDGE_CURVE ( 'NONE', #2251, #27, #2019, .T. ) ;
#2142 = ORIENTED_EDGE ( 'NONE', *, *, #1012, .T. ) ;
#2143 = EDGE_CURVE ( 'NONE', #1531, #1266, #2521, .T. ) ;
#2144 = CARTESIAN_POINT ( 'NONE',  ( 11.99999999999970512, 11.00000000000000000, 28.13953339543465404 ) ) ;
#2145 = DIRECTION ( 'NONE',  ( 0.000000000000000000, 0.000000000000000000, -1.000000000000000000 ) ) ;
#2146 = CARTESIAN_POINT ( 'NONE',  ( -19.00000000000001066, 1.000000000000000000, -28.44999999999999574 ) ) ;
#2147 = CARTESIAN_POINT ( 'NONE',  ( 16.79999999999969873, 2.000000000000000000, -30.00000000000002487 ) ) ;
#2148 = DIRECTION ( 'NONE',  ( 1.000000000000000000, 0.000000000000000000, -3.686287386450762407E-15 ) ) ;
#2149 = ORIENTED_EDGE ( 'NONE', *, *, #387, .F. ) ;
#2150 = VERTEX_POINT ( 'NONE', #2194 ) ;
#2151 = CARTESIAN_POINT ( 'NONE',  ( -17.80594073598432914, 0.000000000000000000, 30.38953339540619325 ) ) ;
#2152 = CARTESIAN_POINT ( 'NONE',  ( -15.07500000004159091, 4.000000000000000000, -30.00000000000002132 ) ) ;
#2153 = LINE ( 'NONE', #2523, #1743 ) ;
#2154 = ADVANCED_FACE ( 'NONE', ( #597 ), #1415, .F. ) ;
#2155 = DIRECTION ( 'NONE',  ( -1.000000000000000000, -0.000000000000000000, -0.000000000000000000 ) ) ;
#2156 = CARTESIAN_POINT ( 'NONE',  ( -11.99999999999989342, 4.099999999999998757, -25.20000000000005969 ) ) ;
#2157 = DIRECTION ( 'NONE',  ( -0.000000000000000000, -1.000000000000000000, -0.000000000000000000 ) ) ;
#2158 = EDGE_CURVE ( 'NONE', #1609, #2363, #1594, .T. ) ;
#2159 = DIRECTION ( 'NONE',  ( -1.000000000000000000, 0.000000000000000000, 0.000000000000000000 ) ) ;
#2160 = ORIENTED_EDGE ( 'NONE', *, *, #2353, .F. ) ;
#2161 = ORIENTED_EDGE ( 'NONE', *, *, #1402, .F. ) ;
#2162 = ORIENTED_EDGE ( 'NONE', *, *, #1313, .T. ) ;
#2163 = AXIS2_PLACEMENT_3D ( 'NONE', #2191, #533, #942 ) ;
#2164 = CARTESIAN_POINT ( 'NONE',  ( -18.44999999997027729, 2.000000000000000000, -27.75000000002852474 ) ) ;
#2165 = AXIS2_PLACEMENT_3D ( 'NONE', #59, #1299, #458 ) ;
#2166 = FACE_BOUND ( 'NONE', #2119, .T. ) ;
#2167 = VECTOR ( 'NONE', #1378, 1000.000000000000000 ) ;
#2168 = LINE ( 'NONE', #936, #2602 ) ;
#2169 = EDGE_CURVE ( 'NONE', #1614, #267, #2625, .T. ) ;
#2170 = CARTESIAN_POINT ( 'NONE',  ( 17.94999999999990692, 2.000000000000000000, -26.00000000000005329 ) ) ;
#2171 = CIRCLE ( 'NONE', #1224, 0.6499999999803398598 ) ;
#2172 = CARTESIAN_POINT ( 'NONE',  ( 0.000000000000000000, 0.000000000000000000, 26.10657921192203901 ) ) ;
#2173 = CIRCLE ( 'NONE', #2342, 0.9499999999802097861 ) ;
#2174 = EDGE_CURVE ( 'NONE', #662, #778, #977, .T. ) ;
#2175 = VERTEX_POINT ( 'NONE', #1817 ) ;
#2176 = VECTOR ( 'NONE', #619, 1000.000000000000000 ) ;
#2177 = ADVANCED_BREP_SHAPE_REPRESENTATION ( '后盖', ( #1013, #923 ), #1577 ) ;
#2178 = DIRECTION ( 'NONE',  ( 0.000000000000000000, 1.000000000000000000, 0.000000000000000000 ) ) ;
#2179 = ORIENTED_EDGE ( 'NONE', *, *, #1116, .F. ) ;
#2180 = CARTESIAN_POINT ( 'NONE',  ( 0.000000000000000000, 0.000000000000000000, 26.10657921192203901 ) ) ;
#2181 = CARTESIAN_POINT ( 'NONE',  ( 18.45000000002911378, 2.000000000000000000, 27.09999999999112319 ) ) ;
#2182 = CARTESIAN_POINT ( 'NONE',  ( 17.14999999999990976, 4.000000000000000000, -25.20000000000005613 ) ) ;
#2183 = LINE ( 'NONE', #1510, #2044 ) ;
#2184 = CARTESIAN_POINT ( 'NONE',  ( -18.44999999997027729, 0.000000000000000000, -27.75000000002852474 ) ) ;
#2185 = ADVANCED_FACE ( 'NONE', ( #2225 ), #783, .F. ) ;
#2186 = ORIENTED_EDGE ( 'NONE', *, *, #349, .T. ) ;
#2187 = EDGE_CURVE ( 'NONE', #96, #968, #2173, .T. ) ;
#2188 = DIRECTION ( 'NONE',  ( 1.000000000000000000, 0.000000000000000000, 0.000000000000000000 ) ) ;
#2189 = CARTESIAN_POINT ( 'NONE',  ( -16.79999999999989058, 4.000000000000000000, -30.00000000000001776 ) ) ;
#2190 = ORIENTED_EDGE ( 'NONE', *, *, #1567, .T. ) ;
#2191 = CARTESIAN_POINT ( 'NONE',  ( -17.80594073598432914, 0.8000000000000000444, 30.38953339540619325 ) ) ;
#2192 = PLANE ( 'NONE',  #747 ) ;
#2193 = DIRECTION ( 'NONE',  ( 0.000000000000000000, 0.000000000000000000, -1.000000000000000000 ) ) ;
#2194 = CARTESIAN_POINT ( 'NONE',  ( 11.99999999999969980, 1.000000000000000000, -26.20000000000004903 ) ) ;
#2195 =( NAMED_UNIT ( * ) SI_UNIT ( $, .STERADIAN. ) SOLID_ANGLE_UNIT ( ) );
#2196 = LINE ( 'NONE', #949, #2329 ) ;
#2197 = ORIENTED_EDGE ( 'NONE', *, *, #1601, .T. ) ;
#2198 = ORIENTED_EDGE ( 'NONE', *, *, #2364, .T. ) ;
#2199 = EDGE_CURVE ( 'NONE', #2135, #764, #1332, .T. ) ;
#2200 = DIRECTION ( 'NONE',  ( 0.000000000000000000, 1.000000000000000000, 0.000000000000000000 ) ) ;
#2201 = ORIENTED_EDGE ( 'NONE', *, *, #1665, .F. ) ;
#2202 = PLANE ( 'NONE',  #1394 ) ;
#2203 = EDGE_CURVE ( 'NONE', #767, #2016, #207, .T. ) ;
#2204 = CARTESIAN_POINT ( 'NONE',  ( 16.39999999999999147, 1.000000000000000000, -28.44999999999999574 ) ) ;
#2205 = VECTOR ( 'NONE', #579, 1000.000000000000000 ) ;
#2206 = DIRECTION ( 'NONE',  ( 0.000000000000000000, -0.000000000000000000, 1.000000000000000000 ) ) ;
#2207 = CARTESIAN_POINT ( 'NONE',  ( 19.99999999999998934, 2.000000000000000000, -28.44999999999999574 ) ) ;
#2208 = CIRCLE ( 'NONE', #901, 1.000000000000000888 ) ;
#2209 = CARTESIAN_POINT ( 'NONE',  ( 17.14999999999990976, 4.000000000000000000, 25.20000000000004903 ) ) ;
#2210 = CIRCLE ( 'NONE', #2559, 0.9499999999802097861 ) ;
#2211 = DIRECTION ( 'NONE',  ( 0.000000000000000000, 0.000000000000000000, -1.000000000000000000 ) ) ;
#2212 = VECTOR ( 'NONE', #2588, 1000.000000000000000 ) ;
#2213 = ORIENTED_EDGE ( 'NONE', *, *, #1613, .F. ) ;
#2214 = VECTOR ( 'NONE', #1672, 1000.000000000000000 ) ;
#2215 = ORIENTED_EDGE ( 'NONE', *, *, #2123, .F. ) ;
#2216 = CARTESIAN_POINT ( 'NONE',  ( 19.38375496763372041, 0.07486206746268141143, 27.97488868109907401 ) ) ;
#2217 = CIRCLE ( 'NONE', #289, 0.9499999999802097861 ) ;
#2218 = ORIENTED_EDGE ( 'NONE', *, *, #1781, .T. ) ;
#2219 = CARTESIAN_POINT ( 'NONE',  ( -18.58943187186588020, 0.000000000000000000, 29.85227960067094344 ) ) ;
#2220 = ORIENTED_EDGE ( 'NONE', *, *, #2221, .T. ) ;
#2221 = EDGE_CURVE ( 'NONE', #1760, #1575, #1363, .T. ) ;
#2222 = CARTESIAN_POINT ( 'NONE',  ( 18.45000000002911378, 2.000000000000000000, 27.74999999997146460 ) ) ;
#2223 = DIRECTION ( 'NONE',  ( -1.000000000000000000, 0.000000000000000000, 0.000000000000000000 ) ) ;
#2224 = EDGE_CURVE ( 'NONE', #2624, #719, #922, .T. ) ;
#2225 = FACE_OUTER_BOUND ( 'NONE', #41, .T. ) ;
#2226 = DIRECTION ( 'NONE',  ( 0.000000000000000000, -1.000000000000000000, 0.000000000000000000 ) ) ;
#2227 = ORIENTED_EDGE ( 'NONE', *, *, #2571, .T. ) ;
#2228 = ORIENTED_EDGE ( 'NONE', *, *, #2499, .T. ) ;
#2229 = CARTESIAN_POINT ( 'NONE',  ( -17.14999999999990266, 6.099999999999998757, 26.10657921192203901 ) ) ;
#2230 = ORIENTED_EDGE ( 'NONE', *, *, #1097, .F. ) ;
#2231 = LINE ( 'NONE', #352, #2339 ) ;
#2232 = ORIENTED_EDGE ( 'NONE', *, *, #192, .T. ) ;
#2233 = DIRECTION ( 'NONE',  ( 1.000000000000000000, 0.000000000000000000, -0.000000000000000000 ) ) ;
#2234 = DIRECTION ( 'NONE',  ( 0.000000000000000000, 0.000000000000000000, 1.000000000000000000 ) ) ;
#2235 = CARTESIAN_POINT ( 'NONE',  ( 18.45000000002911378, 2.000000000000000000, 27.74999999997146460 ) ) ;
#2236 = DIRECTION ( 'NONE',  ( 1.000000000000000000, 0.000000000000000000, 0.000000000000000000 ) ) ;
#2237 = EDGE_CURVE ( 'NONE', #167, #2628, #2183, .T. ) ;
#2238 = ADVANCED_FACE ( 'NONE', ( #2587 ), #1159, .F. ) ;
#2239 = VERTEX_POINT ( 'NONE', #1771 ) ;
#2240 = DIRECTION ( 'NONE',  ( 1.000000000000000000, 0.000000000000000000, -1.300891376845288315E-16 ) ) ;
#2241 = CARTESIAN_POINT ( 'NONE',  ( -17.94999999999989981, 4.000000000000000000, 28.93953339543465830 ) ) ;
#2242 = CARTESIAN_POINT ( 'NONE',  ( 17.94999999999990692, 4.000000000000000000, 26.00000000000004619 ) ) ;
#2243 = VERTEX_POINT ( 'NONE', #148 ) ;
#2244 = DIRECTION ( 'NONE',  ( 0.000000000000000000, 0.000000000000000000, 1.000000000000000000 ) ) ;
#2245 = VERTEX_POINT ( 'NONE', #2578 ) ;
#2246 = CARTESIAN_POINT ( 'NONE',  ( 0.000000000000000000, 0.000000000000000000, -26.20000000000004903 ) ) ;
#2247 = CIRCLE ( 'NONE', #1432, 1.000000000000000888 ) ;
#2248 = DIRECTION ( 'NONE',  ( 0.000000000000000000, 0.000000000000000000, 1.000000000000000000 ) ) ;
#2249 = VECTOR ( 'NONE', #2294, 1000.000000000000000 ) ;
#2250 = EDGE_CURVE ( 'NONE', #1797, #2243, #498, .T. ) ;
#2251 = VERTEX_POINT ( 'NONE', #742 ) ;
#2252 = ORIENTED_EDGE ( 'NONE', *, *, #492, .T. ) ;
#2253 = CIRCLE ( 'NONE', #2289, 3.599999999999999201 ) ;
#2254 = EDGE_CURVE ( 'NONE', #2273, #1839, #731, .T. ) ;
#2255 = LINE ( 'NONE', #1692, #1486 ) ;
#2256 = ORIENTED_EDGE ( 'NONE', *, *, #1413, .F. ) ;
#2257 = AXIS2_PLACEMENT_3D ( 'NONE', #2189, #1219, #779 ) ;
#2258 = DIRECTION ( 'NONE',  ( 0.000000000000000000, 0.000000000000000000, -1.000000000000000000 ) ) ;
#2259 = VECTOR ( 'NONE', #2340, 1000.000000000000000 ) ;
#2260 = FACE_OUTER_BOUND ( 'NONE', #2360, .T. ) ;
#2261 = DIRECTION ( 'NONE',  ( -1.263005612727651687E-16, 0.000000000000000000, -1.000000000000000000 ) ) ;
#2262 = DIRECTION ( 'NONE',  ( 1.000000000000000000, 0.000000000000000000, 0.000000000000000000 ) ) ;
#2263 = VERTEX_POINT ( 'NONE', #1113 ) ;
#2264 = EDGE_LOOP ( 'NONE', ( #1368, #2232, #1973, #1651 ) ) ;
#2265 = CYLINDRICAL_SURFACE ( 'NONE', #1752, 1.000000000000000888 ) ;
#2266 = ADVANCED_FACE ( 'NONE', ( #689 ), #2324, .T. ) ;
#2267 = DIRECTION ( 'NONE',  ( 0.000000000000000000, -1.000000000000000000, 0.000000000000000000 ) ) ;
#2268 = ORIENTED_EDGE ( 'NONE', *, *, #1613, .T. ) ;
#2269 = EDGE_CURVE ( 'NONE', #2024, #532, #2134, .T. ) ;
#2270 = CARTESIAN_POINT ( 'NONE',  ( 17.14999999999990976, 4.000000000000000000, -25.20000000000005613 ) ) ;
#2271 = DIRECTION ( 'NONE',  ( 1.000000000000000000, 0.000000000000000000, 0.000000000000000000 ) ) ;
#2272 = ORIENTED_EDGE ( 'NONE', *, *, #595, .F. ) ;
#2273 = VERTEX_POINT ( 'NONE', #1320 ) ;
#2274 = CARTESIAN_POINT ( 'NONE',  ( 18.45000000002912088, 0.8000000000000000444, -27.75000000002852119 ) ) ;
#2275 = CARTESIAN_POINT ( 'NONE',  ( -17.80594073598432914, 0.8000000000000000444, 30.38953339540619325 ) ) ;
#2276 = ORIENTED_EDGE ( 'NONE', *, *, #789, .F. ) ;
#2277 = CARTESIAN_POINT ( 'NONE',  ( -18.99890730023084728, 0.000000000000000000, -28.52537137922887567 ) ) ;
#2278 = EDGE_LOOP ( 'NONE', ( #1555, #1315, #1242, #2488 ) ) ;
#2279 = EDGE_CURVE ( 'NONE', #527, #2114, #2370, .T. ) ;
#2280 = EDGE_CURVE ( 'NONE', #638, #1971, #892, .T. ) ;
#2281 = LINE ( 'NONE', #2366, #1175 ) ;
#2282 = DIRECTION ( 'NONE',  ( 0.000000000000000000, 0.000000000000000000, 1.000000000000000000 ) ) ;
#2283 = DIRECTION ( 'NONE',  ( -1.000000000000000000, 0.000000000000000000, 0.000000000000000000 ) ) ;
#2284 = CARTESIAN_POINT ( 'NONE',  ( 18.45000000002912088, 0.8000000000000000444, -26.80000000004831406 ) ) ;
#2285 = ORIENTED_EDGE ( 'NONE', *, *, #754, .F. ) ;
#2286 = VERTEX_POINT ( 'NONE', #1951 ) ;
#2287 = AXIS2_PLACEMENT_3D ( 'NONE', #1798, #2606, #2351 ) ;
#2288 = PLANE ( 'NONE',  #1958 ) ;
#2289 = AXIS2_PLACEMENT_3D ( 'NONE', #2636, #1842, #2234 ) ;
#2290 = FACE_OUTER_BOUND ( 'NONE', #1712, .T. ) ;
#2291 = VERTEX_POINT ( 'NONE', #2147 ) ;
#2292 = AXIS2_PLACEMENT_3D ( 'NONE', #606, #180, #1247 ) ;
#2293 = VECTOR ( 'NONE', #2516, 1000.000000000000000 ) ;
#2294 = DIRECTION ( 'NONE',  ( -1.000000000000000000, 0.000000000000000000, 0.000000000000000000 ) ) ;
#2295 = VECTOR ( 'NONE', #1883, 1000.000000000000000 ) ;
#2296 = CARTESIAN_POINT ( 'NONE',  ( -20.00000000000000355, 1.000000000000000000, 28.44999999999999574 ) ) ;
#2297 = DIRECTION ( 'NONE',  ( 0.000000000000000000, 0.000000000000000000, -1.000000000000000000 ) ) ;
#2298 = DIRECTION ( 'NONE',  ( 0.000000000000000000, 0.000000000000000000, -1.000000000000000000 ) ) ;
#2299 = VECTOR ( 'NONE', #676, 1000.000000000000000 ) ;
#2300 = EDGE_CURVE ( 'NONE', #2023, #2286, #899, .T. ) ;
#2301 = CARTESIAN_POINT ( 'NONE',  ( -16.40000000000000568, 0.000000000000000000, 31.04999999999999361 ) ) ;
#2302 = VECTOR ( 'NONE', #1915, 1000.000000000000000 ) ;
#2303 = CARTESIAN_POINT ( 'NONE',  ( -17.80594073598432914, 0.2102436802232552082, 31.33953339538640037 ) ) ;
#2304 = ORIENTED_EDGE ( 'NONE', *, *, #2599, .T. ) ;
#2305 = ORIENTED_EDGE ( 'NONE', *, *, #1718, .T. ) ;
#2306 = EDGE_LOOP ( 'NONE', ( #1460, #2501 ) ) ;
#2307 = DIRECTION ( 'NONE',  ( 0.000000000000000000, 0.000000000000000000, -1.000000000000000000 ) ) ;
#2308 = CARTESIAN_POINT ( 'NONE',  ( 19.09226162890199774, 0.004265200049556768652, 28.44999999999999574 ) ) ;
#2309 = ORIENTED_EDGE ( 'NONE', *, *, #251, .T. ) ;
#2310 = ORIENTED_EDGE ( 'NONE', *, *, #1046, .F. ) ;
#2311 = CARTESIAN_POINT ( 'NONE',  ( 11.99999999999969802, 1.000000000000000000, -29.20000000000012008 ) ) ;
#2312 = CARTESIAN_POINT ( 'NONE',  ( 19.38947715170014163, 0.07891492478801437338, -27.55053638354797130 ) ) ;
#2313 = CARTESIAN_POINT ( 'NONE',  ( 16.79999999999969873, 2.000000000000000000, 29.99999999999996803 ) ) ;
#2314 = EDGE_CURVE ( 'NONE', #697, #1238, #119, .T. ) ;
#2315 = CARTESIAN_POINT ( 'NONE',  ( -17.94999999999989981, 4.000000000000000000, 28.93953339543465830 ) ) ;
#2316 = VERTEX_POINT ( 'NONE', #1344 ) ;
#2317 = EDGE_CURVE ( 'NONE', #1397, #1587, #2168, .T. ) ;
#2318 = FACE_OUTER_BOUND ( 'NONE', #1711, .T. ) ;
#2319 = ORIENTED_EDGE ( 'NONE', *, *, #636, .T. ) ;
#2320 = LINE ( 'NONE', #2144, #2464 ) ;
#2321 = DIRECTION ( 'NONE',  ( -0.000000000000000000, -1.000000000000000000, -0.000000000000000000 ) ) ;
#2322 = LINE ( 'NONE', #1809, #1953 ) ;
#2323 = DIRECTION ( 'NONE',  ( 0.000000000000000000, 0.000000000000000000, -1.000000000000000000 ) ) ;
#2324 = PLANE ( 'NONE',  #125 ) ;
#2325 = EDGE_CURVE ( 'NONE', #127, #55, #1187, .T. ) ;
#2326 = CARTESIAN_POINT ( 'NONE',  ( -15.99999999999989342, 4.099999999999998757, -29.20000000000001705 ) ) ;
#2327 = CARTESIAN_POINT ( 'NONE',  ( -20.00000000000001066, 2.000000000000000000, -32.04999999999999716 ) ) ;
#2328 = ORIENTED_EDGE ( 'NONE', *, *, #641, .T. ) ;
#2329 = VECTOR ( 'NONE', #391, 1000.000000000000000 ) ;
#2330 = CARTESIAN_POINT ( 'NONE',  ( 15.99999999999969802, 6.699999999999999289, 26.10657921192203901 ) ) ;
#2331 = EDGE_CURVE ( 'NONE', #1836, #2263, #423, .T. ) ;
#2332 = EDGE_LOOP ( 'NONE', ( #1794, #2149, #2512, #226, #1388, #465, #2361, #1444, #1255, #723, #2001, #1335, #361, #856, #1517, #818, #790, #1516, #1087 ) ) ;
#2333 = VECTOR ( 'NONE', #457, 1000.000000000000000 ) ;
#2334 = AXIS2_PLACEMENT_3D ( 'NONE', #368, #2398, #1146 ) ;
#2335 = CARTESIAN_POINT ( 'NONE',  ( -18.44999999997027729, 0.8000000000000000444, -28.70000000000873541 ) ) ;
#2336 = COLOUR_RGB ( '',0.9686274509803921573, 0.9686274509803921573, 0.9686274509803921573 ) ;
#2337 = CARTESIAN_POINT ( 'NONE',  ( -16.79999999999989058, 2.000000000000000000, -30.00000000000001776 ) ) ;
#2338 = LINE ( 'NONE', #481, #2138 ) ;
#2339 = VECTOR ( 'NONE', #985, 1000.000000000000000 ) ;
#2340 = DIRECTION ( 'NONE',  ( 0.000000000000000000, 0.000000000000000000, 1.000000000000000000 ) ) ;
#2341 = DIRECTION ( 'NONE',  ( 0.000000000000000000, 0.000000000000000000, 1.000000000000000000 ) ) ;
#2342 = AXIS2_PLACEMENT_3D ( 'NONE', #1551, #2384, #701 ) ;
#2343 = ORIENTED_EDGE ( 'NONE', *, *, #636, .F. ) ;
#2344 = VERTEX_POINT ( 'NONE', #1441 ) ;
#2345 = VECTOR ( 'NONE', #844, 1000.000000000000000 ) ;
#2346 = EDGE_LOOP ( 'NONE', ( #1912, #126, #1106, #2043 ) ) ;
#2347 = ORIENTED_EDGE ( 'NONE', *, *, #141, .T. ) ;
#2348 = EDGE_CURVE ( 'NONE', #1642, #1832, #1454, .T. ) ;
#2349 = CARTESIAN_POINT ( 'NONE',  ( 19.03144948537144288, 4.449236577579191670E-17, 28.50233384717859408 ) ) ;
#2350 = VERTEX_POINT ( 'NONE', #261 ) ;
#2351 = DIRECTION ( 'NONE',  ( 0.000000000000000000, 0.000000000000000000, -1.000000000000000000 ) ) ;
#2352 = ORIENTED_EDGE ( 'NONE', *, *, #1924, .T. ) ;
#2353 = EDGE_CURVE ( 'NONE', #94, #780, #1877, .T. ) ;
#2354 = CARTESIAN_POINT ( 'NONE',  ( -19.00000000000001066, 0.000000000000000000, -26.97540333083242459 ) ) ;
#2355 = LINE ( 'NONE', #1704, #966 ) ;
#2356 = PLANE ( 'NONE',  #1392 ) ;
#2357 = FILL_AREA_STYLE_COLOUR ( '', #1443 ) ;
#2358 = EDGE_LOOP ( 'NONE', ( #1, #310, #253, #2161 ) ) ;
#2359 = FACE_OUTER_BOUND ( 'NONE', #1473, .T. ) ;
#2360 = EDGE_LOOP ( 'NONE', ( #2049, #484, #472, #237 ) ) ;
#2361 = ORIENTED_EDGE ( 'NONE', *, *, #1093, .T. ) ;
#2362 = CARTESIAN_POINT ( 'NONE',  ( 15.99999999999970157, 4.000000000000000000, 28.97499999999999076 ) ) ;
#2363 = VERTEX_POINT ( 'NONE', #1890 ) ;
#2364 = EDGE_CURVE ( 'NONE', #1004, #1525, #2497, .T. ) ;
#2365 = CARTESIAN_POINT ( 'NONE',  ( -20.00000000000001066, 2.000000000000000000, -32.04999999999999716 ) ) ;
#2366 = CARTESIAN_POINT ( 'NONE',  ( -15.99999999999989342, 1.000000000000000000, -26.20000000000004903 ) ) ;
#2367 = PLANE ( 'NONE',  #110 ) ;
#2368 = ADVANCED_FACE ( 'NONE', ( #1428, #1845 ), #1856, .T. ) ;
#2369 = DIRECTION ( 'NONE',  ( 0.000000000000000000, 0.000000000000000000, 1.000000000000000000 ) ) ;
#2370 = LINE ( 'NONE', #90, #875 ) ;
#2371 = DIRECTION ( 'NONE',  ( -0.000000000000000000, -1.000000000000000000, -0.000000000000000000 ) ) ;
#2372 = EDGE_LOOP ( 'NONE', ( #2127, #957 ) ) ;
#2373 = ORIENTED_EDGE ( 'NONE', *, *, #129, .T. ) ;
#2374 = AXIS2_PLACEMENT_3D ( 'NONE', #2172, #2211, #377 ) ;
#2375 = CARTESIAN_POINT ( 'NONE',  ( 16.04999999999969873, 1.000000000000000666, -26.20000000000004903 ) ) ;
#2376 = ORIENTED_EDGE ( 'NONE', *, *, #2653, .F. ) ;
#2377 = MECHANICAL_DESIGN_GEOMETRIC_PRESENTATION_REPRESENTATION (  '', ( #1474 ), #2124 ) ;
#2378 = DIRECTION ( 'NONE',  ( 0.000000000000000000, 0.000000000000000000, -1.000000000000000000 ) ) ;
#2379 = DIRECTION ( 'NONE',  ( 0.000000000000000000, -1.000000000000000000, 0.000000000000000000 ) ) ;
#2380 = VECTOR ( 'NONE', #2506, 1000.000000000000000 ) ;
#2381 = EDGE_CURVE ( 'NONE', #2616, #1593, #1029, .T. ) ;
#2382 = DIRECTION ( 'NONE',  ( 1.000000000000000000, -0.000000000000000000, 0.000000000000000000 ) ) ;
#2383 = CIRCLE ( 'NONE', #1264, 0.9499999999802097861 ) ;
#2384 = DIRECTION ( 'NONE',  ( 0.000000000000000000, -1.000000000000000000, 0.000000000000000000 ) ) ;
#2385 = CARTESIAN_POINT ( 'NONE',  ( -13.14999999999990088, 4.000000000000000000, 28.13953339543465759 ) ) ;
#2386 = EDGE_CURVE ( 'NONE', #661, #925, #410, .T. ) ;
#2387 = AXIS2_PLACEMENT_3D ( 'NONE', #1498, #1080, #2261 ) ;
#2388 = DIRECTION ( 'NONE',  ( -1.046590332414376300E-16, 0.000000000000000000, -1.000000000000000000 ) ) ;
#2389 = ORIENTED_EDGE ( 'NONE', *, *, #520, .T. ) ;
#2390 = AXIS2_PLACEMENT_3D ( 'NONE', #2514, #1490, #2092 ) ;
#2391 = EDGE_LOOP ( 'NONE', ( #1324, #1630, #1272, #1169 ) ) ;
#2392 = AXIS2_PLACEMENT_3D ( 'NONE', #2146, #1521, #1319 ) ;
#2393 = DIRECTION ( 'NONE',  ( 0.000000000000000000, -1.000000000000000000, 0.000000000000000000 ) ) ;
#2394 = ORIENTED_EDGE ( 'NONE', *, *, #2594, .F. ) ;
#2395 = LINE ( 'NONE', #1982, #294 ) ;
#2396 = CARTESIAN_POINT ( 'NONE',  ( 16.79999999999969873, 4.000000000000000000, 26.00000000000004619 ) ) ;
#2397 = DIRECTION ( 'NONE',  ( 1.000000000000000000, 0.000000000000000000, -0.000000000000000000 ) ) ;
#2398 = DIRECTION ( 'NONE',  ( 0.000000000000000000, -1.000000000000000000, 0.000000000000000000 ) ) ;
#2399 = CYLINDRICAL_SURFACE ( 'NONE', #1218, 3.599999999999999201 ) ;
#2400 = CARTESIAN_POINT ( 'NONE',  ( -11.99999999999989342, 11.00000000000000000, -29.20000000000003126 ) ) ;
#2401 = LINE ( 'NONE', #103, #2167 ) ;
#2402 = SURFACE_STYLE_USAGE ( .BOTH. , #1379 ) ;
#2403 = ADVANCED_FACE ( 'NONE', ( #432 ), #2480, .T. ) ;
#2404 = ORIENTED_EDGE ( 'NONE', *, *, #1012, .F. ) ;
#2405 = ADVANCED_FACE ( 'NONE', ( #249 ), #659, .T. ) ;
#2406 = ORIENTED_EDGE ( 'NONE', *, *, #1461, .F. ) ;
#2407 = LINE ( 'NONE', #403, #623 ) ;
#2408 = VERTEX_POINT ( 'NONE', #234 ) ;
#2409 = PLANE ( 'NONE',  #2287 ) ;
#2410 = DIRECTION ( 'NONE',  ( 0.000000000000000000, 0.000000000000000000, 1.000000000000000000 ) ) ;
#2411 = CARTESIAN_POINT ( 'NONE',  ( 18.99890730022959318, 0.000000000000000000, -28.52537137927141231 ) ) ;
#2412 = DIRECTION ( 'NONE',  ( 0.000000000000000000, -1.000000000000000000, 0.000000000000000000 ) ) ;
#2413 = ORIENTED_EDGE ( 'NONE', *, *, #2022, .F. ) ;
#2414 = CARTESIAN_POINT ( 'NONE',  ( 18.45000000002911378, 2.000000000000000000, 28.39999999995180247 ) ) ;
#2415 = CARTESIAN_POINT ( 'NONE',  ( 18.45000000002912088, 0.7999999999999999334, -27.10000000004818332 ) ) ;
#2416 = CARTESIAN_POINT ( 'NONE',  ( -16.40000000000000568, 1.000000000000000000, 32.04999999999999716 ) ) ;
#2417 = ORIENTED_EDGE ( 'NONE', *, *, #1513, .F. ) ;
#2418 = EDGE_LOOP ( 'NONE', ( #1691, #2305 ) ) ;
#2419 = CARTESIAN_POINT ( 'NONE',  ( -15.77500000000008740, 4.000000000000000000, 29.99999999999998224 ) ) ;
#2420 = EDGE_CURVE ( 'NONE', #1941, #96, #1647, .T. ) ;
#2421 = ORIENTED_EDGE ( 'NONE', *, *, #2456, .T. ) ;
#2422 = FACE_OUTER_BOUND ( 'NONE', #1023, .T. ) ;
#2423 = ORIENTED_EDGE ( 'NONE', *, *, #2269, .F. ) ;
#2424 = DIRECTION ( 'NONE',  ( -1.000000000000000000, 0.000000000000000000, 0.000000000000000000 ) ) ;
#2425 = TOROIDAL_SURFACE ( 'NONE', #107, 2.600000000000000089, 1.000000000000000000 ) ;
#2426 = DIRECTION ( 'NONE',  ( 0.000000000000000000, 0.000000000000000000, -1.000000000000000000 ) ) ;
#2427 = CARTESIAN_POINT ( 'NONE',  ( -17.80594073598432914, 2.000000000000000000, 30.38953339540619325 ) ) ;
#2428 = CIRCLE ( 'NONE', #2334, 0.9499999999802097861 ) ;
#2429 = DIRECTION ( 'NONE',  ( 0.000000000000000000, 0.000000000000000000, -1.000000000000000000 ) ) ;
#2430 = VECTOR ( 'NONE', #1519, 1000.000000000000000 ) ;
#2431 = CIRCLE ( 'NONE', #2562, 1.000000000000000888 ) ;
#2432 = ORIENTED_EDGE ( 'NONE', *, *, #2317, .T. ) ;
#2433 = DIRECTION ( 'NONE',  ( -0.000000000000000000, -1.000000000000000000, -0.000000000000000000 ) ) ;
#2434 = VECTOR ( 'NONE', #1870, 1000.000000000000000 ) ;
#2435 = DIRECTION ( 'NONE',  ( -1.000000000000000000, 0.000000000000000000, -0.000000000000000000 ) ) ;
#2436 = AXIS2_PLACEMENT_3D ( 'NONE', #2274, #466, #1060 ) ;
#2437 = ORIENTED_EDGE ( 'NONE', *, *, #1027, .T. ) ;
#2438 = FACE_OUTER_BOUND ( 'NONE', #2482, .T. ) ;
#2439 = ORIENTED_EDGE ( 'NONE', *, *, #760, .F. ) ;
#2440 = VECTOR ( 'NONE', #713, 1000.000000000000000 ) ;
#2441 = EDGE_CURVE ( 'NONE', #2544, #1850, #1041, .T. ) ;
#2442 = CARTESIAN_POINT ( 'NONE',  ( 16.39999999999999858, 1.000000000000000000, 28.44999999999999574 ) ) ;
#2443 = VERTEX_POINT ( 'NONE', #1676 ) ;
#2444 = DIRECTION ( 'NONE',  ( -0.000000000000000000, -1.000000000000000000, -0.000000000000000000 ) ) ;
#2445 = ADVANCED_FACE ( 'NONE', ( #1290 ), #2525, .F. ) ;
#2446 = CARTESIAN_POINT ( 'NONE',  ( -13.14999999999990088, 4.000000000000000000, 28.13953339543465759 ) ) ;
#2447 = VERTEX_POINT ( 'NONE', #2313 ) ;
#2448 = CARTESIAN_POINT ( 'NONE',  ( -19.09226162890535505, 0.004265200049866162656, -28.44999999999999929 ) ) ;
#2449 = CARTESIAN_POINT ( 'NONE',  ( 19.19576508709935325, 0.01385550225728665943, 28.35503385763843198 ) ) ;
#2450 = ORIENTED_EDGE ( 'NONE', *, *, #2441, .F. ) ;
#2451 = PLANE ( 'NONE',  #2257 ) ;
#2452 = ORIENTED_EDGE ( 'NONE', *, *, #1896, .F. ) ;
#2453 = EDGE_CURVE ( 'NONE', #1405, #31, #1742, .T. ) ;
#2454 = FACE_OUTER_BOUND ( 'NONE', #80, .T. ) ;
#2455 = DIRECTION ( 'NONE',  ( 1.000000000000000000, 0.000000000000000000, -8.673617379884035472E-16 ) ) ;
#2456 = EDGE_CURVE ( 'NONE', #238, #324, #61, .T. ) ;
#2457 = EDGE_LOOP ( 'NONE', ( #1423, #1934, #2467, #1101, #1667, #202, #285 ) ) ;
#2458 = CARTESIAN_POINT ( 'NONE',  ( 19.34824157346276152, 0.05991632929057121720, 27.41048641251042639 ) ) ;
#2459 = ORIENTED_EDGE ( 'NONE', *, *, #2572, .F. ) ;
#2460 = CARTESIAN_POINT ( 'NONE',  ( 18.99999999999999645, 0.000000000000000000, 26.97540333073357743 ) ) ;
#2461 = ORIENTED_EDGE ( 'NONE', *, *, #474, .F. ) ;
#2462 = FACE_OUTER_BOUND ( 'NONE', #2589, .T. ) ;
#2463 = CARTESIAN_POINT ( 'NONE',  ( -18.37083675352438661, 0.3367231749619293835, 31.15840250632525255 ) ) ;
#2464 = VECTOR ( 'NONE', #1464, 1000.000000000000000 ) ;
#2465 = EDGE_CURVE ( 'NONE', #2635, #1292, #2548, .T. ) ;
#2466 = ORIENTED_EDGE ( 'NONE', *, *, #849, .F. ) ;
#2467 = ORIENTED_EDGE ( 'NONE', *, *, #1417, .T. ) ;
#2468 = AXIS2_PLACEMENT_3D ( 'NONE', #807, #2223, #1437 ) ;
#2469 = VERTEX_POINT ( 'NONE', #898 ) ;
#2470 = AXIS2_PLACEMENT_3D ( 'NONE', #1028, #2083, #1703 ) ;
#2471 = CARTESIAN_POINT ( 'NONE',  ( -20.00000000000000355, 2.000000000000000000, 32.04999999999999716 ) ) ;
#2472 = CIRCLE ( 'NONE', #1307, 3.599999999999999201 ) ;
#2473 = LINE ( 'NONE', #436, #2642 ) ;
#2474 = ORIENTED_EDGE ( 'NONE', *, *, #1620, .T. ) ;
#2475 = CARTESIAN_POINT ( 'NONE',  ( -17.80594073598432914, 0.7999999999999999334, 30.38953339540619325 ) ) ;
#2476 = ORIENTED_EDGE ( 'NONE', *, *, #1649, .T. ) ;
#2477 = VECTOR ( 'NONE', #2444, 1000.000000000000000 ) ;
#2478 = VECTOR ( 'NONE', #718, 1000.000000000000000 ) ;
#2479 = CARTESIAN_POINT ( 'NONE',  ( 0.000000000000000000, 0.000000000000000000, -26.20000000000004903 ) ) ;
#2480 = CYLINDRICAL_SURFACE ( 'NONE', #1532, 3.599999999999999201 ) ;
#2481 = CARTESIAN_POINT ( 'NONE',  ( -19.06258299658668065, 0.001515272095614765687, -28.47723063819762146 ) ) ;
#2482 = EDGE_LOOP ( 'NONE', ( #81, #1554, #2252, #1848 ) ) ;
#2483 = ORIENTED_EDGE ( 'NONE', *, *, #941, .F. ) ;
#2484 = EDGE_CURVE ( 'NONE', #638, #1556, #496, .T. ) ;
#2485 = DIRECTION ( 'NONE',  ( -0.000000000000000000, -1.000000000000000000, -0.000000000000000000 ) ) ;
#2486 = CARTESIAN_POINT ( 'NONE',  ( 0.000000000000000000, 0.000000000000000000, -31.04999999999999361 ) ) ;
#2487 = EDGE_CURVE ( 'NONE', #1267, #1431, #305, .T. ) ;
#2488 = ORIENTED_EDGE ( 'NONE', *, *, #387, .T. ) ;
#2489 = ORIENTED_EDGE ( 'NONE', *, *, #610, .T. ) ;
#2490 = DIRECTION ( 'NONE',  ( 1.000000000000000000, 0.000000000000000000, 0.000000000000000000 ) ) ;
#2491 = CARTESIAN_POINT ( 'NONE',  ( -16.40000000000000568, 1.000000000000000000, 28.44999999999999574 ) ) ;
#2492 = DIRECTION ( 'NONE',  ( -0.000000000000000000, -1.000000000000000000, -0.000000000000000000 ) ) ;
#2493 = CARTESIAN_POINT ( 'NONE',  ( -18.61029322210177028, 0.2851269118863954399, 30.90210370508686211 ) ) ;
#2494 = DIRECTION ( 'NONE',  ( 1.000000000000000000, 0.000000000000000000, -0.000000000000000000 ) ) ;
#2495 = ORIENTED_EDGE ( 'NONE', *, *, #161, .F. ) ;
#2496 = ORIENTED_EDGE ( 'NONE', *, *, #1347, .F. ) ;
#2497 = B_SPLINE_CURVE_WITH_KNOTS ( 'NONE', 3,
 ( #1237, #17, #2067, #2085, #10, #2463, #1055, #2058, #2493, #1637, #444, #224, #2099, #1663 ),
 .UNSPECIFIED., .F., .F.,
 ( 4, 2, 2, 2, 2, 2, 4 ),
 ( 0.0008953094535557803383, 0.001158907614955614895, 0.001422505776355449236, 0.001686103937755289214, 0.001949702099155129192, 0.002476898421954813051, 0.003004094744754497344 ),
 .UNSPECIFIED. ) ;
#2498 = CARTESIAN_POINT ( 'NONE',  ( 16.39999999999999858, 0.000000000000000000, 31.04999999999999361 ) ) ;
#2499 = EDGE_CURVE ( 'NONE', #1886, #1397, #99, .T. ) ;
#2500 = LINE ( 'NONE', #1282, #2434 ) ;
#2501 = ORIENTED_EDGE ( 'NONE', *, *, #1733, .T. ) ;
#2502 = ORIENTED_EDGE ( 'NONE', *, *, #2254, .T. ) ;
#2503 = EDGE_CURVE ( 'NONE', #1587, #1238, #2338, .T. ) ;
#2504 = CARTESIAN_POINT ( 'NONE',  ( 15.99999999999969802, 1.000000000000000888, 26.10657921192203901 ) ) ;
#2505 = DIRECTION ( 'NONE',  ( 0.000000000000000000, 1.000000000000000000, 0.000000000000000000 ) ) ;
#2506 = DIRECTION ( 'NONE',  ( -1.000000000000000000, 0.000000000000000000, 3.469446951953614189E-15 ) ) ;
#2507 = CARTESIAN_POINT ( 'NONE',  ( -15.99999999999989342, 11.00000000000000000, 0.000000000000000000 ) ) ;
#2508 = CARTESIAN_POINT ( 'NONE',  ( 15.99999999999969802, 6.699999999999999289, 28.13953339543465404 ) ) ;
#2509 = AXIS2_PLACEMENT_3D ( 'NONE', #2541, #2159, #321 ) ;
#2510 = LINE ( 'NONE', #1043, #1611 ) ;
#2511 = ORIENTED_EDGE ( 'NONE', *, *, #2300, .F. ) ;
#2512 = ORIENTED_EDGE ( 'NONE', *, *, #2279, .F. ) ;
#2513 = ORIENTED_EDGE ( 'NONE', *, *, #1762, .T. ) ;
#2514 = CARTESIAN_POINT ( 'NONE',  ( 16.39999999999999147, 2.000000000000000000, -28.44999999999999574 ) ) ;
#2515 = VECTOR ( 'NONE', #330, 1000.000000000000000 ) ;
#2516 = DIRECTION ( 'NONE',  ( 0.000000000000000000, 0.000000000000000000, -1.000000000000000000 ) ) ;
#2517 = ORIENTED_EDGE ( 'NONE', *, *, #2101, .F. ) ;
#2518 = VECTOR ( 'NONE', #1015, 1000.000000000000000 ) ;
#2519 = EDGE_CURVE ( 'NONE', #2350, #778, #75, .T. ) ;
#2520 = CARTESIAN_POINT ( 'NONE',  ( 18.45000000002912088, 2.000000000000000000, -27.75000000002852119 ) ) ;
#2521 = CIRCLE ( 'NONE', #798, 0.6499999999803398598 ) ;
#2522 = LINE ( 'NONE', #1518, #2637 ) ;
#2523 = CARTESIAN_POINT ( 'NONE',  ( -15.99999999999989342, 4.000000000000000000, 28.97499999999999076 ) ) ;
#2524 = DIRECTION ( 'NONE',  ( 1.000000000000000000, 0.000000000000000000, 0.000000000000000000 ) ) ;
#2525 = CYLINDRICAL_SURFACE ( 'NONE', #76, 0.6499999999803398598 ) ;
#2526 = AXIS2_PLACEMENT_3D ( 'NONE', #132, #2178, #1370 ) ;
#2527 = ADVANCED_FACE ( 'NONE', ( #1302 ), #1509, .F. ) ;
#2528 = DIRECTION ( 'NONE',  ( -0.000000000000000000, 1.000000000000000000, -0.000000000000000000 ) ) ;
#2529 = CARTESIAN_POINT ( 'NONE',  ( -15.77500000000008740, 4.000000000000000000, -26.20000000000005258 ) ) ;
#2530 = ORIENTED_EDGE ( 'NONE', *, *, #2614, .T. ) ;
#2531 = LINE ( 'NONE', #2330, #166 ) ;
#2532 = LINE ( 'NONE', #54, #376 ) ;
#2533 = EDGE_LOOP ( 'NONE', ( #1775, #1763, #2140, #1543 ) ) ;
#2534 = LINE ( 'NONE', #2129, #660 ) ;
#2535 = DIRECTION ( 'NONE',  ( -0.000000000000000000, 0.000000000000000000, 1.000000000000000000 ) ) ;
#2536 = EDGE_CURVE ( 'NONE', #1642, #1819, #1537, .T. ) ;
#2537 = DIRECTION ( 'NONE',  ( -0.000000000000000000, -1.000000000000000000, -0.000000000000000000 ) ) ;
#2538 = CARTESIAN_POINT ( 'NONE',  ( -11.99999999999989342, 11.00000000000000000, -29.20000000000003126 ) ) ;
#2539 = SURFACE_SIDE_STYLE ('',( #1069 ) ) ;
#2540 = EDGE_CURVE ( 'NONE', #780, #2121, #2355, .T. ) ;
#2541 = CARTESIAN_POINT ( 'NONE',  ( 16.79999999999969873, 4.000000000000000000, 29.99999999999996803 ) ) ;
#2542 = ORIENTED_EDGE ( 'NONE', *, *, #540, .T. ) ;
#2543 = FACE_OUTER_BOUND ( 'NONE', #2011, .T. ) ;
#2544 = VERTEX_POINT ( 'NONE', #866 ) ;
#2545 = VERTEX_POINT ( 'NONE', #700 ) ;
#2546 = CARTESIAN_POINT ( 'NONE',  ( -18.44999999997027729, 2.000000000000000000, -27.75000000002852474 ) ) ;
#2547 = DIRECTION ( 'NONE',  ( -0.000000000000000000, -1.000000000000000000, -0.000000000000000000 ) ) ;
#2548 = LINE ( 'NONE', #1082, #1147 ) ;
#2549 = DIRECTION ( 'NONE',  ( 0.000000000000000000, 0.000000000000000000, -1.000000000000000000 ) ) ;
#2550 = CARTESIAN_POINT ( 'NONE',  ( -1.076395916843625337E-13, 11.00000000000000000, -29.20000000000007745 ) ) ;
#2551 = CARTESIAN_POINT ( 'NONE',  ( 15.99999999999969802, 11.00000000000000000, 0.000000000000000000 ) ) ;
#2552 = ORIENTED_EDGE ( 'NONE', *, *, #2487, .T. ) ;
#2553 = EDGE_CURVE ( 'NONE', #2239, #1418, #2648, .T. ) ;
#2554 = EDGE_LOOP ( 'NONE', ( #213, #1311, #1463, #2476 ) ) ;
#2555 = EDGE_CURVE ( 'NONE', #2024, #527, #1500, .T. ) ;
#2556 = ORIENTED_EDGE ( 'NONE', *, *, #1317, .F. ) ;
#2557 = AXIS2_PLACEMENT_3D ( 'NONE', #2595, #2382, #538 ) ;
#2558 = DIRECTION ( 'NONE',  ( 0.000000000000000000, -1.000000000000000000, 0.000000000000000000 ) ) ;
#2559 = AXIS2_PLACEMENT_3D ( 'NONE', #1318, #1685, #1479 ) ;
#2560 = ORIENTED_EDGE ( 'NONE', *, *, #2123, .T. ) ;
#2561 = PLANE ( 'NONE',  #1831 ) ;
#2562 = AXIS2_PLACEMENT_3D ( 'NONE', #470, #2535, #2524 ) ;
#2563 = DIRECTION ( 'NONE',  ( -0.000000000000000000, -1.000000000000000000, -0.000000000000000000 ) ) ;
#2564 = DIRECTION ( 'NONE',  ( -0.000000000000000000, -1.000000000000000000, -0.000000000000000000 ) ) ;
#2565 = AXIS2_PLACEMENT_3D ( 'NONE', #1447, #1061, #1253 ) ;
#2566 = CARTESIAN_POINT ( 'NONE',  ( -17.80594073598432914, 2.000000000000000000, 31.03953339538653466 ) ) ;
#2567 = CARTESIAN_POINT ( 'NONE',  ( -17.80594073598432914, 2.000000000000000000, 30.38953339540619325 ) ) ;
#2568 = VECTOR ( 'NONE', #256, 1000.000000000000000 ) ;
#2569 = DIRECTION ( 'NONE',  ( -1.000000000000000000, 0.000000000000000000, -0.000000000000000000 ) ) ;
#2570 = VERTEX_POINT ( 'NONE', #735 ) ;
#2571 = EDGE_CURVE ( 'NONE', #1405, #2616, #1764, .T. ) ;
#2572 = EDGE_CURVE ( 'NONE', #1062, #1088, #1489, .T. ) ;
#2573 = LINE ( 'NONE', #1162, #1843 ) ;
#2574 = ORIENTED_EDGE ( 'NONE', *, *, #1854, .T. ) ;
#2575 = CARTESIAN_POINT ( 'NONE',  ( -15.99999999999989342, 4.099999999999998757, -26.20000000000004903 ) ) ;
#2576 = CARTESIAN_POINT ( 'NONE',  ( 15.99999999999969802, 4.000000000000000000, 26.10657921192203901 ) ) ;
#2577 = CYLINDRICAL_SURFACE ( 'NONE', #2557, 1.000000000000000888 ) ;
#2578 = CARTESIAN_POINT ( 'NONE',  ( -15.77500000000008740, 4.000000000000000000, 29.99999999999998224 ) ) ;
#2579 = CARTESIAN_POINT ( 'NONE',  ( 15.99999999999969802, 6.699999999999999289, 26.10657921192203901 ) ) ;
#2580 = EDGE_LOOP ( 'NONE', ( #150, #1306, #2649, #2574 ) ) ;
#2581 = ADVANCED_FACE ( 'NONE', ( #153 ), #748, .T. ) ;
#2582 = CARTESIAN_POINT ( 'NONE',  ( -17.14999999999990976, 4.000000000000000000, -25.20000000000004903 ) ) ;
#2583 = FACE_OUTER_BOUND ( 'NONE', #646, .T. ) ;
#2584 = EDGE_CURVE ( 'NONE', #764, #2024, #95, .T. ) ;
#2585 = CARTESIAN_POINT ( 'NONE',  ( 18.45000000002911378, 0.8000000000000000444, 26.79999999999125393 ) ) ;
#2586 = CARTESIAN_POINT ( 'NONE',  ( 18.45000000002912088, 0.000000000000000000, -27.75000000002852119 ) ) ;
#2587 = FACE_OUTER_BOUND ( 'NONE', #1091, .T. ) ;
#2588 = DIRECTION ( 'NONE',  ( -0.000000000000000000, -1.000000000000000000, -0.000000000000000000 ) ) ;
#2589 = EDGE_LOOP ( 'NONE', ( #1412, #171, #504, #525 ) ) ;
#2590 = FACE_OUTER_BOUND ( 'NONE', #1902, .T. ) ;
#2591 = CARTESIAN_POINT ( 'NONE',  ( 17.14999999999990976, 4.000000000000000000, -25.20000000000005613 ) ) ;
#2592 = FACE_OUTER_BOUND ( 'NONE', #1468, .T. ) ;
#2593 = AXIS2_PLACEMENT_3D ( 'NONE', #355, #1799, #2410 ) ;
#2594 = EDGE_CURVE ( 'NONE', #139, #2635, #2573, .T. ) ;
#2595 = CARTESIAN_POINT ( 'NONE',  ( -20.00000000000000355, 1.000000000000000000, 31.04999999999999361 ) ) ;
#2596 = DIRECTION ( 'NONE',  ( -0.000000000000000000, -0.000000000000000000, -1.000000000000000000 ) ) ;
#2597 = DIRECTION ( 'NONE',  ( 0.000000000000000000, 0.000000000000000000, -1.000000000000000000 ) ) ;
#2598 = VECTOR ( 'NONE', #1694, 1000.000000000000000 ) ;
#2599 = EDGE_CURVE ( 'NONE', #299, #2251, #931, .T. ) ;
#2600 = VECTOR ( 'NONE', #319, 1000.000000000000000 ) ;
#2601 = ORIENTED_EDGE ( 'NONE', *, *, #776, .T. ) ;
#2602 = VECTOR ( 'NONE', #2455, 1000.000000000000000 ) ;
#2603 = ORIENTED_EDGE ( 'NONE', *, *, #2503, .T. ) ;
#2604 = CARTESIAN_POINT ( 'NONE',  ( -18.44999999997027729, 0.8000000000000000444, -27.75000000002852474 ) ) ;
#2605 = ORIENTED_EDGE ( 'NONE', *, *, #1369, .T. ) ;
#2606 = DIRECTION ( 'NONE',  ( 1.000000000000000000, 0.000000000000000000, 0.000000000000000000 ) ) ;
#2607 = LINE ( 'NONE', #934, #707 ) ;
#2608 = CYLINDRICAL_SURFACE ( 'NONE', #1174, 0.9499999999802097861 ) ;
#2609 = CARTESIAN_POINT ( 'NONE',  ( -17.14999999999990976, 1.000000000000000888, -25.20000000000004903 ) ) ;
#2610 = EDGE_CURVE ( 'NONE', #2624, #94, #2395, .T. ) ;
#2611 = CARTESIAN_POINT ( 'NONE',  ( -19.21208386973572857, 0.02017862157503241133, -27.16576068625802520 ) ) ;
#2612 = CARTESIAN_POINT ( 'NONE',  ( -11.99999999999989342, 1.000000000000000000, -26.20000000000004903 ) ) ;
#2613 = VERTEX_POINT ( 'NONE', #142 ) ;
#2614 = EDGE_CURVE ( 'NONE', #19, #1850, #546, .T. ) ;
#2615 = VERTEX_POINT ( 'NONE', #1122 ) ;
#2616 = VERTEX_POINT ( 'NONE', #2582 ) ;
#2617 = CARTESIAN_POINT ( 'NONE',  ( 18.45000000002911378, 0.000000000000000000, 27.74999999997146460 ) ) ;
#2618 = EDGE_LOOP ( 'NONE', ( #596, #1076, #2018, #124, #424, #555, #722 ) ) ;
#2619 = CYLINDRICAL_SURFACE ( 'NONE', #752, 1.024999999999991251 ) ;
#2620 = ORIENTED_EDGE ( 'NONE', *, *, #610, .F. ) ;
#2621 = FACE_OUTER_BOUND ( 'NONE', #1872, .T. ) ;
#2622 = DIRECTION ( 'NONE',  ( 0.000000000000000000, 0.000000000000000000, 1.000000000000000000 ) ) ;
#2623 = DIRECTION ( 'NONE',  ( 0.000000000000000000, 1.000000000000000000, 0.000000000000000000 ) ) ;
#2624 = VERTEX_POINT ( 'NONE', #2375 ) ;
#2625 = LINE ( 'NONE', #2414, #493 ) ;
#2626 = DIRECTION ( 'NONE',  ( 0.000000000000000000, 0.000000000000000000, -1.000000000000000000 ) ) ;
#2627 = ORIENTED_EDGE ( 'NONE', *, *, #1974, .T. ) ;
#2628 = VERTEX_POINT ( 'NONE', #530 ) ;
#2629 = EDGE_CURVE ( 'NONE', #1673, #767, #135, .T. ) ;
#2630 = DIRECTION ( 'NONE',  ( 0.000000000000000000, 0.000000000000000000, -1.000000000000000000 ) ) ;
#2631 = DIRECTION ( 'NONE',  ( 0.000000000000000000, 0.000000000000000000, 1.000000000000000000 ) ) ;
#2632 = ORIENTED_EDGE ( 'NONE', *, *, #2052, .F. ) ;
#2633 = DIRECTION ( 'NONE',  ( 0.000000000000000000, 0.000000000000000000, -1.000000000000000000 ) ) ;
#2634 = ADVANCED_FACE ( 'NONE', ( #2590 ), #1933, .T. ) ;
#2635 = VERTEX_POINT ( 'NONE', #111 ) ;
#2636 = CARTESIAN_POINT ( 'NONE',  ( -16.40000000000000568, 2.000000000000000000, 28.44999999999999574 ) ) ;
#2637 = VECTOR ( 'NONE', #1052, 1000.000000000000000 ) ;
#2638 = CARTESIAN_POINT ( 'NONE',  ( 0.000000000000000000, 6.699999999999999289, 0.000000000000000000 ) ) ;
#2639 = AXIS2_PLACEMENT_3D ( 'NONE', #2442, #188, #1660 ) ;
#2640 = DIRECTION ( 'NONE',  ( -0.000000000000000000, -1.000000000000000000, -0.000000000000000000 ) ) ;
#2641 = CIRCLE ( 'NONE', #868, 0.6499999999803398598 ) ;
#2642 = VECTOR ( 'NONE', #2258, 1000.000000000000000 ) ;
#2643 = ORIENTED_EDGE ( 'NONE', *, *, #1635, .T. ) ;
#2644 = VECTOR ( 'NONE', #787, 1000.000000000000000 ) ;
#2645 = EDGE_LOOP ( 'NONE', ( #191, #1309, #2198, #1016, #314 ) ) ;
#2646 = LINE ( 'NONE', #12, #1047 ) ;
#2647 = EDGE_CURVE ( 'NONE', #1713, #2408, #1961, .T. ) ;
#2648 = CIRCLE ( 'NONE', #2392, 1.000000000000000888 ) ;
#2649 = ORIENTED_EDGE ( 'NONE', *, *, #1697, .F. ) ;
#2650 = DIRECTION ( 'NONE',  ( 0.000000000000000000, 0.000000000000000000, -1.000000000000000000 ) ) ;
#2651 = ORIENTED_EDGE ( 'NONE', *, *, #876, .T. ) ;
#2652 = DIRECTION ( 'NONE',  ( 1.000000000000000000, 0.000000000000000000, 0.000000000000000000 ) ) ;
#2653 = EDGE_CURVE ( 'NONE', #1525, #915, #1709, .T. ) ;
#2654 = DIRECTION ( 'NONE',  ( -0.000000000000000000, 0.000000000000000000, 1.000000000000000000 ) ) ;
#2655 = CYLINDRICAL_SURFACE ( 'NONE', #240, 0.9499999999802097861 ) ;
#2656 = DIRECTION ( 'NONE',  ( 0.000000000000000000, -0.000000000000000000, 1.000000000000000000 ) ) ;
#2657 = ORIENTED_EDGE ( 'NONE', *, *, #1620, .F. ) ;
#2658 = DIRECTION ( 'NONE',  ( 0.000000000000000000, 0.000000000000000000, -1.000000000000000000 ) ) ;
ENDSEC;
END-ISO-10303-21;
