ISO-10303-21;
HEADER;
FILE_DESCRIPTION (( 'STEP AP214' ),
    '1' );
FILE_NAME ('按键阵列.STEP',
    '2023-09-10T09:47:28',
    ( '' ),
    ( '' ),
    'SwSTEP 2.0',
    'SolidWorks 2022',
    '' );
FILE_SCHEMA (( 'AUTOMOTIVE_DESIGN' ));
ENDSEC;

DATA;
#1 = SURFACE_STYLE_FILL_AREA ( #1265 ) ;
#2 = VERTEX_POINT ( 'NONE', #351 ) ;
#3 = CARTESIAN_POINT ( 'NONE',  ( -3.395968144004770891E-15, -8.600000000000003197, 1.900000000000000577 ) ) ;
#4 = CARTESIAN_POINT ( 'NONE',  ( 4.286263797015737088E-16, 0.3999999999999995781, 3.500000000000000444 ) ) ;
#5 = VERTEX_POINT ( 'NONE', #890 ) ;
#6 = EDGE_CURVE ( 'NONE', #1053, #197, #1199, .T. ) ;
#7 = AXIS2_PLACEMENT_3D ( 'NONE', #771, #1013, #987 ) ;
#8 = VECTOR ( 'NONE', #528, 1000.000000000000000 ) ;
#9 = DIRECTION ( 'NONE',  ( 0.000000000000000000, 0.000000000000000000, -1.000000000000000000 ) ) ;
#10 = AXIS2_PLACEMENT_3D ( 'NONE', #28, #1187, #1095 ) ;
#11 = CIRCLE ( 'NONE', #915, 0.5999999999999999778 ) ;
#12 = PLANE ( 'NONE',  #225 ) ;
#13 = ORIENTED_EDGE ( 'NONE', *, *, #128, .F. ) ;
#14 = VERTEX_POINT ( 'NONE', #680 ) ;
#15 = CARTESIAN_POINT ( 'NONE',  ( 0.3514718625761787951, -15.39999999999995239, 3.100000000000051159 ) ) ;
#16 = EDGE_CURVE ( 'NONE', #14, #821, #757, .T. ) ;
#17 = CARTESIAN_POINT ( 'NONE',  ( -0.3514718625757535242, -23.40000000000016200, 3.099999999999837108 ) ) ;
#18 = ORIENTED_EDGE ( 'NONE', *, *, #410, .T. ) ;
#19 = SHAPE_REPRESENTATION_RELATIONSHIP ( 'NONE' , 'NONE' ,  #323, #975 ) ;
#20 = CARTESIAN_POINT ( 'NONE',  ( -3.395968144004770891E-15, -7.400000000000000355, 1.900000000000000577 ) ) ;
#21 = EDGE_CURVE ( 'NONE', #519, #307, #977, .T. ) ;
#22 = CARTESIAN_POINT ( 'NONE',  ( -0.3514718625761029669, -7.400000000000000355, 3.100000000000000089 ) ) ;
#23 = VERTEX_POINT ( 'NONE', #359 ) ;
#24 = PRODUCT_DEFINITION_SHAPE ( 'NONE', 'NONE',  #1365 ) ;
#25 = SURFACE_STYLE_USAGE ( .BOTH. , #969 ) ;
#26 = LINE ( 'NONE', #656, #886 ) ;
#27 = CIRCLE ( 'NONE', #378, 3.500000000000000444 ) ;
#28 = CARTESIAN_POINT ( 'NONE',  ( 5.909775934025769700E-13, -24.00000000000000000, 5.000000000000000888 ) ) ;
#29 = FACE_OUTER_BOUND ( 'NONE', #1333, .T. ) ;
#30 = LINE ( 'NONE', #444, #288 ) ;
#31 = AXIS2_PLACEMENT_3D ( 'NONE', #760, #560, #976 ) ;
#32 = CARTESIAN_POINT ( 'NONE',  ( 0.5999999999999999778, 7.347880794884117764E-17, 0.000000000000000000 ) ) ;
#33 = FACE_OUTER_BOUND ( 'NONE', #925, .T. ) ;
#34 = DIRECTION ( 'NONE',  ( -0.000000000000000000, -1.000000000000000000, -0.000000000000000000 ) ) ;
#35 = ADVANCED_FACE ( 'NONE', ( #448 ), #454, .T. ) ;
#36 = SHAPE_DEFINITION_REPRESENTATION ( #126, #991 ) ;
#37 = CARTESIAN_POINT ( 'NONE',  ( -3.469446951953614189E-15, -15.40000000000000036, 3.100000000000000533 ) ) ;
#38 = ORIENTED_EDGE ( 'NONE', *, *, #81, .T. ) ;
#39 = DIRECTION ( 'NONE',  ( -1.000000000000000000, 0.000000000000000000, 0.000000000000000000 ) ) ;
#40 = EDGE_LOOP ( 'NONE', ( #80, #1338, #272, #723, #296, #200 ) ) ;
#41 = CARTESIAN_POINT ( 'NONE',  ( 0.5999999999999999778, 7.347880794884117764E-17, 6.697056274847716040 ) ) ;
#42 = DIRECTION ( 'NONE',  ( 0.000000000000000000, 0.000000000000000000, 0.9999999999999998890 ) ) ;
#43 =( BOUNDED_CURVE ( )  B_SPLINE_CURVE ( 3, ( #920, #1324, #914, #1124 ),
 .UNSPECIFIED., .F., .T. ) 
 B_SPLINE_CURVE_WITH_KNOTS ( ( 4, 4 ),
 ( 3.141592653589651896, 4.712388980384689674 ),
 .UNSPECIFIED. ) 
 CURVE ( )  GEOMETRIC_REPRESENTATION_ITEM ( )  RATIONAL_B_SPLINE_CURVE ( ( 1.000000000000000000, 0.8047378541243317418, 0.8047378541243317418, 1.000000000000000000 ) ) 
 REPRESENTATION_ITEM ( '' )  );
#44 = CARTESIAN_POINT ( 'NONE',  ( 8.330569341257627256E-14, -8.000000000000000000, 5.000000000000000888 ) ) ;
#45 = DIRECTION ( 'NONE',  ( 1.000000000000000000, 0.000000000000000000, 1.445602896647339311E-15 ) ) ;
#46 = AXIS2_PLACEMENT_3D ( 'NONE', #676, #1202, #992 ) ;
#47 = VECTOR ( 'NONE', #105, 1000.000000000000000 ) ;
#48 = CIRCLE ( 'NONE', #599, 2.850000000000000089 ) ;
#49 = ORIENTED_EDGE ( 'NONE', *, *, #1301, .F. ) ;
#50 = VECTOR ( 'NONE', #412, 1000.000000000000000 ) ;
#51 =( NAMED_UNIT ( * ) SI_UNIT ( $, .STERADIAN. ) SOLID_ANGLE_UNIT ( ) );
#52 = DIRECTION ( 'NONE',  ( 1.000000000000000000, 0.000000000000000000, 1.445602896647339311E-15 ) ) ;
#53 = EDGE_CURVE ( 'NONE', #511, #653, #1180, .T. ) ;
#54 = DIRECTION ( 'NONE',  ( -0.000000000000000000, -1.000000000000000000, -0.000000000000000000 ) ) ;
#55 = DIRECTION ( 'NONE',  ( -1.380839886877538447E-15, 0.000000000000000000, 1.000000000000000000 ) ) ;
#56 = DIRECTION ( 'NONE',  ( 0.000000000000000000, 1.000000000000000000, 0.000000000000000000 ) ) ;
#57 = ORIENTED_EDGE ( 'NONE', *, *, #1104, .T. ) ;
#58 = FACE_BOUND ( 'NONE', #1131, .T. ) ;
#59 = PLANE ( 'NONE',  #960 ) ;
#60 = PRESENTATION_STYLE_ASSIGNMENT (( #897 ) ) ;
#61 = ADVANCED_FACE ( 'NONE', ( #29 ), #791, .T. ) ;
#62 = DIRECTION ( 'NONE',  ( 1.000000000000000000, 0.000000000000000000, 1.380839886877538447E-15 ) ) ;
#63 = FACE_OUTER_BOUND ( 'NONE', #168, .T. ) ;
#64 = DIRECTION ( 'NONE',  ( -0.008726535498373336197, -0.9999619230641713097, -0.000000000000000000 ) ) ;
#65 = CARTESIAN_POINT ( 'NONE',  ( 3.490243377569956554E-16, 0.3999999999999995781, 2.850000000000000089 ) ) ;
#66 = ORIENTED_EDGE ( 'NONE', *, *, #1009, .T. ) ;
#67 = CARTESIAN_POINT ( 'NONE',  ( -3.395968144004770891E-15, -15.40000000000000036, 1.900000000000000577 ) ) ;
#68 = FILL_AREA_STYLE_COLOUR ( '', #909 ) ;
#69 = ORIENTED_EDGE ( 'NONE', *, *, #1198, .T. ) ;
#70 = CARTESIAN_POINT ( 'NONE',  ( 0.6000000000001666223, -16.00000000000000000, 5.000000000000001776 ) ) ;
#71 = PRODUCT_DEFINITION_FORMATION_WITH_SPECIFIED_SOURCE ( '任何', '', #1183, .NOT_KNOWN. ) ;
#72 = AXIS2_PLACEMENT_3D ( 'NONE', #1026, #256, #45 ) ;
#73 = AXIS2_PLACEMENT_3D ( 'NONE', #765, #167, #685 ) ;
#74 = DIRECTION ( 'NONE',  ( 0.000000000000000000, 1.000000000000000000, 0.000000000000000000 ) ) ;
#75 = AXIS2_PLACEMENT_3D ( 'NONE', #345, #166, #585 ) ;
#76 = EDGE_LOOP ( 'NONE', ( #1140, #769, #734, #432 ) ) ;
#77 = CARTESIAN_POINT ( 'NONE',  ( -3.469446951953614189E-15, -8.600000000000003197, 3.100000000000000533 ) ) ;
#78 = VERTEX_POINT ( 'NONE', #1325 ) ;
#79 = FACE_OUTER_BOUND ( 'NONE', #275, .T. ) ;
#80 = ORIENTED_EDGE ( 'NONE', *, *, #1184, .F. ) ;
#81 = EDGE_CURVE ( 'NONE', #216, #696, #190, .T. ) ;
#82 =( BOUNDED_CURVE ( )  B_SPLINE_CURVE ( 3, ( #996, #888, #279, #465 ),
 .UNSPECIFIED., .F., .T. ) 
 B_SPLINE_CURVE_WITH_KNOTS ( ( 4, 4 ),
 ( 3.141592653589934780, 4.712388980384689674 ),
 .UNSPECIFIED. ) 
 CURVE ( )  GEOMETRIC_REPRESENTATION_ITEM ( )  RATIONAL_B_SPLINE_CURVE ( ( 1.000000000000000000, 0.8047378541243983552, 0.8047378541243983552, 1.000000000000000000 ) ) 
 REPRESENTATION_ITEM ( '' )  );
#83 = VERTEX_POINT ( 'NONE', #1253 ) ;
#84 = CARTESIAN_POINT ( 'NONE',  ( 0.000000000000000000, 0.000000000000000000, 0.000000000000000000 ) ) ;
#85 =( REPRESENTATION_RELATIONSHIP ('NONE','NONE', #991, #323 ) REPRESENTATION_RELATIONSHIP_WITH_TRANSFORMATION ( #940 )SHAPE_REPRESENTATION_RELATIONSHIP( ) );
#86 = DIRECTION ( 'NONE',  ( -0.000000000000000000, -0.000000000000000000, -1.000000000000000000 ) ) ;
#87 = MANIFOLD_SOLID_BREP ( '凸台-拉伸2', #1351 ) ;
#88 = CARTESIAN_POINT ( 'NONE',  ( -6.938893903907228378E-15, 0.000000000000000000, 5.000000000000000888 ) ) ;
#89 = EDGE_CURVE ( 'NONE', #891, #1190, #1177, .T. ) ;
#90 = ORIENTED_EDGE ( 'NONE', *, *, #53, .T. ) ;
#91 = LINE ( 'NONE', #833, #555 ) ;
#92 = ORIENTED_EDGE ( 'NONE', *, *, #6, .F. ) ;
#93 = UNCERTAINTY_MEASURE_WITH_UNIT (LENGTH_MEASURE( 1.000000000000000082E-05 ), #1176, 'distance_accuracy_value', 'NONE');
#94 = CARTESIAN_POINT ( 'NONE',  ( 0.6000000000000398348, -8.000000000000000000, 2.500000000000000444 ) ) ;
#95 = MANIFOLD_SOLID_BREP ( '凸台-拉伸3', #1327 ) ;
#96 = APPLICATION_PROTOCOL_DEFINITION ( 'draft international standard', 'automotive_design', 1998, #1034 ) ;
#97 = AXIS2_PLACEMENT_3D ( 'NONE', #860, #1170, #127 ) ;
#98 = ORIENTED_EDGE ( 'NONE', *, *, #826, .F. ) ;
#99 = DIRECTION ( 'NONE',  ( -1.000000000000000000, 0.000000000000000000, 0.000000000000000000 ) ) ;
#100 = EDGE_CURVE ( 'NONE', #642, #216, #209, .T. ) ;
#101 = CARTESIAN_POINT ( 'NONE',  ( -3.469446951953614189E-15, -0.6000000000000033085, 3.100000000000000533 ) ) ;
#102 = CONTEXT_DEPENDENT_SHAPE_REPRESENTATION ( #527, #968 ) ;
#103 = CARTESIAN_POINT ( 'NONE',  ( -3.395968144004772863E-15, -24.60099999999967579, 1.900000000000000577 ) ) ;
#104 = DIRECTION ( 'NONE',  ( -1.380839886877538447E-15, 0.000000000000000000, 1.000000000000000000 ) ) ;
#105 = DIRECTION ( 'NONE',  ( -0.000000000000000000, -1.000000000000000000, -0.000000000000000000 ) ) ;
#106 = ADVANCED_FACE ( 'NONE', ( #1302, #58 ), #349, .F. ) ;
#107 = CARTESIAN_POINT ( 'NONE',  ( -0.6000000000000034195, 0.000000000000000000, 2.500000000000000444 ) ) ;
#108 = PLANE ( 'NONE',  #1137 ) ;
#109 = PRODUCT_DEFINITION_SHAPE ( 'NONE', 'NONE',  #500 ) ;
#110 =( LENGTH_UNIT ( ) NAMED_UNIT ( * ) SI_UNIT ( .MILLI., .METRE. ) );
#111 = PRODUCT_DEFINITION_FORMATION_WITH_SPECIFIED_SOURCE ( '任何', '', #863, .NOT_KNOWN. ) ;
#112 = ORIENTED_EDGE ( 'NONE', *, *, #1168, .F. ) ;
#113 = ORIENTED_EDGE ( 'NONE', *, *, #6, .T. ) ;
#114 = SURFACE_SIDE_STYLE ('',( #212 ) ) ;
#115 = AXIS2_PLACEMENT_3D ( 'NONE', #845, #398, #406 ) ;
#116 = CIRCLE ( 'NONE', #1092, 0.5999999999996736832 ) ;
#117 = CARTESIAN_POINT ( 'NONE',  ( -0.5999999999999167111, -8.000000000000000000, 6.697056274847716040 ) ) ;
#118 = PRESENTATION_STYLE_ASSIGNMENT (( #636 ) ) ;
#119 = ORIENTED_EDGE ( 'NONE', *, *, #986, .F. ) ;
#120 = EDGE_CURVE ( 'NONE', #1329, #900, #367, .T. ) ;
#121 = CARTESIAN_POINT ( 'NONE',  ( 8.330569341257627256E-14, -8.000000000000000000, 6.697056274847716040 ) ) ;
#122 = LINE ( 'NONE', #651, #135 ) ;
#123 = VERTEX_POINT ( 'NONE', #1214 ) ;
#124 =( NAMED_UNIT ( * ) PLANE_ANGLE_UNIT ( ) SI_UNIT ( $, .RADIAN. ) );
#125 = ORIENTED_EDGE ( 'NONE', *, *, #510, .T. ) ;
#126 = PRODUCT_DEFINITION_SHAPE ( 'NONE', 'NONE',  #1285 ) ;
#127 = DIRECTION ( 'NONE',  ( 0.000000000000000000, 0.000000000000000000, 1.000000000000000000 ) ) ;
#128 = EDGE_CURVE ( 'NONE', #1322, #1228, #247, .T. ) ;
#129 = LINE ( 'NONE', #140, #1249 ) ;
#130 = CARTESIAN_POINT ( 'NONE',  ( -0.5999999999999598987, -7.648528137423879159, 2.148528137423878270 ) ) ;
#131 = AXIS2_PLACEMENT_3D ( 'NONE', #1242, #1292, #416 ) ;
#132 = PRODUCT_RELATED_PRODUCT_CATEGORY ( 'part', '', ( #333 ) ) ;
#133 = AXIS2_PLACEMENT_3D ( 'NONE', #1135, #681, #489 ) ;
#134 = FACE_OUTER_BOUND ( 'NONE', #1159, .T. ) ;
#135 = VECTOR ( 'NONE', #553, 1000.000000000000000 ) ;
#136 = EDGE_CURVE ( 'NONE', #78, #696, #1355, .T. ) ;
#137 = STYLED_ITEM ( 'NONE', ( #739 ), #525 ) ;
#138 =( NAMED_UNIT ( * ) SI_UNIT ( $, .STERADIAN. ) SOLID_ANGLE_UNIT ( ) );
#139 = VERTEX_POINT ( 'NONE', #464 ) ;
#140 = CARTESIAN_POINT ( 'NONE',  ( 0.6000000000002646550, -24.00000000000000000, 6.697056274847716040 ) ) ;
#141 = ADVANCED_FACE ( 'NONE', ( #1123 ), #169, .T. ) ;
#142 = LINE ( 'NONE', #271, #754 ) ;
#143 = ORIENTED_EDGE ( 'NONE', *, *, #445, .F. ) ;
#144 = CARTESIAN_POINT ( 'NONE',  ( -0.5999999999999999778, 0.000000000000000000, 6.697056274847716040 ) ) ;
#145 = EDGE_LOOP ( 'NONE', ( #325, #1133 ) ) ;
#146 =( REPRESENTATION_RELATIONSHIP ('NONE','NONE', #991, #323 ) REPRESENTATION_RELATIONSHIP_WITH_TRANSFORMATION ( #716 )SHAPE_REPRESENTATION_RELATIONSHIP( ) );
#147 = CARTESIAN_POINT ( 'NONE',  ( 0.000000000000000000, 0.000000000000000000, 6.697056274847716040 ) ) ;
#148 = PRODUCT_RELATED_PRODUCT_CATEGORY ( 'part', '', ( #1183 ) ) ;
#149 =( NAMED_UNIT ( * ) PLANE_ANGLE_UNIT ( ) SI_UNIT ( $, .RADIAN. ) );
#150 = CARTESIAN_POINT ( 'NONE',  ( 0.000000000000000000, -4.286263797015736595E-16, 0.000000000000000000 ) ) ;
#151 = VERTEX_POINT ( 'NONE', #880 ) ;
#152 = CARTESIAN_POINT ( 'NONE',  ( 0.3514718625762244253, -15.39999999999999858, 1.900000000000000355 ) ) ;
#153 = COLOUR_RGB ( '',1.000000000000000000, 0.6078431372549019107, 0.02745098039215686236 ) ;
#154 = VECTOR ( 'NONE', #221, 1000.000000000000000 ) ;
#155 = PLANE ( 'NONE',  #711 ) ;
#156 = AXIS2_PLACEMENT_3D ( 'NONE', #948, #310, #427 ) ;
#157 = ORIENTED_EDGE ( 'NONE', *, *, #1346, .F. ) ;
#158 = CIRCLE ( 'NONE', #648, 3.500000000000000000 ) ;
#159 = PRODUCT_CONTEXT ( 'NONE', #962, 'mechanical' ) ;
#160 = CARTESIAN_POINT ( 'NONE',  ( -0.5999999999999999778, 0.000000000000000000, 0.000000000000000000 ) ) ;
#161 = EDGE_CURVE ( 'NONE', #591, #511, #382, .T. ) ;
#162 = CARTESIAN_POINT ( 'NONE',  ( -3.395968144004770891E-15, -16.60000000000000142, 1.900000000000000577 ) ) ;
#163 = ORIENTED_EDGE ( 'NONE', *, *, #986, .T. ) ;
#164 = CARTESIAN_POINT ( 'NONE',  ( 0.6000000000000398348, -7.648528137423856954, 2.148528137423857842 ) ) ;
#165 = DIRECTION ( 'NONE',  ( -0.000000000000000000, -0.000000000000000000, -1.000000000000000000 ) ) ;
#166 = DIRECTION ( 'NONE',  ( 0.9999619230641713097, -0.008726535498374717037, 0.000000000000000000 ) ) ;
#167 = DIRECTION ( 'NONE',  ( 0.000000000000000000, 1.000000000000000000, 0.000000000000000000 ) ) ;
#168 = EDGE_LOOP ( 'NONE', ( #603, #621, #344, #1218, #840 ) ) ;
#169 = CYLINDRICAL_SURFACE ( 'NONE', #882, 0.5999999999999998668 ) ;
#170 = CYLINDRICAL_SURFACE ( 'NONE', #850, 1.750000000000000000 ) ;
#171 = ADVANCED_FACE ( 'NONE', ( #63 ), #675, .T. ) ;
#172 = CARTESIAN_POINT ( 'NONE',  ( -0.5999999999995430100, -23.64852813742409410, 2.148528137424091433 ) ) ;
#173 = ORIENTED_EDGE ( 'NONE', *, *, #334, .T. ) ;
#174 = DIRECTION ( 'NONE',  ( 1.000000000000000000, 0.000000000000000000, 0.000000000000000000 ) ) ;
#175 = CARTESIAN_POINT ( 'NONE',  ( -0.5999999999998333333, -16.00000000000000000, 0.000000000000000000 ) ) ;
#176 = ORIENTED_EDGE ( 'NONE', *, *, #866, .T. ) ;
#177 = CYLINDRICAL_SURFACE ( 'NONE', #289, 0.5999999999996736832 ) ;
#178 = FILL_AREA_STYLE ('',( #68 ) ) ;
#179 = ORIENTED_EDGE ( 'NONE', *, *, #401, .F. ) ;
#180 = CYLINDRICAL_SURFACE ( 'NONE', #596, 0.5999999999999999778 ) ;
#181 = FACE_OUTER_BOUND ( 'NONE', #418, .T. ) ;
#182 = ADVANCED_FACE ( 'NONE', ( #907 ), #276, .F. ) ;
#183 = AXIS2_PLACEMENT_3D ( 'NONE', #1237, #86, #1118 ) ;
#184 = AXIS2_PLACEMENT_3D ( 'NONE', #689, #816, #1117 ) ;
#185 = CONTEXT_DEPENDENT_SHAPE_REPRESENTATION ( #551, #337 ) ;
#186 = PRESENTATION_LAYER_ASSIGNMENT (  '', '', ( #1114 ) ) ;
#187 = CARTESIAN_POINT ( 'NONE',  ( 8.330569341257627256E-14, -8.000000000000000000, 5.000000000000000888 ) ) ;
#188 = ORIENTED_EDGE ( 'NONE', *, *, #1074, .T. ) ;
#189 = CARTESIAN_POINT ( 'NONE',  ( -0.3514718625761259485, -8.599999999999974776, 1.900000000000025890 ) ) ;
#190 = LINE ( 'NONE', #199, #328 ) ;
#191 =( BOUNDED_CURVE ( )  B_SPLINE_CURVE ( 3, ( #107, #1148, #607, #303 ),
 .UNSPECIFIED., .F., .F. ) 
 B_SPLINE_CURVE_WITH_KNOTS ( ( 4, 4 ),
 ( 1.570796326794896780, 3.141592653589790896 ),
 .UNSPECIFIED. ) 
 CURVE ( )  GEOMETRIC_REPRESENTATION_ITEM ( )  RATIONAL_B_SPLINE_CURVE ( ( 1.000000000000000000, 0.8047378541243654926, 0.8047378541243654926, 1.000000000000000000 ) ) 
 REPRESENTATION_ITEM ( '' )  );
#192 = ORIENTED_EDGE ( 'NONE', *, *, #1360, .F. ) ;
#193 = UNCERTAINTY_MEASURE_WITH_UNIT (LENGTH_MEASURE( 1.000000000000000082E-05 ), #699, 'distance_accuracy_value', 'NONE');
#194 = DIRECTION ( 'NONE',  ( 0.000000000000000000, 0.000000000000000000, -1.000000000000000000 ) ) ;
#195 = SHAPE_DEFINITION_REPRESENTATION ( #436, #561 ) ;
#196 = PLANE ( 'NONE',  #352 ) ;
#197 = VERTEX_POINT ( 'NONE', #298 ) ;
#198 = CARTESIAN_POINT ( 'NONE',  ( -0.5999999999999167111, -8.000000000000000000, 0.000000000000000000 ) ) ;
#199 = CARTESIAN_POINT ( 'NONE',  ( 0.6000000000002646550, -24.00000000000000000, 6.697056274847716040 ) ) ;
#200 = ORIENTED_EDGE ( 'NONE', *, *, #1319, .F. ) ;
#201 = FACE_OUTER_BOUND ( 'NONE', #1017, .T. ) ;
#202 = CARTESIAN_POINT ( 'NONE',  ( 0.5999999999999982014, 0.000000000000000000, 2.500000000000000444 ) ) ;
#203 = APPLICATION_PROTOCOL_DEFINITION ( 'draft international standard', 'automotive_design', 1998, #1220 ) ;
#204 = DIRECTION ( 'NONE',  ( -1.380839886877538447E-15, 0.000000000000000000, 1.000000000000000000 ) ) ;
#205 = EDGE_CURVE ( 'NONE', #569, #671, #1200, .T. ) ;
#206 = ORIENTED_EDGE ( 'NONE', *, *, #16, .F. ) ;
#207 = DIRECTION ( 'NONE',  ( 0.000000000000000000, -0.000000000000000000, 1.000000000000000000 ) ) ;
#208 = CARTESIAN_POINT ( 'NONE',  ( -0.5999999999990827115, -24.00000000000000000, 6.697056274847716040 ) ) ;
#209 = CIRCLE ( 'NONE', #957, 0.5999999999996736832 ) ;
#210 = FILL_AREA_STYLE_COLOUR ( '', #738 ) ;
#211 = ORIENTED_EDGE ( 'NONE', *, *, #611, .F. ) ;
#212 = SURFACE_STYLE_FILL_AREA ( #1161 ) ;
#213 = EDGE_CURVE ( 'NONE', #964, #1298, #30, .T. ) ;
#214 = CARTESIAN_POINT ( 'NONE',  ( -3.395968144004770891E-15, -8.600000000000003197, 1.900000000000000577 ) ) ;
#215 = ORIENTED_EDGE ( 'NONE', *, *, #440, .F. ) ;
#216 = VERTEX_POINT ( 'NONE', #239 ) ;
#217 = CARTESIAN_POINT ( 'NONE',  ( -0.5999999999999600098, -8.000000000000000000, 2.500000000000000444 ) ) ;
#218 = CARTESIAN_POINT ( 'NONE',  ( 0.000000000000000000, 2.399999999999999911, 0.000000000000000000 ) ) ;
#219 = VERTEX_POINT ( 'NONE', #1154 ) ;
#220 = CYLINDRICAL_SURFACE ( 'NONE', #381, 0.5999999999999999778 ) ;
#221 = DIRECTION ( 'NONE',  ( -0.000000000000000000, -0.000000000000000000, -1.000000000000000000 ) ) ;
#222 = ADVANCED_FACE ( 'NONE', ( #201 ), #614, .T. ) ;
#223 = FILL_AREA_STYLE ('',( #1296 ) ) ;
#224 = AXIS2_PLACEMENT_3D ( 'NONE', #1307, #808, #1211 ) ;
#225 = AXIS2_PLACEMENT_3D ( 'NONE', #409, #630, #306 ) ;
#226 = AXIS2_PLACEMENT_3D ( 'NONE', #1102, #673, #1295 ) ;
#227 = AXIS2_PLACEMENT_3D ( 'NONE', #44, #55, #52 ) ;
#228 = CARTESIAN_POINT ( 'NONE',  ( 5.909775934025769700E-13, -24.00000000000000000, 6.697056274847716040 ) ) ;
#229 = ORIENTED_EDGE ( 'NONE', *, *, #817, .F. ) ;
#230 =( BOUNDED_CURVE ( )  B_SPLINE_CURVE ( 3, ( #1241, #286, #1142, #162 ),
 .UNSPECIFIED., .F., .T. ) 
 B_SPLINE_CURVE_WITH_KNOTS ( ( 4, 4 ),
 ( 1.570796326794896558, 3.141592653589651896 ),
 .UNSPECIFIED. ) 
 CURVE ( )  GEOMETRIC_REPRESENTATION_ITEM ( )  RATIONAL_B_SPLINE_CURVE ( ( 1.000000000000000000, 0.8047378541243982442, 0.8047378541243982442, 1.000000000000000000 ) ) 
 REPRESENTATION_ITEM ( '' )  );
#231 = DIRECTION ( 'NONE',  ( -1.000000000000000000, 0.000000000000000000, 0.000000000000000000 ) ) ;
#232 = DIRECTION ( 'NONE',  ( -0.000000000000000000, -0.000000000000000000, -1.000000000000000000 ) ) ;
#233 = CARTESIAN_POINT ( 'NONE',  ( 0.3514718625761595328, -8.600000000000026290, 3.100000000000025402 ) ) ;
#234 =( NAMED_UNIT ( * ) SI_UNIT ( $, .STERADIAN. ) SOLID_ANGLE_UNIT ( ) );
#235 = ORIENTED_EDGE ( 'NONE', *, *, #1346, .T. ) ;
#236 = CARTESIAN_POINT ( 'NONE',  ( 0.6000000000000832445, -8.000000000000000000, 5.000000000000001776 ) ) ;
#237 = EDGE_CURVE ( 'NONE', #1254, #519, #1282, .T. ) ;
#238 = CYLINDRICAL_SURFACE ( 'NONE', #315, 1.750000000000000000 ) ;
#239 = CARTESIAN_POINT ( 'NONE',  ( 0.6000000000002646550, -24.00000000000000000, 5.000000000000001776 ) ) ;
#240 = AXIS2_PLACEMENT_3D ( 'NONE', #633, #848, #721 ) ;
#241 = ADVANCED_FACE ( 'NONE', ( #761 ), #1204, .T. ) ;
#242 = CARTESIAN_POINT ( 'NONE',  ( 0.000000000000000000, 3.799999999999999378, 0.000000000000000000 ) ) ;
#243 = CIRCLE ( 'NONE', #404, 0.5999999999999999778 ) ;
#244 = AXIS2_PLACEMENT_3D ( 'NONE', #245, #385, #893 ) ;
#245 = CARTESIAN_POINT ( 'NONE',  ( 1.021711822685112736, 3.483565102512908851, 7.419233299462276499 ) ) ;
#246 = CARTESIAN_POINT ( 'NONE',  ( 0.3514718625761403259, -0.6000000000000007550, 3.100000000000001421 ) ) ;
#247 = LINE ( 'NONE', #144, #1330 ) ;
#248 = CYLINDRICAL_SURFACE ( 'NONE', #1091, 0.5999999999996736832 ) ;
#249 = CARTESIAN_POINT ( 'NONE',  ( 0.5999999999999982014, 0.000000000000000000, 2.500000000000000444 ) ) ;
#250 = ORIENTED_EDGE ( 'NONE', *, *, #787, .T. ) ;
#251 = VERTEX_POINT ( 'NONE', #549 ) ;
#252 = ADVANCED_FACE ( 'NONE', ( #746 ), #180, .T. ) ;
#253 = DIRECTION ( 'NONE',  ( 0.000000000000000000, 0.000000000000000000, 1.000000000000000000 ) ) ;
#254 = DIRECTION ( 'NONE',  ( 0.008726535498374717037, 0.9999619230641713097, 0.000000000000000000 ) ) ;
#255 = CARTESIAN_POINT ( 'NONE',  ( 0.6000000000000813571, -15.64852813742382054, 2.851471862576183014 ) ) ;
#256 = DIRECTION ( 'NONE',  ( -1.380839886877538447E-15, 0.000000000000000000, 1.000000000000000000 ) ) ;
#257 = DIRECTION ( 'NONE',  ( -0.000000000000000000, -0.000000000000000000, -1.000000000000000000 ) ) ;
#258 = ORIENTED_EDGE ( 'NONE', *, *, #796, .F. ) ;
#259 = DIRECTION ( 'NONE',  ( -0.000000000000000000, -0.000000000000000000, -1.000000000000000000 ) ) ;
#260 = EDGE_CURVE ( 'NONE', #407, #763, #424, .T. ) ;
#261 = CARTESIAN_POINT ( 'NONE',  ( 6.021521438005969173, 3.439932425021042128, -0.5807667005377237235 ) ) ;
#262 = DIRECTION ( 'NONE',  ( -0.000000000000000000, -1.000000000000000000, -0.000000000000000000 ) ) ;
#263 = VERTEX_POINT ( 'NONE', #1335 ) ;
#264 = CARTESIAN_POINT ( 'NONE',  ( -3.469446951953614189E-15, -23.40000000000000213, 3.100000000000000533 ) ) ;
#265 = CARTESIAN_POINT ( 'NONE',  ( -3.395968144004770891E-15, -7.400000000000000355, 1.900000000000000577 ) ) ;
#266 = DIRECTION ( 'NONE',  ( -0.000000000000000000, -0.000000000000000000, -1.000000000000000000 ) ) ;
#267 = AXIS2_PLACEMENT_3D ( 'NONE', #812, #1145, #609 ) ;
#268 = PRODUCT_DEFINITION_CONTEXT ( 'detailed design', #1220, 'design' ) ;
#269 = CARTESIAN_POINT ( 'NONE',  ( 2.694222958124177006E-16, 2.399999999999999911, 2.200000000000000178 ) ) ;
#270 = AXIS2_PLACEMENT_3D ( 'NONE', #396, #284, #420 ) ;
#271 = CARTESIAN_POINT ( 'NONE',  ( -3.395968144004772863E-15, -24.60099999999967579, 1.900000000000000577 ) ) ;
#272 = ORIENTED_EDGE ( 'NONE', *, *, #611, .T. ) ;
#273 = ORIENTED_EDGE ( 'NONE', *, *, #21, .T. ) ;
#274 = CARTESIAN_POINT ( 'NONE',  ( -0.3514718625759126192, -23.40000000000033609, 1.900000000000337863 ) ) ;
#275 = EDGE_LOOP ( 'NONE', ( #913, #192 ) ) ;
#276 = PLANE ( 'NONE',  #514 ) ;
#277 = CARTESIAN_POINT ( 'NONE',  ( 8.330569341257627256E-14, -8.000000000000000000, 0.000000000000000000 ) ) ;
#278 = ORIENTED_EDGE ( 'NONE', *, *, #751, .T. ) ;
#279 = CARTESIAN_POINT ( 'NONE',  ( -0.5999999999999181544, -16.35147186257610485, 2.851471862576103966 ) ) ;
#280 = EDGE_CURVE ( 'NONE', #591, #123, #1090, .T. ) ;
#281 = ORIENTED_EDGE ( 'NONE', *, *, #260, .T. ) ;
#282 = CARTESIAN_POINT ( 'NONE',  ( 0.000000000000000000, 0.3999999999999995781, 0.000000000000000000 ) ) ;
#283 = CONTEXT_DEPENDENT_SHAPE_REPRESENTATION ( #1358, #1189 ) ;
#284 = DIRECTION ( 'NONE',  ( -1.380839886877538447E-15, 0.000000000000000000, 1.000000000000000000 ) ) ;
#285 = ORIENTED_EDGE ( 'NONE', *, *, #652, .T. ) ;
#286 = CARTESIAN_POINT ( 'NONE',  ( -0.5999999999999182654, -16.35147186257610485, 2.148528137423897366 ) ) ;
#287 = FILL_AREA_STYLE ('',( #473 ) ) ;
#288 = VECTOR ( 'NONE', #764, 1000.000000000000000 ) ;
#289 = AXIS2_PLACEMENT_3D ( 'NONE', #575, #1215, #784 ) ;
#290 =( GEOMETRIC_REPRESENTATION_CONTEXT ( 3 ) GLOBAL_UNCERTAINTY_ASSIGNED_CONTEXT ( ( #966 ) ) GLOBAL_UNIT_ASSIGNED_CONTEXT ( ( #843, #1158, #814 ) ) REPRESENTATION_CONTEXT ( 'NONE', 'WORKASPACE' ) );
#291 = DIRECTION ( 'NONE',  ( -1.380839886877538447E-15, 0.000000000000000000, 1.000000000000000000 ) ) ;
#292 = ORIENTED_EDGE ( 'NONE', *, *, #1319, .T. ) ;
#293 = PRESENTATION_STYLE_ASSIGNMENT (( #414 ) ) ;
#294 = FACE_OUTER_BOUND ( 'NONE', #780, .T. ) ;
#295 =( NAMED_UNIT ( * ) PLANE_ANGLE_UNIT ( ) SI_UNIT ( $, .RADIAN. ) );
#296 = ORIENTED_EDGE ( 'NONE', *, *, #972, .F. ) ;
#297 = DIRECTION ( 'NONE',  ( 0.000000000000000000, 0.000000000000000000, 1.000000000000000000 ) ) ;
#298 = CARTESIAN_POINT ( 'NONE',  ( 4.286263797015736595E-16, -4.286263797015736595E-16, 3.500000000000000000 ) ) ;
#299 = ITEM_DEFINED_TRANSFORMATION ( 'NONE', 'NONE', #823,  #601 ) ;
#300 =( NAMED_UNIT ( * ) PLANE_ANGLE_UNIT ( ) SI_UNIT ( $, .RADIAN. ) );
#301 = CARTESIAN_POINT ( 'NONE',  ( 0.6000000000000397238, -7.648528137423837414, 2.851471862576163030 ) ) ;
#302 = ORIENTED_EDGE ( 'NONE', *, *, #1209, .T. ) ;
#303 = CARTESIAN_POINT ( 'NONE',  ( -3.469446951953614189E-15, -0.6000000000000033085, 3.100000000000000533 ) ) ;
#304 = ORIENTED_EDGE ( 'NONE', *, *, #161, .T. ) ;
#305 = DIRECTION ( 'NONE',  ( 0.000000000000000000, 0.000000000000000000, -1.000000000000000000 ) ) ;
#306 = DIRECTION ( 'NONE',  ( 0.000000000000000000, -0.000000000000000000, 1.000000000000000000 ) ) ;
#307 = VERTEX_POINT ( 'NONE', #1328 ) ;
#308 = ADVANCED_FACE ( 'NONE', ( #600 ), #370, .T. ) ;
#309 = VERTEX_POINT ( 'NONE', #498 ) ;
#310 = DIRECTION ( 'NONE',  ( 0.000000000000000000, 1.000000000000000000, 0.000000000000000000 ) ) ;
#311 = CARTESIAN_POINT ( 'NONE',  ( 0.6000000000000814682, -16.00000000000000000, 2.500000000000000444 ) ) ;
#312 = AXIS2_PLACEMENT_3D ( 'NONE', #147, #259, #682 ) ;
#313 = AXIS2_PLACEMENT_3D ( 'NONE', #443, #350, #871 ) ;
#314 = DIRECTION ( 'NONE',  ( 1.000000000000000000, 0.000000000000000000, 0.000000000000000000 ) ) ;
#315 = AXIS2_PLACEMENT_3D ( 'NONE', #242, #658, #562 ) ;
#316 = CIRCLE ( 'NONE', #625, 1.750000000000000000 ) ;
#317 = CARTESIAN_POINT ( 'NONE',  ( 2.143131898507868297E-16, 3.799999999999999378, 1.750000000000000000 ) ) ;
#318 = CARTESIAN_POINT ( 'NONE',  ( -3.395968144004770891E-15, -15.40000000000000036, 1.900000000000000577 ) ) ;
#319 = DIRECTION ( 'NONE',  ( -0.000000000000000000, -1.000000000000000000, -0.000000000000000000 ) ) ;
#320 = ADVANCED_FACE ( 'NONE', ( #806 ), #361, .T. ) ;
#321 = CARTESIAN_POINT ( 'NONE',  ( -0.5999999999999183764, -16.00000000000000000, 2.500000000000000444 ) ) ;
#322 = ORIENTED_EDGE ( 'NONE', *, *, #433, .F. ) ;
#323 = SHAPE_REPRESENTATION ( '复位按键', ( #601 ), #331 ) ;
#324 = ORIENTED_EDGE ( 'NONE', *, *, #629, .T. ) ;
#325 = ORIENTED_EDGE ( 'NONE', *, *, #1097, .F. ) ;
#326 = DIRECTION ( 'NONE',  ( -0.000000000000000000, -0.000000000000000000, -1.000000000000000000 ) ) ;
#327 = CYLINDRICAL_SURFACE ( 'NONE', #313, 2.200000000000000178 ) ;
#328 = VECTOR ( 'NONE', #266, 1000.000000000000000 ) ;
#329 = DIRECTION ( 'NONE',  ( 0.000000000000000000, 0.000000000000000000, 1.000000000000000000 ) ) ;
#330 = DIRECTION ( 'NONE',  ( -0.000000000000000000, -0.000000000000000000, -1.000000000000000000 ) ) ;
#331 =( GEOMETRIC_REPRESENTATION_CONTEXT ( 3 ) GLOBAL_UNCERTAINTY_ASSIGNED_CONTEXT ( ( #828 ) ) GLOBAL_UNIT_ASSIGNED_CONTEXT ( ( #430, #335, #138 ) ) REPRESENTATION_CONTEXT ( 'NONE', 'WORKASPACE' ) );
#332 = CARTESIAN_POINT ( 'NONE',  ( -0.5999999999990827115, -24.00000000000000000, 5.000000000000000000 ) ) ;
#333 = PRODUCT ( '按键阵列', '按键阵列', '', ( #159 ) ) ;
#334 = EDGE_CURVE ( 'NONE', #309, #1208, #982, .T. ) ;
#335 =( NAMED_UNIT ( * ) PLANE_ANGLE_UNIT ( ) SI_UNIT ( $, .RADIAN. ) );
#336 = FACE_OUTER_BOUND ( 'NONE', #674, .T. ) ;
#337 = PRODUCT_DEFINITION_SHAPE ( 'NONE', 'NONE',  #1367 ) ;
#338 = LINE ( 'NONE', #762, #772 ) ;
#339 = SURFACE_SIDE_STYLE ('',( #744 ) ) ;
#340 = EDGE_CURVE ( 'NONE', #263, #151, #577, .T. ) ;
#341 = ORIENTED_EDGE ( 'NONE', *, *, #445, .T. ) ;
#342 = DIRECTION ( 'NONE',  ( 0.000000000000000000, 0.000000000000000000, -1.000000000000000000 ) ) ;
#343 = CARTESIAN_POINT ( 'NONE',  ( 0.000000000000000000, 0.3999999999999995781, -3.500000000000000444 ) ) ;
#344 = ORIENTED_EDGE ( 'NONE', *, *, #1264, .T. ) ;
#345 = CARTESIAN_POINT ( 'NONE',  ( 1.021711822685112736, 3.483565102512908851, -0.5807667005377237235 ) ) ;
#346 = AXIS2_PLACEMENT_3D ( 'NONE', #1311, #1089, #558 ) ;
#347 = ORIENTED_EDGE ( 'NONE', *, *, #1003, .F. ) ;
#348 = AXIS2_PLACEMENT_3D ( 'NONE', #84, #628, #9 ) ;
#349 = PLANE ( 'NONE',  #1178 ) ;
#350 = DIRECTION ( 'NONE',  ( -0.000000000000000000, -1.000000000000000000, -0.000000000000000000 ) ) ;
#351 = CARTESIAN_POINT ( 'NONE',  ( 0.6000000000000832445, -8.000000000000000000, 0.000000000000000000 ) ) ;
#352 = AXIS2_PLACEMENT_3D ( 'NONE', #88, #291, #708 ) ;
#353 = EDGE_LOOP ( 'NONE', ( #157, #548 ) ) ;
#354 = ORIENTED_EDGE ( 'NONE', *, *, #695, .T. ) ;
#355 =( LENGTH_UNIT ( ) NAMED_UNIT ( * ) SI_UNIT ( .MILLI., .METRE. ) );
#356 = DIRECTION ( 'NONE',  ( 0.000000000000000000, 1.000000000000000000, 0.000000000000000000 ) ) ;
#357 = CARTESIAN_POINT ( 'NONE',  ( 0.6000000000001304290, -23.64852813742382054, 2.851471862576185234 ) ) ;
#358 = FACE_OUTER_BOUND ( 'NONE', #943, .T. ) ;
#359 = CARTESIAN_POINT ( 'NONE',  ( 0.6000000000000814682, -16.00000000000000000, 2.500000000000000444 ) ) ;
#360 = ADVANCED_FACE ( 'NONE', ( #79 ), #155, .F. ) ;
#361 = CYLINDRICAL_SURFACE ( 'NONE', #622, 0.5999999999999999778 ) ;
#362 = EDGE_LOOP ( 'NONE', ( #1250, #838 ) ) ;
#363 = CARTESIAN_POINT ( 'NONE',  ( 1.021711822685112736, 3.483565102512908851, 15.41923329946227739 ) ) ;
#364 = LINE ( 'NONE', #1105, #1290 ) ;
#365 =( BOUNDED_CURVE ( )  B_SPLINE_CURVE ( 3, ( #77, #1132, #1310, #389 ),
 .UNSPECIFIED., .F., .F. ) 
 B_SPLINE_CURVE_WITH_KNOTS ( ( 4, 4 ),
 ( 3.141592653589865503, 4.712388980384689674 ),
 .UNSPECIFIED. ) 
 CURVE ( )  GEOMETRIC_REPRESENTATION_ITEM ( )  RATIONAL_B_SPLINE_CURVE ( ( 1.000000000000000000, 0.8047378541243821459, 0.8047378541243821459, 1.000000000000000000 ) ) 
 REPRESENTATION_ITEM ( '' )  );
#366 = ORIENTED_EDGE ( 'NONE', *, *, #433, .T. ) ;
#367 = LINE ( 'NONE', #664, #733 ) ;
#368 = DIRECTION ( 'NONE',  ( -0.000000000000000000, -0.000000000000000000, -1.000000000000000000 ) ) ;
#369 = ORIENTED_EDGE ( 'NONE', *, *, #1233, .T. ) ;
#370 = PLANE ( 'NONE',  #1050 ) ;
#371 = EDGE_CURVE ( 'NONE', #519, #810, #690, .T. ) ;
#372 = DIRECTION ( 'NONE',  ( -0.008726535498373336197, -0.9999619230641713097, -0.000000000000000000 ) ) ;
#373 = DIRECTION ( 'NONE',  ( -0.000000000000000000, -0.000000000000000000, -1.000000000000000000 ) ) ;
#374 = ORIENTED_EDGE ( 'NONE', *, *, #81, .F. ) ;
#375 = CARTESIAN_POINT ( 'NONE',  ( 5.909775934025769700E-13, -24.00000000000000000, 0.000000000000000000 ) ) ;
#376 = SURFACE_SIDE_STYLE ('',( #1016 ) ) ;
#377 = EDGE_LOOP ( 'NONE', ( #455, #281, #1128, #783 ) ) ;
#378 = AXIS2_PLACEMENT_3D ( 'NONE', #282, #54, #475 ) ;
#379 = PRODUCT_DEFINITION_CONTEXT ( 'detailed design', #533, 'design' ) ;
#380 = DIRECTION ( 'NONE',  ( 1.000000000000000000, 0.000000000000000000, -0.000000000000000000 ) ) ;
#381 = AXIS2_PLACEMENT_3D ( 'NONE', #121, #326, #870 ) ;
#382 = LINE ( 'NONE', #41, #735 ) ;
#383 = PRODUCT_DEFINITION ( '未知', '', #71, #379 ) ;
#384 = CIRCLE ( 'NONE', #1165, 0.5999999999999999778 ) ;
#385 = DIRECTION ( 'NONE',  ( 0.000000000000000000, 0.000000000000000000, 0.9999999999999998890 ) ) ;
#386 = ADVANCED_FACE ( 'NONE', ( #395 ), #1127, .T. ) ;
#387 = PLANE ( 'NONE',  #1002 ) ;
#388 = ORIENTED_EDGE ( 'NONE', *, *, #836, .T. ) ;
#389 = CARTESIAN_POINT ( 'NONE',  ( -0.5999999999999600098, -8.000000000000000000, 2.500000000000000444 ) ) ;
#390 = DIRECTION ( 'NONE',  ( -1.380839886877538447E-15, 0.000000000000000000, 1.000000000000000000 ) ) ;
#391 = CARTESIAN_POINT ( 'NONE',  ( 0.000000000000000000, 1.999999999999999556, 0.000000000000000000 ) ) ;
#392 = ORIENTED_EDGE ( 'NONE', *, *, #1243, .T. ) ;
#393 = CARTESIAN_POINT ( 'NONE',  ( 0.6000000000000814682, -16.00000000000000000, 2.500000000000000444 ) ) ;
#394 = DIRECTION ( 'NONE',  ( 0.000000000000000000, 0.000000000000000000, -1.000000000000000000 ) ) ;
#395 = FACE_OUTER_BOUND ( 'NONE', #1005, .T. ) ;
#396 = CARTESIAN_POINT ( 'NONE',  ( 1.666113868251525451E-13, -16.00000000000000000, 5.000000000000000888 ) ) ;
#397 = EDGE_LOOP ( 'NONE', ( #278, #324, #1106, #273, #347, #832 ) ) ;
#398 = DIRECTION ( 'NONE',  ( -0.000000000000000000, -0.000000000000000000, -1.000000000000000000 ) ) ;
#399 = DIRECTION ( 'NONE',  ( 0.000000000000000000, 1.000000000000000000, 0.000000000000000000 ) ) ;
#400 = ORIENTED_EDGE ( 'NONE', *, *, #1337, .T. ) ;
#401 = EDGE_CURVE ( 'NONE', #139, #921, #793, .T. ) ;
#402 = CARTESIAN_POINT ( 'NONE',  ( 1.666113868251525451E-13, -16.00000000000000000, 0.000000000000000000 ) ) ;
#403 = PRESENTATION_LAYER_ASSIGNMENT (  '', '', ( #827 ) ) ;
#404 = AXIS2_PLACEMENT_3D ( 'NONE', #277, #1014, #1100 ) ;
#405 = EDGE_LOOP ( 'NONE', ( #750, #1043, #946, #494, #1037, #163 ) ) ;
#406 = DIRECTION ( 'NONE',  ( -1.000000000000000000, 0.000000000000000000, 0.000000000000000000 ) ) ;
#407 = VERTEX_POINT ( 'NONE', #1018 ) ;
#408 = CARTESIAN_POINT ( 'NONE',  ( 0.000000000000000000, 0.000000000000000000, 0.000000000000000000 ) ) ;
#409 = CARTESIAN_POINT ( 'NONE',  ( 0.000000000000000000, 0.000000000000000000, 0.000000000000000000 ) ) ;
#410 = EDGE_CURVE ( 'NONE', #540, #964, #461, .T. ) ;
#411 = CONTEXT_DEPENDENT_SHAPE_REPRESENTATION ( #85, #24 ) ;
#412 = DIRECTION ( 'NONE',  ( 0.000000000000000000, 1.000000000000000000, 0.000000000000000000 ) ) ;
#413 = EDGE_LOOP ( 'NONE', ( #1065, #38, #1028, #1236, #994 ) ) ;
#414 = SURFACE_STYLE_USAGE ( .BOTH. , #1252 ) ;
#415 = CYLINDRICAL_SURFACE ( 'NONE', #97, 0.5999999999999998668 ) ;
#416 = DIRECTION ( 'NONE',  ( -1.000000000000000000, 0.000000000000000000, 0.000000000000000000 ) ) ;
#417 = FACE_OUTER_BOUND ( 'NONE', #377, .T. ) ;
#418 = EDGE_LOOP ( 'NONE', ( #547, #258 ) ) ;
#419 = EDGE_CURVE ( 'NONE', #1041, #519, #1004, .T. ) ;
#420 = DIRECTION ( 'NONE',  ( 1.000000000000000000, 0.000000000000000000, 1.445602896647339311E-15 ) ) ;
#421 = FACE_OUTER_BOUND ( 'NONE', #578, .T. ) ;
#422 = CARTESIAN_POINT ( 'NONE',  ( -0.5999999999990827115, -24.00000000000000000, 0.000000000000000000 ) ) ;
#423 = UNCERTAINTY_MEASURE_WITH_UNIT (LENGTH_MEASURE( 1.000000000000000082E-05 ), #355, 'distance_accuracy_value', 'NONE');
#424 = CIRCLE ( 'NONE', #910, 2.850000000000000089 ) ;
#425 = EDGE_CURVE ( 'NONE', #671, #569, #27, .T. ) ;
#426 =( BOUNDED_CURVE ( )  B_SPLINE_CURVE ( 3, ( #1192, #1080, #1066, #865 ),
 .UNSPECIFIED., .F., .T. ) 
 B_SPLINE_CURVE_WITH_KNOTS ( ( 4, 4 ),
 ( 4.712388980384689674, 6.283185307179586232 ),
 .UNSPECIFIED. ) 
 CURVE ( )  GEOMETRIC_REPRESENTATION_ITEM ( )  RATIONAL_B_SPLINE_CURVE ( ( 1.000000000000000000, 0.8047378541243649375, 0.8047378541243649375, 1.000000000000000000 ) ) 
 REPRESENTATION_ITEM ( '' )  );
#427 = DIRECTION ( 'NONE',  ( 0.000000000000000000, 0.000000000000000000, 1.000000000000000000 ) ) ;
#428 = CARTESIAN_POINT ( 'NONE',  ( 0.000000000000000000, 0.000000000000000000, 0.000000000000000000 ) ) ;
#429 = ORIENTED_EDGE ( 'NONE', *, *, #787, .F. ) ;
#430 =( LENGTH_UNIT ( ) NAMED_UNIT ( * ) SI_UNIT ( .MILLI., .METRE. ) );
#431 = VERTEX_POINT ( 'NONE', #70 ) ;
#432 = ORIENTED_EDGE ( 'NONE', *, *, #1134, .T. ) ;
#433 = EDGE_CURVE ( 'NONE', #964, #540, #1162, .T. ) ;
#434 = CARTESIAN_POINT ( 'NONE',  ( 0.000000000000000000, 0.3999999999999995781, 0.000000000000000000 ) ) ;
#435 = APPLICATION_CONTEXT ( 'automotive_design' ) ;
#436 = PRODUCT_DEFINITION_SHAPE ( 'NONE', 'NONE',  #383 ) ;
#437 = ORIENTED_EDGE ( 'NONE', *, *, #492, .T. ) ;
#438 = CARTESIAN_POINT ( 'NONE',  ( -0.5999999999999600098, -8.000000000000000000, 2.500000000000000444 ) ) ;
#439 = CARTESIAN_POINT ( 'NONE',  ( -3.469446951953614189E-15, -7.400000000000000355, 3.100000000000000533 ) ) ;
#440 = EDGE_CURVE ( 'NONE', #219, #1329, #1011, .T. ) ;
#441 = CARTESIAN_POINT ( 'NONE',  ( -3.469446951953614189E-15, -24.60099999999967579, 3.100000000000000533 ) ) ;
#442 = CIRCLE ( 'NONE', #72, 0.5999999999999999778 ) ;
#443 = CARTESIAN_POINT ( 'NONE',  ( 0.000000000000000000, 2.399999999999999911, 0.000000000000000000 ) ) ;
#444 = CARTESIAN_POINT ( 'NONE',  ( 2.143131898507868297E-16, 3.799999999999999378, 1.750000000000000000 ) ) ;
#445 = EDGE_CURVE ( 'NONE', #23, #251, #1129, .T. ) ;
#446 = ORIENTED_EDGE ( 'NONE', *, *, #1291, .T. ) ;
#447 = CYLINDRICAL_SURFACE ( 'NONE', #623, 0.5999999999999999778 ) ;
#448 = FACE_OUTER_BOUND ( 'NONE', #76, .T. ) ;
#449 = PRODUCT_RELATED_PRODUCT_CATEGORY ( 'part', '', ( #863 ) ) ;
#450 = PRODUCT_CONTEXT ( 'NONE', #1288, 'mechanical' ) ;
#451 = CARTESIAN_POINT ( 'NONE',  ( 0.000000000000000000, -4.286263797015736595E-16, -3.500000000000000000 ) ) ;
#452 = ORIENTED_EDGE ( 'NONE', *, *, #213, .F. ) ;
#453 = CARTESIAN_POINT ( 'NONE',  ( 1.666113868251525451E-13, -16.00000000000000000, 0.000000000000000000 ) ) ;
#454 = CYLINDRICAL_SURFACE ( 'NONE', #997, 2.200000000000000178 ) ;
#455 = ORIENTED_EDGE ( 'NONE', *, *, #1198, .F. ) ;
#456 = PRODUCT_DEFINITION_SHAPE ( 'NONE', 'NONE',  #1368 ) ;
#457 = SHAPE_REPRESENTATION_RELATIONSHIP ( 'NONE' , 'NONE' ,  #561, #668 ) ;
#458 = LINE ( 'NONE', #103, #50 ) ;
#459 =( GEOMETRIC_REPRESENTATION_CONTEXT ( 3 ) GLOBAL_UNCERTAINTY_ASSIGNED_CONTEXT ( ( #583 ) ) GLOBAL_UNIT_ASSIGNED_CONTEXT ( ( #758, #868, #1293 ) ) REPRESENTATION_CONTEXT ( 'NONE', 'WORKASPACE' ) );
#460 = ADVANCED_FACE ( 'NONE', ( #1057 ), #743, .F. ) ;
#461 = CIRCLE ( 'NONE', #645, 1.750000000000000000 ) ;
#462 = ORIENTED_EDGE ( 'NONE', *, *, #1271, .F. ) ;
#463 = VECTOR ( 'NONE', #531, 1000.000000000000000 ) ;
#464 = CARTESIAN_POINT ( 'NONE',  ( -3.395968144004795346E-15, -23.40000000000000213, 1.900000000000000577 ) ) ;
#465 = CARTESIAN_POINT ( 'NONE',  ( -0.5999999999999183764, -16.00000000000000000, 2.500000000000000444 ) ) ;
#466 = CIRCLE ( 'NONE', #804, 0.5999999999996736832 ) ;
#467 = VERTEX_POINT ( 'NONE', #839 ) ;
#468 = DIRECTION ( 'NONE',  ( -0.000000000000000000, -0.000000000000000000, -1.000000000000000000 ) ) ;
#469 = CARTESIAN_POINT ( 'NONE',  ( 6.021521438005969173, 3.439932425021042128, 15.41923329946227739 ) ) ;
#470 = DIRECTION ( 'NONE',  ( 0.000000000000000000, 0.000000000000000000, 1.000000000000000000 ) ) ;
#471 = ORIENTED_EDGE ( 'NONE', *, *, #1072, .F. ) ;
#472 = LINE ( 'NONE', #496, #752 ) ;
#473 = FILL_AREA_STYLE_COLOUR ( '', #153 ) ;
#474 = UNCERTAINTY_MEASURE_WITH_UNIT (LENGTH_MEASURE( 1.000000000000000082E-05 ), #110, 'distance_accuracy_value', 'NONE');
#475 = DIRECTION ( 'NONE',  ( 0.000000000000000000, 0.000000000000000000, -1.000000000000000000 ) ) ;
#476 = CYLINDRICAL_SURFACE ( 'NONE', #1251, 0.5999999999999998668 ) ;
#477 = VERTEX_POINT ( 'NONE', #214 ) ;
#478 = DIRECTION ( 'NONE',  ( -0.000000000000000000, -0.000000000000000000, -1.000000000000000000 ) ) ;
#479 = DIRECTION ( 'NONE',  ( -0.000000000000000000, -0.000000000000000000, -1.000000000000000000 ) ) ;
#480 = DIRECTION ( 'NONE',  ( -0.000000000000000000, -1.000000000000000000, -0.000000000000000000 ) ) ;
#481 = ORIENTED_EDGE ( 'NONE', *, *, #120, .F. ) ;
#482 = EDGE_CURVE ( 'NONE', #602, #1208, #1069, .T. ) ;
#483 = FACE_OUTER_BOUND ( 'NONE', #1231, .T. ) ;
#484 = ORIENTED_EDGE ( 'NONE', *, *, #482, .F. ) ;
#485 = DIRECTION ( 'NONE',  ( 1.000000000000000000, 0.000000000000000000, 1.380839886877538447E-15 ) ) ;
#486 = VECTOR ( 'NONE', #692, 1000.000000000000000 ) ;
#487 = ORIENTED_EDGE ( 'NONE', *, *, #715, .T. ) ;
#488 = AXIS2_PLACEMENT_3D ( 'NONE', #1077, #1289, #1193 ) ;
#489 = DIRECTION ( 'NONE',  ( 1.000000000000000000, 0.000000000000000000, 0.000000000000000000 ) ) ;
#490 = AXIS2_PLACEMENT_3D ( 'NONE', #391, #722, #1046 ) ;
#491 = CIRCLE ( 'NONE', #270, 0.5999999999999999778 ) ;
#492 = EDGE_CURVE ( 'NONE', #671, #1053, #938, .T. ) ;
#493 = APPLICATION_PROTOCOL_DEFINITION ( 'draft international standard', 'automotive_design', 1998, #533 ) ;
#494 = ORIENTED_EDGE ( 'NONE', *, *, #1003, .T. ) ;
#495 =( NAMED_UNIT ( * ) PLANE_ANGLE_UNIT ( ) SI_UNIT ( $, .RADIAN. ) );
#496 = CARTESIAN_POINT ( 'NONE',  ( 4.286263797015737088E-16, 0.000000000000000000, 3.500000000000000444 ) ) ;
#497 = ORIENTED_EDGE ( 'NONE', *, *, #1264, .F. ) ;
#498 = CARTESIAN_POINT ( 'NONE',  ( 0.6000000000001666223, -16.00000000000000000, 0.000000000000000000 ) ) ;
#499 = ORIENTED_EDGE ( 'NONE', *, *, #425, .F. ) ;
#500 = PRODUCT_DEFINITION ( '未知', '', #770, #268 ) ;
#501 = DIRECTION ( 'NONE',  ( 1.000000000000000000, 0.000000000000000000, 0.000000000000000000 ) ) ;
#502 = ORIENTED_EDGE ( 'NONE', *, *, #1174, .T. ) ;
#503 = CARTESIAN_POINT ( 'NONE',  ( 0.6000000000000396128, -8.351471862576161698, 2.148528137423838302 ) ) ;
#504 = CARTESIAN_POINT ( 'NONE',  ( -3.469446951953614189E-15, -24.60099999999967579, 2.500000000000000444 ) ) ;
#505 = ORIENTED_EDGE ( 'NONE', *, *, #589, .T. ) ;
#506 = DIRECTION ( 'NONE',  ( 0.000000000000000000, 1.000000000000000000, 0.000000000000000000 ) ) ;
#507 =( REPRESENTATION_RELATIONSHIP ('NONE','NONE', #991, #323 ) REPRESENTATION_RELATIONSHIP_WITH_TRANSFORMATION ( #616 )SHAPE_REPRESENTATION_RELATIONSHIP( ) );
#508 = ORIENTED_EDGE ( 'NONE', *, *, #552, .F. ) ;
#509 = CYLINDRICAL_SURFACE ( 'NONE', #348, 2.850000000000000089 ) ;
#510 = EDGE_CURVE ( 'NONE', #83, #602, #532, .T. ) ;
#511 = VERTEX_POINT ( 'NONE', #202 ) ;
#512 = STYLED_ITEM ( 'NONE', ( #293 ), #95 ) ;
#513 = DIRECTION ( 'NONE',  ( 0.000000000000000000, 0.000000000000000000, 1.000000000000000000 ) ) ;
#514 = AXIS2_PLACEMENT_3D ( 'NONE', #610, #927, #736 ) ;
#515 = VECTOR ( 'NONE', #755, 1000.000000000000000 ) ;
#516 = CONTEXT_DEPENDENT_SHAPE_REPRESENTATION ( #720, #856 ) ;
#517 = PRESENTATION_LAYER_ASSIGNMENT (  '', '', ( #137 ) ) ;
#518 = CARTESIAN_POINT ( 'NONE',  ( 2.143131898507868297E-16, 2.399999999999999911, 1.750000000000000000 ) ) ;
#519 = VERTEX_POINT ( 'NONE', #94 ) ;
#520 = CARTESIAN_POINT ( 'NONE',  ( 0.6000000000001666223, -16.00000000000000000, 6.697056274847716040 ) ) ;
#521 = FACE_OUTER_BOUND ( 'NONE', #709, .T. ) ;
#522 = ORIENTED_EDGE ( 'NONE', *, *, #136, .T. ) ;
#523 = SHAPE_DEFINITION_REPRESENTATION ( #649, #323 ) ;
#524 = DIRECTION ( 'NONE',  ( 1.000000000000000000, 0.000000000000000000, 0.000000000000000000 ) ) ;
#525 = ADVANCED_BREP_SHAPE_REPRESENTATION ( '', ( #1010, #601 ), #290 ) ;
#526 = PLANE ( 'NONE',  #884 ) ;
#527 =( REPRESENTATION_RELATIONSHIP ('NONE','NONE', #991, #1276 ) REPRESENTATION_RELATIONSHIP_WITH_TRANSFORMATION ( #1157 )SHAPE_REPRESENTATION_RELATIONSHIP( ) );
#528 = DIRECTION ( 'NONE',  ( -0.000000000000000000, -0.000000000000000000, -1.000000000000000000 ) ) ;
#529 = VERTEX_POINT ( 'NONE', #101 ) ;
#530 = ADVANCED_FACE ( 'NONE', ( #521 ), #108, .F. ) ;
#531 = DIRECTION ( 'NONE',  ( 0.000000000000000000, 1.000000000000000000, 0.000000000000000000 ) ) ;
#532 = LINE ( 'NONE', #829, #824 ) ;
#533 = APPLICATION_CONTEXT ( 'automotive_design' ) ;
#534 = VECTOR ( 'NONE', #34, 1000.000000000000000 ) ;
#535 = CIRCLE ( 'NONE', #1305, 2.200000000000000178 ) ;
#536 = EDGE_CURVE ( 'NONE', #1228, #1122, #799, .T. ) ;
#537 = AXIS2_PLACEMENT_3D ( 'NONE', #745, #853, #924 ) ;
#538 = AXIS2_PLACEMENT_3D ( 'NONE', #1033, #626, #524 ) ;
#539 = EDGE_LOOP ( 'NONE', ( #1258, #49, #125, #429, #143 ) ) ;
#540 = VERTEX_POINT ( 'NONE', #1044 ) ;
#541 = AXIS2_PLACEMENT_3D ( 'NONE', #883, #64, #1331 ) ;
#542 = DIRECTION ( 'NONE',  ( 0.000000000000000000, 1.000000000000000000, 0.000000000000000000 ) ) ;
#543 = DIRECTION ( 'NONE',  ( -0.000000000000000000, -0.000000000000000000, -1.000000000000000000 ) ) ;
#544 = ORIENTED_EDGE ( 'NONE', *, *, #695, .F. ) ;
#545 = CARTESIAN_POINT ( 'NONE',  ( 0.000000000000000000, 0.000000000000000000, 0.000000000000000000 ) ) ;
#546 = DIRECTION ( 'NONE',  ( -0.000000000000000000, -1.000000000000000000, -0.000000000000000000 ) ) ;
#547 = ORIENTED_EDGE ( 'NONE', *, *, #1134, .F. ) ;
#548 = ORIENTED_EDGE ( 'NONE', *, *, #260, .F. ) ;
#549 = CARTESIAN_POINT ( 'NONE',  ( -3.469446951953614189E-15, -16.60000000000000142, 3.100000000000000533 ) ) ;
#550 = DIRECTION ( 'NONE',  ( 1.000000000000000000, 0.000000000000000000, 0.000000000000000000 ) ) ;
#551 =( REPRESENTATION_RELATIONSHIP ('NONE','NONE', #991, #1276 ) REPRESENTATION_RELATIONSHIP_WITH_TRANSFORMATION ( #835 )SHAPE_REPRESENTATION_RELATIONSHIP( ) );
#552 = EDGE_CURVE ( 'NONE', #263, #14, #535, .T. ) ;
#553 = DIRECTION ( 'NONE',  ( 0.000000000000000000, 1.000000000000000000, 0.000000000000000000 ) ) ;
#554 = DIRECTION ( 'NONE',  ( -0.000000000000000000, -0.000000000000000000, -1.000000000000000000 ) ) ;
#555 = VECTOR ( 'NONE', #319, 1000.000000000000000 ) ;
#556 = CIRCLE ( 'NONE', #490, 2.850000000000000089 ) ;
#557 = CARTESIAN_POINT ( 'NONE',  ( -0.5999999999990827115, -24.00000000000000000, 6.697056274847716040 ) ) ;
#558 = DIRECTION ( 'NONE',  ( 0.000000000000000000, 0.000000000000000000, -1.000000000000000000 ) ) ;
#559 = ADVANCED_FACE ( 'NONE', ( #1171 ), #1261, .T. ) ;
#560 = DIRECTION ( 'NONE',  ( -1.380839886877538447E-15, 0.000000000000000000, 1.000000000000000000 ) ) ;
#561 = SHAPE_REPRESENTATION ( '骨位^按键阵列', ( #601 ), #459 ) ;
#562 = DIRECTION ( 'NONE',  ( 0.000000000000000000, 0.000000000000000000, -1.000000000000000000 ) ) ;
#563 = ORIENTED_EDGE ( 'NONE', *, *, #1009, .F. ) ;
#564 = ADVANCED_FACE ( 'NONE', ( #181 ), #12, .F. ) ;
#565 = DIRECTION ( 'NONE',  ( 0.000000000000000000, 0.000000000000000000, -1.000000000000000000 ) ) ;
#566 = CARTESIAN_POINT ( 'NONE',  ( 0.5999999999999979794, -0.3514718625761434900, 2.851471862576143046 ) ) ;
#567 = EDGE_LOOP ( 'NONE', ( #113, #1058 ) ) ;
#568 = DIRECTION ( 'NONE',  ( 0.000000000000000000, 0.000000000000000000, 1.000000000000000000 ) ) ;
#569 = VERTEX_POINT ( 'NONE', #4 ) ;
#570 = AXIS2_PLACEMENT_3D ( 'NONE', #1340, #719, #394 ) ;
#571 = DIRECTION ( 'NONE',  ( 0.000000000000000000, 1.000000000000000000, 0.000000000000000000 ) ) ;
#572 = MECHANICAL_DESIGN_GEOMETRIC_PRESENTATION_REPRESENTATION (  '', ( #644 ), #1246 ) ;
#573 = ADVANCED_FACE ( 'NONE', ( #417 ), #725, .T. ) ;
#574 = EDGE_LOOP ( 'NONE', ( #1266, #90, #292, #1278, #805 ) ) ;
#575 = CARTESIAN_POINT ( 'NONE',  ( 5.909775934025769700E-13, -24.00000000000000000, 6.697056274847716040 ) ) ;
#576 = DIRECTION ( 'NONE',  ( 0.000000000000000000, 0.000000000000000000, -1.000000000000000000 ) ) ;
#577 = LINE ( 'NONE', #269, #486 ) ;
#578 = EDGE_LOOP ( 'NONE', ( #235, #69, #1234, #1210 ) ) ;
#579 = DIRECTION ( 'NONE',  ( -0.000000000000000000, -1.000000000000000000, -0.000000000000000000 ) ) ;
#580 = VERTEX_POINT ( 'NONE', #422 ) ;
#581 = FACE_OUTER_BOUND ( 'NONE', #1060, .T. ) ;
#582 = EDGE_CURVE ( 'NONE', #467, #602, #852, .T. ) ;
#583 = UNCERTAINTY_MEASURE_WITH_UNIT (LENGTH_MEASURE( 1.000000000000000082E-05 ), #758, 'distance_accuracy_value', 'NONE');
#584 = DIRECTION ( 'NONE',  ( 0.000000000000000000, 0.000000000000000000, 1.000000000000000000 ) ) ;
#585 = DIRECTION ( 'NONE',  ( -0.008726535498374717037, -0.9999619230641713097, 0.000000000000000000 ) ) ;
#586 = DIRECTION ( 'NONE',  ( 0.000000000000000000, 0.000000000000000000, 1.000000000000000000 ) ) ;
#587 = DIRECTION ( 'NONE',  ( -0.000000000000000000, -1.000000000000000000, -0.000000000000000000 ) ) ;
#588 = EDGE_LOOP ( 'NONE', ( #637, #57 ) ) ;
#589 = EDGE_CURVE ( 'NONE', #642, #921, #747, .T. ) ;
#590 = CARTESIAN_POINT ( 'NONE',  ( -6.938893903907228378E-15, 0.000000000000000000, 5.000000000000000888 ) ) ;
#591 = VERTEX_POINT ( 'NONE', #641 ) ;
#592 = ITEM_DEFINED_TRANSFORMATION ( 'NONE', 'NONE', #75,  #601 ) ;
#593 = CARTESIAN_POINT ( 'NONE',  ( -3.469446951953614189E-15, -15.40000000000000036, 3.100000000000000533 ) ) ;
#594 = ORIENTED_EDGE ( 'NONE', *, *, #1217, .F. ) ;
#595 =( GEOMETRIC_REPRESENTATION_CONTEXT ( 3 ) GLOBAL_UNCERTAINTY_ASSIGNED_CONTEXT ( ( #193 ) ) GLOBAL_UNIT_ASSIGNED_CONTEXT ( ( #699, #149, #51 ) ) REPRESENTATION_CONTEXT ( 'NONE', 'WORKASPACE' ) );
#596 = AXIS2_PLACEMENT_3D ( 'NONE', #916, #257, #1109 ) ;
#597 =( NAMED_UNIT ( * ) SI_UNIT ( $, .STERADIAN. ) SOLID_ANGLE_UNIT ( ) );
#598 = EDGE_LOOP ( 'NONE', ( #858, #1306, #119, #726, #800 ) ) ;
#599 = AXIS2_PLACEMENT_3D ( 'NONE', #434, #546, #1303 ) ;
#600 = FACE_OUTER_BOUND ( 'NONE', #588, .T. ) ;
#601 = AXIS2_PLACEMENT_3D ( 'NONE', #1146, #956, #314 ) ;
#602 = VERTEX_POINT ( 'NONE', #1082 ) ;
#603 = ORIENTED_EDGE ( 'NONE', *, *, #161, .F. ) ;
#604 = ADVANCED_FACE ( 'NONE', ( #768 ), #973, .T. ) ;
#605 = CARTESIAN_POINT ( 'NONE',  ( -0.6000000000000034195, 0.000000000000000000, 2.500000000000000444 ) ) ;
#606 = ORIENTED_EDGE ( 'NONE', *, *, #635, .T. ) ;
#607 = CARTESIAN_POINT ( 'NONE',  ( -0.3514718625761452664, -0.5999999999999988676, 3.100000000000000089 ) ) ;
#608 = ORIENTED_EDGE ( 'NONE', *, *, #482, .T. ) ;
#609 = DIRECTION ( 'NONE',  ( 1.000000000000000000, 0.000000000000000000, 1.445602896647339311E-15 ) ) ;
#610 = CARTESIAN_POINT ( 'NONE',  ( 0.000000000000000000, -2.143131898507868297E-16, 0.000000000000000000 ) ) ;
#611 = EDGE_CURVE ( 'NONE', #1329, #1254, #928, .T. ) ;
#612 = ORIENTED_EDGE ( 'NONE', *, *, #729, .T. ) ;
#613 = DIRECTION ( 'NONE',  ( -0.000000000000000000, -0.000000000000000000, -1.000000000000000000 ) ) ;
#614 = CYLINDRICAL_SURFACE ( 'NONE', #686, 3.500000000000000444 ) ;
#615 = CARTESIAN_POINT ( 'NONE',  ( 0.000000000000000000, 0.000000000000000000, 0.000000000000000000 ) ) ;
#616 = ITEM_DEFINED_TRANSFORMATION ( 'NONE', 'NONE', #1352,  #601 ) ;
#617 = ADVANCED_FACE ( 'NONE', ( #862 ), #1286, .T. ) ;
#618 = ORIENTED_EDGE ( 'NONE', *, *, #100, .F. ) ;
#619 = CARTESIAN_POINT ( 'NONE',  ( -0.5999999999999598987, -8.351471862576122618, 2.148528137423877826 ) ) ;
#620 = CARTESIAN_POINT ( 'NONE',  ( -0.5999999999999182654, -15.64852813742389692, 2.148528137423897366 ) ) ;
#621 = ORIENTED_EDGE ( 'NONE', *, *, #836, .F. ) ;
#622 = AXIS2_PLACEMENT_3D ( 'NONE', #1029, #1038, #1224 ) ;
#623 = AXIS2_PLACEMENT_3D ( 'NONE', #1197, #990, #39 ) ;
#624 = APPLICATION_PROTOCOL_DEFINITION ( 'draft international standard', 'automotive_design', 1998, #435 ) ;
#625 = AXIS2_PLACEMENT_3D ( 'NONE', #670, #356, #1232 ) ;
#626 = DIRECTION ( 'NONE',  ( 0.000000000000000000, 0.000000000000000000, 1.000000000000000000 ) ) ;
#627 = ORIENTED_EDGE ( 'NONE', *, *, #582, .F. ) ;
#628 = DIRECTION ( 'NONE',  ( -0.000000000000000000, -1.000000000000000000, -0.000000000000000000 ) ) ;
#629 = EDGE_CURVE ( 'NONE', #467, #477, #122, .T. ) ;
#630 = DIRECTION ( 'NONE',  ( 0.000000000000000000, 1.000000000000000000, 0.000000000000000000 ) ) ;
#631 = ORIENTED_EDGE ( 'NONE', *, *, #205, .F. ) ;
#632 = CARTESIAN_POINT ( 'NONE',  ( -3.395968144004770891E-15, -8.600000000000003197, 1.900000000000000577 ) ) ;
#633 = CARTESIAN_POINT ( 'NONE',  ( -2.850000000000000089, 1.999999999999999556, 0.000000000000000000 ) ) ;
#634 = ORIENTED_EDGE ( 'NONE', *, *, #425, .T. ) ;
#635 = EDGE_CURVE ( 'NONE', #1190, #891, #48, .T. ) ;
#636 = SURFACE_STYLE_USAGE ( .BOTH. , #339 ) ;
#637 = ORIENTED_EDGE ( 'NONE', *, *, #1301, .T. ) ;
#638 = ORIENTED_EDGE ( 'NONE', *, *, #873, .T. ) ;
#639 = LINE ( 'NONE', #874, #983 ) ;
#640 = PRODUCT_DEFINITION_SHAPE ( 'NONE', 'NONE',  #1366 ) ;
#641 = CARTESIAN_POINT ( 'NONE',  ( 0.5999999999999999778, 7.347880794884117764E-17, 5.000000000000001776 ) ) ;
#642 = VERTEX_POINT ( 'NONE', #332 ) ;
#643 = PRESENTATION_LAYER_ASSIGNMENT (  '', '', ( #846 ) ) ;
#644 = STYLED_ITEM ( 'NONE', ( #118 ), #668 ) ;
#645 = AXIS2_PLACEMENT_3D ( 'NONE', #713, #506, #698 ) ;
#646 = VECTOR ( 'NONE', #468, 1000.000000000000000 ) ;
#647 = EDGE_CURVE ( 'NONE', #216, #642, #1000, .T. ) ;
#648 = AXIS2_PLACEMENT_3D ( 'NONE', #150, #579, #788 ) ;
#649 = PRODUCT_DEFINITION_SHAPE ( 'NONE', 'NONE',  #683 ) ;
#650 = APPLICATION_CONTEXT ( 'automotive_design' ) ;
#651 = CARTESIAN_POINT ( 'NONE',  ( -3.395968144004772863E-15, -24.60099999999967579, 1.900000000000000577 ) ) ;
#652 = EDGE_CURVE ( 'NONE', #696, #931, #129, .T. ) ;
#653 = VERTEX_POINT ( 'NONE', #978 ) ;
#654 = DIRECTION ( 'NONE',  ( 0.000000000000000000, 0.000000000000000000, 1.000000000000000000 ) ) ;
#655 = CARTESIAN_POINT ( 'NONE',  ( -0.5999999999999600098, -7.648528137423856954, 2.851471862576142602 ) ) ;
#656 = CARTESIAN_POINT ( 'NONE',  ( 0.5999999999999999778, 7.347880794884117764E-17, 6.697056274847716040 ) ) ;
#657 = ADVANCED_FACE ( 'NONE', ( #875 ), #327, .T. ) ;
#658 = DIRECTION ( 'NONE',  ( -0.000000000000000000, -1.000000000000000000, -0.000000000000000000 ) ) ;
#659 = PRODUCT_DEFINITION_SHAPE ( 'NONE', 'NONE',  #1362 ) ;
#660 = CARTESIAN_POINT ( 'NONE',  ( -3.469446951953614189E-15, -24.60099999999967579, 2.500000000000000444 ) ) ;
#661 = LINE ( 'NONE', #441, #1051 ) ;
#662 = CIRCLE ( 'NONE', #31, 0.5999999999999999778 ) ;
#663 = ORIENTED_EDGE ( 'NONE', *, *, #280, .F. ) ;
#664 = CARTESIAN_POINT ( 'NONE',  ( -0.5999999999999167111, -8.000000000000000000, 6.697056274847716040 ) ) ;
#665 = CARTESIAN_POINT ( 'NONE',  ( 0.6000000000001305400, -24.00000000000000000, 2.500000000000000444 ) ) ;
#666 = ORIENTED_EDGE ( 'NONE', *, *, #1280, .T. ) ;
#667 = EDGE_CURVE ( 'NONE', #763, #891, #338, .T. ) ;
#668 = ADVANCED_BREP_SHAPE_REPRESENTATION ( '', ( #87, #601 ), #459 ) ;
#669 =( NAMED_UNIT ( * ) PLANE_ANGLE_UNIT ( ) SI_UNIT ( $, .RADIAN. ) );
#670 = CARTESIAN_POINT ( 'NONE',  ( 0.000000000000000000, 2.399999999999999911, 0.000000000000000000 ) ) ;
#671 = VERTEX_POINT ( 'NONE', #343 ) ;
#672 = CARTESIAN_POINT ( 'NONE',  ( -3.500000000000000444, 0.3999999999999995781, 0.000000000000000000 ) ) ;
#673 = DIRECTION ( 'NONE',  ( -0.000000000000000000, -0.000000000000000000, -1.000000000000000000 ) ) ;
#674 = EDGE_LOOP ( 'NONE', ( #1262, #1356, #687, #229, #1047 ) ) ;
#675 = CYLINDRICAL_SURFACE ( 'NONE', #312, 0.5999999999999999778 ) ;
#676 = CARTESIAN_POINT ( 'NONE',  ( 6.021521438005969173, 3.439932425021042128, 23.41923329946227383 ) ) ;
#677 = CARTESIAN_POINT ( 'NONE',  ( 0.000000000000000000, 2.399999999999999911, 0.000000000000000000 ) ) ;
#678 = DIRECTION ( 'NONE',  ( 1.000000000000000000, 0.000000000000000000, 1.445602896648125411E-15 ) ) ;
#679 = DIRECTION ( 'NONE',  ( -1.000000000000000000, 0.000000000000000000, 0.000000000000000000 ) ) ;
#680 = CARTESIAN_POINT ( 'NONE',  ( 0.000000000000000000, 2.399999999999999911, -2.200000000000000178 ) ) ;
#681 = DIRECTION ( 'NONE',  ( 0.000000000000000000, 0.000000000000000000, 1.000000000000000000 ) ) ;
#682 = DIRECTION ( 'NONE',  ( -1.000000000000000000, 0.000000000000000000, 0.000000000000000000 ) ) ;
#683 = PRODUCT_DEFINITION ( '未知', '', #111, #1349 ) ;
#684 = ADVANCED_FACE ( 'NONE', ( #134 ), #238, .T. ) ;
#685 = DIRECTION ( 'NONE',  ( 0.000000000000000000, 0.000000000000000000, 1.000000000000000000 ) ) ;
#686 = AXIS2_PLACEMENT_3D ( 'NONE', #408, #1260, #305 ) ;
#687 = ORIENTED_EDGE ( 'NONE', *, *, #440, .T. ) ;
#688 = VECTOR ( 'NONE', #368, 1000.000000000000000 ) ;
#689 = CARTESIAN_POINT ( 'NONE',  ( 0.000000000000000000, 0.000000000000000000, 0.000000000000000000 ) ) ;
#690 =( BOUNDED_CURVE ( )  B_SPLINE_CURVE ( 3, ( #794, #164, #1342, #1244 ),
 .UNSPECIFIED., .F., .F. ) 
 B_SPLINE_CURVE_WITH_KNOTS ( ( 4, 4 ),
 ( 4.712388980384689674, 6.283185307179586232 ),
 .UNSPECIFIED. ) 
 CURVE ( )  GEOMETRIC_REPRESENTATION_ITEM ( )  RATIONAL_B_SPLINE_CURVE ( ( 1.000000000000000000, 0.8047378541243649375, 0.8047378541243649375, 1.000000000000000000 ) ) 
 REPRESENTATION_ITEM ( '' )  );
#691 = CIRCLE ( 'NONE', #714, 2.200000000000000178 ) ;
#692 = DIRECTION ( 'NONE',  ( -0.000000000000000000, -1.000000000000000000, -0.000000000000000000 ) ) ;
#693 = DIRECTION ( 'NONE',  ( 0.000000000000000000, 0.000000000000000000, -1.000000000000000000 ) ) ;
#694 = CARTESIAN_POINT ( 'NONE',  ( -3.469446951953614189E-15, -7.400000000000000355, 3.100000000000000533 ) ) ;
#695 = EDGE_CURVE ( 'NONE', #921, #580, #1088, .T. ) ;
#696 = VERTEX_POINT ( 'NONE', #665 ) ;
#697 = FACE_OUTER_BOUND ( 'NONE', #405, .T. ) ;
#698 = DIRECTION ( 'NONE',  ( 0.000000000000000000, 0.000000000000000000, 1.000000000000000000 ) ) ;
#699 =( LENGTH_UNIT ( ) NAMED_UNIT ( * ) SI_UNIT ( .MILLI., .METRE. ) );
#700 = DIRECTION ( 'NONE',  ( -0.000000000000000000, -0.000000000000000000, -1.000000000000000000 ) ) ;
#701 = ORIENTED_EDGE ( 'NONE', *, *, #1104, .F. ) ;
#702 = PRODUCT_RELATED_PRODUCT_CATEGORY ( 'part', '', ( #974 ) ) ;
#703 = FACE_OUTER_BOUND ( 'NONE', #413, .T. ) ;
#704 = ADVANCED_FACE ( 'NONE', ( #33 ), #447, .T. ) ;
#705 = DIRECTION ( 'NONE',  ( 0.000000000000000000, 1.000000000000000000, 0.000000000000000000 ) ) ;
#706 =( BOUNDED_CURVE ( )  B_SPLINE_CURVE ( 3, ( #37, #15, #255, #885 ),
 .UNSPECIFIED., .F., .T. ) 
 B_SPLINE_CURVE_WITH_KNOTS ( ( 4, 4 ),
 ( -1.421085471520200372E-13, 1.570796326794896558 ),
 .UNSPECIFIED. ) 
 CURVE ( )  GEOMETRIC_REPRESENTATION_ITEM ( )  RATIONAL_B_SPLINE_CURVE ( ( 1.000000000000000000, 0.8047378541243315198, 0.8047378541243315198, 1.000000000000000000 ) ) 
 REPRESENTATION_ITEM ( '' )  );
#707 = SHAPE_DEFINITION_REPRESENTATION ( #109, #1276 ) ;
#708 = DIRECTION ( 'NONE',  ( 1.000000000000000000, 0.000000000000000000, 1.380839886877538447E-15 ) ) ;
#709 = EDGE_LOOP ( 'NONE', ( #954, #859 ) ) ;
#710 = CARTESIAN_POINT ( 'NONE',  ( 0.6000000000000832445, -8.000000000000000000, 6.697056274847716040 ) ) ;
#711 = AXIS2_PLACEMENT_3D ( 'NONE', #899, #818, #380 ) ;
#712 = UNCERTAINTY_MEASURE_WITH_UNIT (LENGTH_MEASURE( 1.000000000000000082E-05 ), #1160, 'distance_accuracy_value', 'NONE');
#713 = CARTESIAN_POINT ( 'NONE',  ( 0.000000000000000000, 3.799999999999999378, 0.000000000000000000 ) ) ;
#714 = AXIS2_PLACEMENT_3D ( 'NONE', #677, #809, #1121 ) ;
#715 = EDGE_CURVE ( 'NONE', #1208, #309, #912, .T. ) ;
#716 = ITEM_DEFINED_TRANSFORMATION ( 'NONE', 'NONE', #46,  #601 ) ;
#717 = CARTESIAN_POINT ( 'NONE',  ( 0.3514718625761596993, -7.399999999999975486, 3.100000000000025402 ) ) ;
#718 = ORIENTED_EDGE ( 'NONE', *, *, #826, .T. ) ;
#719 = DIRECTION ( 'NONE',  ( -0.000000000000000000, -1.000000000000000000, -0.000000000000000000 ) ) ;
#720 =( REPRESENTATION_RELATIONSHIP ('NONE','NONE', #991, #561 ) REPRESENTATION_RELATIONSHIP_WITH_TRANSFORMATION ( #592 )SHAPE_REPRESENTATION_RELATIONSHIP( ) );
#721 = DIRECTION ( 'NONE',  ( 0.000000000000000000, 0.000000000000000000, -1.000000000000000000 ) ) ;
#722 = DIRECTION ( 'NONE',  ( -0.000000000000000000, -1.000000000000000000, -0.000000000000000000 ) ) ;
#723 = ORIENTED_EDGE ( 'NONE', *, *, #1031, .T. ) ;
#724 = FACE_OUTER_BOUND ( 'NONE', #1326, .T. ) ;
#725 = CYLINDRICAL_SURFACE ( 'NONE', #933, 2.850000000000000089 ) ;
#726 = ORIENTED_EDGE ( 'NONE', *, *, #120, .T. ) ;
#727 = APPLICATION_PROTOCOL_DEFINITION ( 'draft international standard', 'automotive_design', 1998, #650 ) ;
#728 = SURFACE_STYLE_USAGE ( .BOTH. , #1166 ) ;
#729 = EDGE_CURVE ( 'NONE', #921, #78, #1119, .T. ) ;
#730 = EDGE_LOOP ( 'NONE', ( #563, #98, #1115, #608, #487 ) ) ;
#731 = CARTESIAN_POINT ( 'NONE',  ( 0.000000000000000000, 0.3999999999999995781, -2.850000000000000089 ) ) ;
#732 = AXIS2_PLACEMENT_3D ( 'NONE', #504, #399, #825 ) ;
#733 = VECTOR ( 'NONE', #478, 1000.000000000000000 ) ;
#734 = ORIENTED_EDGE ( 'NONE', *, *, #16, .T. ) ;
#735 = VECTOR ( 'NONE', #165, 1000.000000000000000 ) ;
#736 = DIRECTION ( 'NONE',  ( 0.000000000000000000, -0.000000000000000000, 1.000000000000000000 ) ) ;
#737 = PRODUCT_CONTEXT ( 'NONE', #650, 'mechanical' ) ;
#738 = COLOUR_RGB ( '',0.4549019607843137192, 0.6666666666666666297, 1.000000000000000000 ) ;
#739 = PRESENTATION_STYLE_ASSIGNMENT (( #728 ) ) ;
#740 = CARTESIAN_POINT ( 'NONE',  ( 0.6000000000000398348, -8.000000000000000000, 2.500000000000000444 ) ) ;
#741 = LINE ( 'NONE', #1048, #463 ) ;
#742 = ADVANCED_FACE ( 'NONE', ( #778 ), #248, .T. ) ;
#743 = PLANE ( 'NONE',  #240 ) ;
#744 = SURFACE_STYLE_FILL_AREA ( #223 ) ;
#745 = CARTESIAN_POINT ( 'NONE',  ( 0.000000000000000000, 2.399999999999999911, 0.000000000000000000 ) ) ;
#746 = FACE_OUTER_BOUND ( 'NONE', #574, .T. ) ;
#747 = LINE ( 'NONE', #208, #154 ) ;
#748 = FACE_OUTER_BOUND ( 'NONE', #877, .T. ) ;
#749 = DIRECTION ( 'NONE',  ( 0.000000000000000000, 0.000000000000000000, 1.000000000000000000 ) ) ;
#750 = ORIENTED_EDGE ( 'NONE', *, *, #629, .F. ) ;
#751 = EDGE_CURVE ( 'NONE', #23, #467, #1076, .T. ) ;
#752 = VECTOR ( 'NONE', #587, 1000.000000000000000 ) ;
#753 = SHAPE_REPRESENTATION_RELATIONSHIP ( 'NONE' , 'NONE' ,  #1276, #525 ) ;
#754 = VECTOR ( 'NONE', #74, 1000.000000000000000 ) ;
#755 = DIRECTION ( 'NONE',  ( 0.000000000000000000, 1.000000000000000000, 0.000000000000000000 ) ) ;
#756 = CARTESIAN_POINT ( 'NONE',  ( -0.5999999999999600098, -8.000000000000000000, 2.500000000000000444 ) ) ;
#757 = LINE ( 'NONE', #1188, #534 ) ;
#758 =( LENGTH_UNIT ( ) NAMED_UNIT ( * ) SI_UNIT ( .MILLI., .METRE. ) );
#759 = ORIENTED_EDGE ( 'NONE', *, *, #1031, .F. ) ;
#760 = CARTESIAN_POINT ( 'NONE',  ( 1.666113868251525451E-13, -16.00000000000000000, 5.000000000000000888 ) ) ;
#761 = FACE_OUTER_BOUND ( 'NONE', #539, .T. ) ;
#762 = CARTESIAN_POINT ( 'NONE',  ( 0.000000000000000000, 0.000000000000000000, -2.850000000000000089 ) ) ;
#763 = VERTEX_POINT ( 'NONE', #811 ) ;
#764 = DIRECTION ( 'NONE',  ( -0.000000000000000000, -1.000000000000000000, -0.000000000000000000 ) ) ;
#765 = CARTESIAN_POINT ( 'NONE',  ( 0.000000000000000000, 0.000000000000000000, 0.000000000000000000 ) ) ;
#766 = ADVANCED_FACE ( 'NONE', ( #703 ), #177, .T. ) ;
#767 = ORIENTED_EDGE ( 'NONE', *, *, #1280, .F. ) ;
#768 = FACE_OUTER_BOUND ( 'NONE', #807, .T. ) ;
#769 = ORIENTED_EDGE ( 'NONE', *, *, #1150, .F. ) ;
#770 = PRODUCT_DEFINITION_FORMATION_WITH_SPECIFIED_SOURCE ( '任何', '', #974, .NOT_KNOWN. ) ;
#771 = CARTESIAN_POINT ( 'NONE',  ( 1.021711822685112736, 3.483565102512908851, -0.5807667005377237235 ) ) ;
#772 = VECTOR ( 'NONE', #1300, 1000.000000000000000 ) ;
#773 = FACE_OUTER_BOUND ( 'NONE', #730, .T. ) ;
#774 = COLOUR_RGB ( '',1.000000000000000000, 0.6078431372549019107, 0.02745098039215686236 ) ;
#775 = PRODUCT_DEFINITION_FORMATION_WITH_SPECIFIED_SOURCE ( '任何', '', #333, .NOT_KNOWN. ) ;
#776 = ORIENTED_EDGE ( 'NONE', *, *, #410, .F. ) ;
#777 = ADVANCED_FACE ( 'NONE', ( #1008 ), #1229, .T. ) ;
#778 = FACE_OUTER_BOUND ( 'NONE', #1223, .T. ) ;
#779 = CARTESIAN_POINT ( 'NONE',  ( 0.000000000000000000, 2.399999999999999911, 0.000000000000000000 ) ) ;
#780 = EDGE_LOOP ( 'NONE', ( #663, #304, #1344, #903, #13, #497 ) ) ;
#781 = CARTESIAN_POINT ( 'NONE',  ( 0.000000000000000000, 0.000000000000000000, 0.000000000000000000 ) ) ;
#782 = CARTESIAN_POINT ( 'NONE',  ( -0.3514718625760611670, -15.39999999999999858, 3.100000000000000089 ) ) ;
#783 = ORIENTED_EDGE ( 'NONE', *, *, #635, .F. ) ;
#784 = DIRECTION ( 'NONE',  ( -1.000000000000000000, 0.000000000000000000, 0.000000000000000000 ) ) ;
#785 = CARTESIAN_POINT ( 'NONE',  ( 0.000000000000000000, 1.999999999999999556, 0.000000000000000000 ) ) ;
#786 = EDGE_LOOP ( 'NONE', ( #1341, #951 ) ) ;
#787 = EDGE_CURVE ( 'NONE', #251, #602, #82, .T. ) ;
#788 = DIRECTION ( 'NONE',  ( 0.000000000000000000, 0.000000000000000000, -1.000000000000000000 ) ) ;
#789 = ORIENTED_EDGE ( 'NONE', *, *, #841, .F. ) ;
#790 = CARTESIAN_POINT ( 'NONE',  ( 0.6000000000000814682, -15.64852813742385962, 2.148528137423857842 ) ) ;
#791 = CYLINDRICAL_SURFACE ( 'NONE', #732, 0.5999999999999998668 ) ;
#792 = ORIENTED_EDGE ( 'NONE', *, *, #917, .F. ) ;
#793 =( BOUNDED_CURVE ( )  B_SPLINE_CURVE ( 3, ( #905, #274, #172, #1230 ),
 .UNSPECIFIED., .F., .T. ) 
 B_SPLINE_CURVE_WITH_KNOTS ( ( 4, 4 ),
 ( 4.952500689488608779E-13, 1.570796326794896558 ),
 .UNSPECIFIED. ) 
 CURVE ( )  GEOMETRIC_REPRESENTATION_ITEM ( )  RATIONAL_B_SPLINE_CURVE ( ( 1.000000000000000000, 0.8047378541244817329, 0.8047378541244817329, 1.000000000000000000 ) ) 
 REPRESENTATION_ITEM ( '' )  );
#794 = CARTESIAN_POINT ( 'NONE',  ( 0.6000000000000398348, -8.000000000000000000, 2.500000000000000444 ) ) ;
#795 = ORIENTED_EDGE ( 'NONE', *, *, #237, .T. ) ;
#796 = EDGE_CURVE ( 'NONE', #151, #821, #1275, .T. ) ;
#797 = DIRECTION ( 'NONE',  ( 0.000000000000000000, 0.000000000000000000, 1.000000000000000000 ) ) ;
#798 = LINE ( 'NONE', #1226, #1093 ) ;
#799 = CIRCLE ( 'NONE', #1022, 0.5999999999999999778 ) ;
#800 = ORIENTED_EDGE ( 'NONE', *, *, #1097, .T. ) ;
#801 = COLOUR_RGB ( '',0.4549019607843137192, 0.6666666666666666297, 1.000000000000000000 ) ;
#802 = CARTESIAN_POINT ( 'NONE',  ( 0.6000000000001305400, -24.00000000000000000, 2.500000000000000444 ) ) ;
#803 = DIRECTION ( 'NONE',  ( 1.000000000000000000, 0.000000000000000000, -0.000000000000000000 ) ) ;
#804 = AXIS2_PLACEMENT_3D ( 'NONE', #1007, #470, #1315 ) ;
#805 = ORIENTED_EDGE ( 'NONE', *, *, #536, .T. ) ;
#806 = FACE_OUTER_BOUND ( 'NONE', #598, .T. ) ;
#807 = EDGE_LOOP ( 'NONE', ( #1012, #66, #173, #484, #627 ) ) ;
#808 = DIRECTION ( 'NONE',  ( 0.000000000000000000, 0.000000000000000000, 0.9999999999999998890 ) ) ;
#809 = DIRECTION ( 'NONE',  ( 0.000000000000000000, 1.000000000000000000, 0.000000000000000000 ) ) ;
#810 = VERTEX_POINT ( 'NONE', #265 ) ;
#811 = CARTESIAN_POINT ( 'NONE',  ( 0.000000000000000000, 1.999999999999999556, -2.850000000000000089 ) ) ;
#812 = CARTESIAN_POINT ( 'NONE',  ( 0.000000000000000000, 0.000000000000000000, 5.000000000000000888 ) ) ;
#813 = ITEM_DEFINED_TRANSFORMATION ( 'NONE', 'NONE', #541,  #601 ) ;
#814 =( NAMED_UNIT ( * ) SI_UNIT ( $, .STERADIAN. ) SOLID_ANGLE_UNIT ( ) );
#815 = ORIENTED_EDGE ( 'NONE', *, *, #89, .T. ) ;
#816 = DIRECTION ( 'NONE',  ( 0.000000000000000000, 1.000000000000000000, 0.000000000000000000 ) ) ;
#817 = EDGE_CURVE ( 'NONE', #307, #1329, #365, .T. ) ;
#818 = DIRECTION ( 'NONE',  ( 0.000000000000000000, 0.000000000000000000, 1.000000000000000000 ) ) ;
#819 = CARTESIAN_POINT ( 'NONE',  ( 5.909775934025769700E-13, -24.00000000000000000, 0.000000000000000000 ) ) ;
#820 = MECHANICAL_DESIGN_GEOMETRIC_PRESENTATION_REPRESENTATION (  '', ( #846 ), #1020 ) ;
#821 = VERTEX_POINT ( 'NONE', #904 ) ;
#822 = CARTESIAN_POINT ( 'NONE',  ( 0.000000000000000000, 3.799999999999999378, 0.000000000000000000 ) ) ;
#823 = AXIS2_PLACEMENT_3D ( 'NONE', #363, #42, #254 ) ;
#824 = VECTOR ( 'NONE', #543, 1000.000000000000000 ) ;
#825 = DIRECTION ( 'NONE',  ( 0.000000000000000000, 0.000000000000000000, 1.000000000000000000 ) ) ;
#826 = EDGE_CURVE ( 'NONE', #1273, #23, #43, .T. ) ;
#827 = STYLED_ITEM ( 'NONE', ( #1294 ), #1010 ) ;
#828 = UNCERTAINTY_MEASURE_WITH_UNIT (LENGTH_MEASURE( 1.000000000000000082E-05 ), #430, 'distance_accuracy_value', 'NONE');
#829 = CARTESIAN_POINT ( 'NONE',  ( -0.5999999999998333333, -16.00000000000000000, 6.697056274847716040 ) ) ;
#830 = CIRCLE ( 'NONE', #538, 0.5999999999999999778 ) ;
#831 = FACE_OUTER_BOUND ( 'NONE', #145, .T. ) ;
#832 = ORIENTED_EDGE ( 'NONE', *, *, #1125, .T. ) ;
#833 = CARTESIAN_POINT ( 'NONE',  ( 0.000000000000000000, 3.799999999999999378, -1.750000000000000000 ) ) ;
#834 = CARTESIAN_POINT ( 'NONE',  ( -0.5999999999998333333, -16.00000000000000000, 6.697056274847716040 ) ) ;
#835 = ITEM_DEFINED_TRANSFORMATION ( 'NONE', 'NONE', #244,  #601 ) ;
#836 = EDGE_CURVE ( 'NONE', #123, #591, #442, .T. ) ;
#837 = FACE_OUTER_BOUND ( 'NONE', #786, .T. ) ;
#838 = ORIENTED_EDGE ( 'NONE', *, *, #1174, .F. ) ;
#839 = CARTESIAN_POINT ( 'NONE',  ( -3.395968144004770891E-15, -15.40000000000000036, 1.900000000000000577 ) ) ;
#840 = ORIENTED_EDGE ( 'NONE', *, *, #1271, .T. ) ;
#841 = EDGE_CURVE ( 'NONE', #569, #197, #472, .T. ) ;
#842 =( BOUNDED_CURVE ( )  B_SPLINE_CURVE ( 3, ( #217, #619, #189, #632 ),
 .UNSPECIFIED., .F., .F. ) 
 B_SPLINE_CURVE_WITH_KNOTS ( ( 4, 4 ),
 ( 1.570796326794896558, 3.141592653589721618 ),
 .UNSPECIFIED. ) 
 CURVE ( )  GEOMETRIC_REPRESENTATION_ITEM ( )  RATIONAL_B_SPLINE_CURVE ( ( 1.000000000000000000, 0.8047378541243818129, 0.8047378541243818129, 1.000000000000000000 ) ) 
 REPRESENTATION_ITEM ( '' )  );
#843 =( LENGTH_UNIT ( ) NAMED_UNIT ( * ) SI_UNIT ( .MILLI., .METRE. ) );
#844 = ORIENTED_EDGE ( 'NONE', *, *, #371, .T. ) ;
#845 = CARTESIAN_POINT ( 'NONE',  ( 5.909775934025769700E-13, -24.00000000000000000, 6.697056274847716040 ) ) ;
#846 = STYLED_ITEM ( 'NONE', ( #60 ), #87 ) ;
#847 = VECTOR ( 'NONE', #1062, 1000.000000000000000 ) ;
#848 = DIRECTION ( 'NONE',  ( 0.000000000000000000, -1.000000000000000000, -0.000000000000000000 ) ) ;
#849 = EDGE_LOOP ( 'NONE', ( #400, #302 ) ) ;
#850 = AXIS2_PLACEMENT_3D ( 'NONE', #1107, #896, #1316 ) ;
#851 = MECHANICAL_DESIGN_GEOMETRIC_PRESENTATION_REPRESENTATION (  '', ( #137 ), #961 ) ;
#852 =( BOUNDED_CURVE ( )  B_SPLINE_CURVE ( 3, ( #318, #1281, #620, #321 ),
 .UNSPECIFIED., .F., .F. ) 
 B_SPLINE_CURVE_WITH_KNOTS ( ( 4, 4 ),
 ( 1.416115634676737183E-13, 1.570796326794896558 ),
 .UNSPECIFIED. ) 
 CURVE ( )  GEOMETRIC_REPRESENTATION_ITEM ( )  RATIONAL_B_SPLINE_CURVE ( ( 1.000000000000000000, 0.8047378541243983552, 0.8047378541243983552, 1.000000000000000000 ) ) 
 REPRESENTATION_ITEM ( '' )  );
#853 = DIRECTION ( 'NONE',  ( 0.000000000000000000, 1.000000000000000000, 0.000000000000000000 ) ) ;
#854 = PRODUCT_DEFINITION_CONTEXT ( 'detailed design', #1054, 'design' ) ;
#855 = DIRECTION ( 'NONE',  ( 0.000000000000000000, 0.000000000000000000, -1.000000000000000000 ) ) ;
#856 = PRODUCT_DEFINITION_SHAPE ( 'NONE', 'NONE',  #1363 ) ;
#857 = FILL_AREA_STYLE_COLOUR ( '', #774 ) ;
#858 = ORIENTED_EDGE ( 'NONE', *, *, #866, .F. ) ;
#859 = ORIENTED_EDGE ( 'NONE', *, *, #334, .F. ) ;
#860 = CARTESIAN_POINT ( 'NONE',  ( -3.469446951953614189E-15, -24.60099999999967579, 2.500000000000000444 ) ) ;
#861 = ADVANCED_FACE ( 'NONE', ( #358 ), #170, .T. ) ;
#862 = FACE_OUTER_BOUND ( 'NONE', #40, .T. ) ;
#863 = PRODUCT ( '复位按键', '复位按键', '', ( #1032 ) ) ;
#864 = PRESENTATION_STYLE_ASSIGNMENT (( #25 ) ) ;
#865 = CARTESIAN_POINT ( 'NONE',  ( -3.395968144004795346E-15, -23.40000000000000213, 1.900000000000000577 ) ) ;
#866 = EDGE_CURVE ( 'NONE', #519, #2, #1339, .T. ) ;
#867 = AXIS2_PLACEMENT_3D ( 'NONE', #1334, #1235, #485 ) ;
#868 =( NAMED_UNIT ( * ) PLANE_ANGLE_UNIT ( ) SI_UNIT ( $, .RADIAN. ) );
#869 = MECHANICAL_DESIGN_GEOMETRIC_PRESENTATION_REPRESENTATION (  '', ( #1114 ), #1111 ) ;
#870 = DIRECTION ( 'NONE',  ( -1.000000000000000000, 0.000000000000000000, 0.000000000000000000 ) ) ;
#871 = DIRECTION ( 'NONE',  ( 0.000000000000000000, 0.000000000000000000, -1.000000000000000000 ) ) ;
#872 = CARTESIAN_POINT ( 'NONE',  ( 0.5999999999999982014, -0.3514718625761427684, 2.148528137423857842 ) ) ;
#873 = EDGE_CURVE ( 'NONE', #602, #1273, #230, .T. ) ;
#874 = CARTESIAN_POINT ( 'NONE',  ( 0.6000000000001666223, -16.00000000000000000, 6.697056274847716040 ) ) ;
#875 = FACE_OUTER_BOUND ( 'NONE', #1213, .T. ) ;
#876 = ADVANCED_FACE ( 'NONE', ( #581 ), #59, .F. ) ;
#877 = EDGE_LOOP ( 'NONE', ( #844, #1196, #959, #462, #759, #795 ) ) ;
#878 = DIRECTION ( 'NONE',  ( 1.000000000000000000, 0.000000000000000000, 0.000000000000000000 ) ) ;
#879 =( BOUNDED_CURVE ( )  B_SPLINE_CURVE ( 3, ( #20, #1195, #130, #438 ),
 .UNSPECIFIED., .F., .T. ) 
 B_SPLINE_CURVE_WITH_KNOTS ( ( 4, 4 ),
 ( 7.219015229052683504E-14, 1.570796326794896558 ),
 .UNSPECIFIED. ) 
 CURVE ( )  GEOMETRIC_REPRESENTATION_ITEM ( )  RATIONAL_B_SPLINE_CURVE ( ( 1.000000000000000000, 0.8047378541243821459, 0.8047378541243821459, 1.000000000000000000 ) ) 
 REPRESENTATION_ITEM ( '' )  );
#880 = CARTESIAN_POINT ( 'NONE',  ( 2.694222958124177006E-16, 0.000000000000000000, 2.200000000000000178 ) ) ;
#881 = AXIS2_PLACEMENT_3D ( 'NONE', #781, #797, #908 ) ;
#882 = AXIS2_PLACEMENT_3D ( 'NONE', #660, #56, #253 ) ;
#883 = CARTESIAN_POINT ( 'NONE',  ( 6.021521438005969173, 3.439932425021042128, 7.419233299462276499 ) ) ;
#884 = AXIS2_PLACEMENT_3D ( 'NONE', #822, #1153, #207 ) ;
#885 = CARTESIAN_POINT ( 'NONE',  ( 0.6000000000000814682, -16.00000000000000000, 2.500000000000000444 ) ) ;
#886 = VECTOR ( 'NONE', #554, 1000.000000000000000 ) ;
#887 = EDGE_LOOP ( 'NONE', ( #499, #631 ) ) ;
#888 = CARTESIAN_POINT ( 'NONE',  ( -0.3514718625761067416, -16.59999999999995168, 3.099999999999950795 ) ) ;
#889 = ADVANCED_FACE ( 'NONE', ( #697 ), #1015, .T. ) ;
#890 = CARTESIAN_POINT ( 'NONE',  ( 0.000000000000000000, 2.399999999999999911, -1.750000000000000000 ) ) ;
#891 = VERTEX_POINT ( 'NONE', #731 ) ;
#892 = ORIENTED_EDGE ( 'NONE', *, *, #1150, .T. ) ;
#893 = DIRECTION ( 'NONE',  ( 0.008726535498374717037, 0.9999619230641713097, 0.000000000000000000 ) ) ;
#894 = CARTESIAN_POINT ( 'NONE',  ( -0.5999999999999183764, -16.00000000000000000, 2.500000000000000444 ) ) ;
#895 = ORIENTED_EDGE ( 'NONE', *, *, #652, .F. ) ;
#896 = DIRECTION ( 'NONE',  ( -0.000000000000000000, -1.000000000000000000, -0.000000000000000000 ) ) ;
#897 = SURFACE_STYLE_USAGE ( .BOTH. , #376 ) ;
#898 = EDGE_CURVE ( 'NONE', #477, #519, #1314, .T. ) ;
#899 = CARTESIAN_POINT ( 'NONE',  ( 0.000000000000000000, 0.000000000000000000, 0.000000000000000000 ) ) ;
#900 = VERTEX_POINT ( 'NONE', #198 ) ;
#901 = APPLICATION_PROTOCOL_DEFINITION ( 'draft international standard', 'automotive_design', 1998, #962 ) ;
#902 = CARTESIAN_POINT ( 'NONE',  ( 0.000000000000000000, 2.399999999999999911, 0.000000000000000000 ) ) ;
#903 = ORIENTED_EDGE ( 'NONE', *, *, #1360, .T. ) ;
#904 = CARTESIAN_POINT ( 'NONE',  ( 0.000000000000000000, 0.000000000000000000, -2.200000000000000178 ) ) ;
#905 = CARTESIAN_POINT ( 'NONE',  ( -3.395968144004795346E-15, -23.40000000000000213, 1.900000000000000577 ) ) ;
#906 = ORIENTED_EDGE ( 'NONE', *, *, #510, .F. ) ;
#907 = FACE_OUTER_BOUND ( 'NONE', #567, .T. ) ;
#908 = DIRECTION ( 'NONE',  ( 1.000000000000000000, 0.000000000000000000, 0.000000000000000000 ) ) ;
#909 = COLOUR_RGB ( '',0.7921568627450980005, 0.8196078431372548767, 0.9333333333333333481 ) ;
#910 = AXIS2_PLACEMENT_3D ( 'NONE', #785, #480, #194 ) ;
#911 = DIRECTION ( 'NONE',  ( 0.000000000000000000, 1.000000000000000000, 0.000000000000000000 ) ) ;
#912 = CIRCLE ( 'NONE', #1139, 0.5999999999999999778 ) ;
#913 = ORIENTED_EDGE ( 'NONE', *, *, #536, .F. ) ;
#914 = CARTESIAN_POINT ( 'NONE',  ( 0.6000000000000812461, -16.35147186257618301, 2.148528137423818318 ) ) ;
#915 = AXIS2_PLACEMENT_3D ( 'NONE', #1297, #654, #550 ) ;
#916 = CARTESIAN_POINT ( 'NONE',  ( 0.000000000000000000, 0.000000000000000000, 6.697056274847716040 ) ) ;
#917 = EDGE_CURVE ( 'NONE', #540, #5, #91, .T. ) ;
#918 = FACE_BOUND ( 'NONE', #362, .T. ) ;
#919 = ORIENTED_EDGE ( 'NONE', *, *, #340, .T. ) ;
#920 = CARTESIAN_POINT ( 'NONE',  ( -3.395968144004770891E-15, -16.60000000000000142, 1.900000000000000577 ) ) ;
#921 = VERTEX_POINT ( 'NONE', #955 ) ;
#922 = ADVANCED_FACE ( 'NONE', ( #421 ), #509, .T. ) ;
#923 = ORIENTED_EDGE ( 'NONE', *, *, #1243, .F. ) ;
#924 = DIRECTION ( 'NONE',  ( 0.000000000000000000, 0.000000000000000000, 1.000000000000000000 ) ) ;
#925 = EDGE_LOOP ( 'NONE', ( #934, #176, #369, #481, #471 ) ) ;
#926 = CARTESIAN_POINT ( 'NONE',  ( 0.6000000000000832445, -8.000000000000000000, 6.697056274847716040 ) ) ;
#927 = DIRECTION ( 'NONE',  ( 0.000000000000000000, 1.000000000000000000, 0.000000000000000000 ) ) ;
#928 =( BOUNDED_CURVE ( )  B_SPLINE_CURVE ( 3, ( #756, #655, #22, #439 ),
 .UNSPECIFIED., .F., .T. ) 
 B_SPLINE_CURVE_WITH_KNOTS ( ( 4, 4 ),
 ( 4.712388980384689674, 6.283185307179514290 ),
 .UNSPECIFIED. ) 
 CURVE ( )  GEOMETRIC_REPRESENTATION_ITEM ( )  RATIONAL_B_SPLINE_CURVE ( ( 1.000000000000000000, 0.8047378541243649375, 0.8047378541243649375, 1.000000000000000000 ) ) 
 REPRESENTATION_ITEM ( '' )  );
#929 = PLANE ( 'NONE',  #984 ) ;
#930 = MECHANICAL_DESIGN_GEOMETRIC_PRESENTATION_REPRESENTATION (  '', ( #512 ), #1247 ) ;
#931 = VERTEX_POINT ( 'NONE', #1259 ) ;
#932 = DIRECTION ( 'NONE',  ( 1.000000000000000000, 0.000000000000000000, 1.380839886877538447E-15 ) ) ;
#933 = AXIS2_PLACEMENT_3D ( 'NONE', #428, #1155, #855 ) ;
#934 = ORIENTED_EDGE ( 'NONE', *, *, #371, .F. ) ;
#935 = AXIS2_PLACEMENT_3D ( 'NONE', #1167, #613, #99 ) ;
#936 = UNCERTAINTY_MEASURE_WITH_UNIT (LENGTH_MEASURE( 1.000000000000000082E-05 ), #1347, 'distance_accuracy_value', 'NONE');
#937 = EDGE_CURVE ( 'NONE', #5, #1298, #1070, .T. ) ;
#938 = LINE ( 'NONE', #1149, #47 ) ;
#939 = CARTESIAN_POINT ( 'NONE',  ( 0.000000000000000000, 0.3999999999999995781, 0.000000000000000000 ) ) ;
#940 = ITEM_DEFINED_TRANSFORMATION ( 'NONE', 'NONE', #1304,  #601 ) ;
#941 =( BOUNDED_CURVE ( )  B_SPLINE_CURVE ( 3, ( #1203, #246, #566, #993 ),
 .UNSPECIFIED., .F., .F. ) 
 B_SPLINE_CURVE_WITH_KNOTS ( ( 4, 4 ),
 ( 3.141592653589790896, 4.712388980384689674 ),
 .UNSPECIFIED. ) 
 CURVE ( )  GEOMETRIC_REPRESENTATION_ITEM ( )  RATIONAL_B_SPLINE_CURVE ( ( 1.000000000000000000, 0.8047378541243644934, 0.8047378541243644934, 1.000000000000000000 ) ) 
 REPRESENTATION_ITEM ( '' )  );
#942 = CARTESIAN_POINT ( 'NONE',  ( -0.6000000000000034195, 0.000000000000000000, 2.500000000000000444 ) ) ;
#943 = EDGE_LOOP ( 'NONE', ( #452, #776, #1313, #1348 ) ) ;
#944 = FACE_OUTER_BOUND ( 'NONE', #1222, .T. ) ;
#945 = DIRECTION ( 'NONE',  ( 0.000000000000000000, 0.000000000000000000, -1.000000000000000000 ) ) ;
#946 = ORIENTED_EDGE ( 'NONE', *, *, #1168, .T. ) ;
#947 = ADVANCED_FACE ( 'NONE', ( #1036 ), #1061, .T. ) ;
#948 = CARTESIAN_POINT ( 'NONE',  ( -3.469446951953614189E-15, -24.60099999999967579, 2.500000000000000444 ) ) ;
#949 = CARTESIAN_POINT ( 'NONE',  ( -3.469446951953614189E-15, -7.400000000000000355, 3.100000000000000533 ) ) ;
#950 = DIRECTION ( 'NONE',  ( 0.000000000000000000, 1.000000000000000000, 0.000000000000000000 ) ) ;
#951 = ORIENTED_EDGE ( 'NONE', *, *, #647, .T. ) ;
#952 = ADVANCED_FACE ( 'NONE', ( #294 ), #1357, .T. ) ;
#953 =( LENGTH_UNIT ( ) NAMED_UNIT ( * ) SI_UNIT ( .MILLI., .METRE. ) );
#954 = ORIENTED_EDGE ( 'NONE', *, *, #715, .F. ) ;
#955 = CARTESIAN_POINT ( 'NONE',  ( -0.5999999999995430100, -24.00000000000000000, 2.500000000000000444 ) ) ;
#956 = DIRECTION ( 'NONE',  ( 0.000000000000000000, 0.000000000000000000, 1.000000000000000000 ) ) ;
#957 = AXIS2_PLACEMENT_3D ( 'NONE', #1101, #1299, #678 ) ;
#958 = DIRECTION ( 'NONE',  ( 1.000000000000000000, 0.000000000000000000, -0.000000000000000000 ) ) ;
#959 = ORIENTED_EDGE ( 'NONE', *, *, #53, .F. ) ;
#960 = AXIS2_PLACEMENT_3D ( 'NONE', #375, #568, #803 ) ;
#961 =( GEOMETRIC_REPRESENTATION_CONTEXT ( 3 ) GLOBAL_UNCERTAINTY_ASSIGNED_CONTEXT ( ( #1277 ) ) GLOBAL_UNIT_ASSIGNED_CONTEXT ( ( #953, #300, #234 ) ) REPRESENTATION_CONTEXT ( 'NONE', 'WORKASPACE' ) );
#962 = APPLICATION_CONTEXT ( 'automotive_design' ) ;
#963 = ADVANCED_FACE ( 'NONE', ( #724 ), #1345, .T. ) ;
#964 = VERTEX_POINT ( 'NONE', #317 ) ;
#965 = CARTESIAN_POINT ( 'NONE',  ( 1.666113868251525451E-13, -16.00000000000000000, 6.697056274847716040 ) ) ;
#966 = UNCERTAINTY_MEASURE_WITH_UNIT (LENGTH_MEASURE( 1.000000000000000082E-05 ), #843, 'distance_accuracy_value', 'NONE');
#967 = CARTESIAN_POINT ( 'NONE',  ( -0.5999999999995430100, -24.00000000000000000, 2.500000000000000444 ) ) ;
#968 = PRODUCT_DEFINITION_SHAPE ( 'NONE', 'NONE',  #1369 ) ;
#969 = SURFACE_SIDE_STYLE ('',( #1079 ) ) ;
#970 = ORIENTED_EDGE ( 'NONE', *, *, #1209, .F. ) ;
#971 = DIRECTION ( 'NONE',  ( -0.000000000000000000, -0.000000000000000000, -1.000000000000000000 ) ) ;
#972 = EDGE_CURVE ( 'NONE', #1322, #529, #191, .T. ) ;
#973 = CYLINDRICAL_SURFACE ( 'NONE', #226, 0.5999999999999999778 ) ;
#974 = PRODUCT ( '圆按键1.54', '圆按键1.54', '', ( #737 ) ) ;
#975 = ADVANCED_BREP_SHAPE_REPRESENTATION ( '', ( #95, #601 ), #331 ) ;
#976 = DIRECTION ( 'NONE',  ( 1.000000000000000000, 0.000000000000000000, 1.445602896647339311E-15 ) ) ;
#977 =( BOUNDED_CURVE ( )  B_SPLINE_CURVE ( 3, ( #1207, #1108, #233, #1194 ),
 .UNSPECIFIED., .F., .F. ) 
 B_SPLINE_CURVE_WITH_KNOTS ( ( 4, 4 ),
 ( 1.570796326794896558, 3.141592653589865503 ),
 .UNSPECIFIED. ) 
 CURVE ( )  GEOMETRIC_REPRESENTATION_ITEM ( )  RATIONAL_B_SPLINE_CURVE ( ( 1.000000000000000000, 0.8047378541243479511, 0.8047378541243479511, 1.000000000000000000 ) ) 
 REPRESENTATION_ITEM ( '' )  );
#978 = CARTESIAN_POINT ( 'NONE',  ( -3.395968144004772863E-15, -0.6000000000000033085, 1.900000000000000577 ) ) ;
#979 = DIRECTION ( 'NONE',  ( -0.000000000000000000, -1.000000000000000000, -0.000000000000000000 ) ) ;
#980 =( REPRESENTATION_RELATIONSHIP ('NONE','NONE', #991, #1276 ) REPRESENTATION_RELATIONSHIP_WITH_TRANSFORMATION ( #299 )SHAPE_REPRESENTATION_RELATIONSHIP( ) );
#981 = ADVANCED_FACE ( 'NONE', ( #944 ), #526, .T. ) ;
#982 = CIRCLE ( 'NONE', #133, 0.5999999999999999778 ) ;
#983 = VECTOR ( 'NONE', #971, 1000.000000000000000 ) ;
#984 = AXIS2_PLACEMENT_3D ( 'NONE', #1151, #1343, #1040 ) ;
#985 = DIRECTION ( 'NONE',  ( -0.000000000000000000, -0.000000000000000000, -1.000000000000000000 ) ) ;
#986 = EDGE_CURVE ( 'NONE', #1329, #477, #842, .T. ) ;
#987 = DIRECTION ( 'NONE',  ( 0.008726535498374717037, 0.9999619230641713097, 0.000000000000000000 ) ) ;
#988 = CARTESIAN_POINT ( 'NONE',  ( -3.469446951953614189E-15, -24.60099999999967579, 3.100000000000000533 ) ) ;
#989 = ORIENTED_EDGE ( 'NONE', *, *, #492, .F. ) ;
#990 = DIRECTION ( 'NONE',  ( -0.000000000000000000, -0.000000000000000000, -1.000000000000000000 ) ) ;
#991 = SHAPE_REPRESENTATION ( '按键阵列', ( #1027, #7, #1352, #75, #541, #1304, #46, #244, #823, #224 ), #595 ) ;
#992 = DIRECTION ( 'NONE',  ( 0.000000000000000000, 0.000000000000000000, -1.000000000000000000 ) ) ;
#993 = CARTESIAN_POINT ( 'NONE',  ( 0.5999999999999982014, 0.000000000000000000, 2.500000000000000444 ) ) ;
#994 = ORIENTED_EDGE ( 'NONE', *, *, #589, .F. ) ;
#995 = DIRECTION ( 'NONE',  ( -0.000000000000000000, -0.000000000000000000, -1.000000000000000000 ) ) ;
#996 = CARTESIAN_POINT ( 'NONE',  ( -3.469446951953614189E-15, -16.60000000000000142, 3.100000000000000533 ) ) ;
#997 = AXIS2_PLACEMENT_3D ( 'NONE', #779, #979, #576 ) ;
#998 = PRESENTATION_LAYER_ASSIGNMENT (  '', '', ( #644 ) ) ;
#999 = AXIS2_PLACEMENT_3D ( 'NONE', #1359, #1350, #945 ) ;
#1000 = CIRCLE ( 'NONE', #10, 0.5999999999996736832 ) ;
#1001 = FACE_OUTER_BOUND ( 'NONE', #1063, .T. ) ;
#1002 = AXIS2_PLACEMENT_3D ( 'NONE', #902, #911, #1221 ) ;
#1003 = EDGE_CURVE ( 'NONE', #1205, #307, #741, .T. ) ;
#1004 = LINE ( 'NONE', #926, #1353 ) ;
#1005 = EDGE_LOOP ( 'NONE', ( #970, #1078, #1156, #211, #215 ) ) ;
#1006 = APPLICATION_PROTOCOL_DEFINITION ( 'draft international standard', 'automotive_design', 1998, #1054 ) ;
#1007 = CARTESIAN_POINT ( 'NONE',  ( 5.909775934025769700E-13, -24.00000000000000000, 0.000000000000000000 ) ) ;
#1008 = FACE_OUTER_BOUND ( 'NONE', #849, .T. ) ;
#1009 = EDGE_CURVE ( 'NONE', #23, #309, #1279, .T. ) ;
#1010 = MANIFOLD_SOLID_BREP ( '旋转1', #1245 ) ;
#1011 = LINE ( 'NONE', #117, #847 ) ;
#1012 = ORIENTED_EDGE ( 'NONE', *, *, #751, .F. ) ;
#1013 = DIRECTION ( 'NONE',  ( 0.000000000000000000, 0.000000000000000000, 0.9999999999999998890 ) ) ;
#1014 = DIRECTION ( 'NONE',  ( 0.000000000000000000, 0.000000000000000000, 1.000000000000000000 ) ) ;
#1015 = CYLINDRICAL_SURFACE ( 'NONE', #156, 0.5999999999999998668 ) ;
#1016 = SURFACE_STYLE_FILL_AREA ( #178 ) ;
#1017 = EDGE_LOOP ( 'NONE', ( #634, #1172, #92, #989 ) ) ;
#1018 = CARTESIAN_POINT ( 'NONE',  ( 3.490243377569956554E-16, 1.999999999999999556, 2.850000000000000089 ) ) ;
#1019 = ADVANCED_FACE ( 'NONE', ( #748 ), #415, .T. ) ;
#1020 =( GEOMETRIC_REPRESENTATION_CONTEXT ( 3 ) GLOBAL_UNCERTAINTY_ASSIGNED_CONTEXT ( ( #936 ) ) GLOBAL_UNIT_ASSIGNED_CONTEXT ( ( #1347, #295, #597 ) ) REPRESENTATION_CONTEXT ( 'NONE', 'WORKASPACE' ) );
#1021 = COLOUR_RGB ( '',0.7921568627450980005, 0.8196078431372548767, 0.9333333333333333481 ) ;
#1022 = AXIS2_PLACEMENT_3D ( 'NONE', #615, #1169, #1255 ) ;
#1023 = AXIS2_PLACEMENT_3D ( 'NONE', #1056, #104, #932 ) ;
#1024 = EDGE_LOOP ( 'NONE', ( #701, #188, #1096, #112, #906 ) ) ;
#1025 = AXIS2_PLACEMENT_3D ( 'NONE', #965, #330, #231 ) ;
#1026 = CARTESIAN_POINT ( 'NONE',  ( 0.000000000000000000, 0.000000000000000000, 5.000000000000000888 ) ) ;
#1027 = AXIS2_PLACEMENT_3D ( 'NONE', #545, #329, #174 ) ;
#1028 = ORIENTED_EDGE ( 'NONE', *, *, #136, .F. ) ;
#1029 = CARTESIAN_POINT ( 'NONE',  ( 8.330569341257627256E-14, -8.000000000000000000, 6.697056274847716040 ) ) ;
#1030 = ORIENTED_EDGE ( 'NONE', *, *, #213, .T. ) ;
#1031 = EDGE_CURVE ( 'NONE', #1254, #529, #1284, .T. ) ;
#1032 = PRODUCT_CONTEXT ( 'NONE', #435, 'mechanical' ) ;
#1033 = CARTESIAN_POINT ( 'NONE',  ( 0.000000000000000000, 0.000000000000000000, 0.000000000000000000 ) ) ;
#1034 = APPLICATION_CONTEXT ( 'automotive_design' ) ;
#1035 = ORIENTED_EDGE ( 'NONE', *, *, #1049, .T. ) ;
#1036 = FACE_OUTER_BOUND ( 'NONE', #1164, .T. ) ;
#1037 = ORIENTED_EDGE ( 'NONE', *, *, #817, .T. ) ;
#1038 = DIRECTION ( 'NONE',  ( -0.000000000000000000, -0.000000000000000000, -1.000000000000000000 ) ) ;
#1039 = CONTEXT_DEPENDENT_SHAPE_REPRESENTATION ( #1173, #1098 ) ;
#1040 = DIRECTION ( 'NONE',  ( 1.000000000000000000, 0.000000000000000000, -0.000000000000000000 ) ) ;
#1041 = VERTEX_POINT ( 'NONE', #236 ) ;
#1042 = CARTESIAN_POINT ( 'NONE',  ( 0.3514718625761597548, -8.600000000000026290, 1.899999999999975708 ) ) ;
#1043 = ORIENTED_EDGE ( 'NONE', *, *, #582, .T. ) ;
#1044 = CARTESIAN_POINT ( 'NONE',  ( 0.000000000000000000, 3.799999999999999378, -1.750000000000000000 ) ) ;
#1045 = CONTEXT_DEPENDENT_SHAPE_REPRESENTATION ( #507, #659 ) ;
#1046 = DIRECTION ( 'NONE',  ( 0.000000000000000000, 0.000000000000000000, -1.000000000000000000 ) ) ;
#1047 = ORIENTED_EDGE ( 'NONE', *, *, #21, .F. ) ;
#1048 = CARTESIAN_POINT ( 'NONE',  ( -3.469446951953614189E-15, -24.60099999999967579, 3.100000000000000533 ) ) ;
#1049 = EDGE_CURVE ( 'NONE', #78, #251, #661, .T. ) ;
#1050 = AXIS2_PLACEMENT_3D ( 'NONE', #590, #390, #62 ) ;
#1051 = VECTOR ( 'NONE', #542, 1000.000000000000000 ) ;
#1052 = CARTESIAN_POINT ( 'NONE',  ( 0.6000000000000813571, -16.35147186257618301, 2.851471862576182570 ) ) ;
#1053 = VERTEX_POINT ( 'NONE', #451 ) ;
#1054 = APPLICATION_CONTEXT ( 'automotive_design' ) ;
#1055 = DIRECTION ( 'NONE',  ( 1.000000000000000000, 0.000000000000000000, 1.445602896647339311E-15 ) ) ;
#1056 = CARTESIAN_POINT ( 'NONE',  ( -6.938893903907228378E-15, 0.000000000000000000, 5.000000000000000888 ) ) ;
#1057 = FACE_OUTER_BOUND ( 'NONE', #353, .T. ) ;
#1058 = ORIENTED_EDGE ( 'NONE', *, *, #1217, .T. ) ;
#1059 = CARTESIAN_POINT ( 'NONE',  ( -0.6000000000000015321, -0.3514718625761421578, 2.148528137423858286 ) ) ;
#1060 = EDGE_LOOP ( 'NONE', ( #1144, #923 ) ) ;
#1061 = PLANE ( 'NONE',  #1023 ) ;
#1062 = DIRECTION ( 'NONE',  ( -0.000000000000000000, -0.000000000000000000, -1.000000000000000000 ) ) ;
#1063 = EDGE_LOOP ( 'NONE', ( #892, #1269 ) ) ;
#1064 = ADVANCED_FACE ( 'NONE', ( #336 ), #220, .T. ) ;
#1065 = ORIENTED_EDGE ( 'NONE', *, *, #647, .F. ) ;
#1066 = CARTESIAN_POINT ( 'NONE',  ( 0.3514718625763410542, -23.40000000000016200, 1.900000000000164002 ) ) ;
#1067 = AXIS2_PLACEMENT_3D ( 'NONE', #939, #1270, #1084 ) ;
#1068 =( NAMED_UNIT ( * ) SI_UNIT ( $, .STERADIAN. ) SOLID_ANGLE_UNIT ( ) );
#1069 = LINE ( 'NONE', #834, #8 ) ;
#1070 = CIRCLE ( 'NONE', #537, 1.750000000000000000 ) ;
#1071 = AXIS2_PLACEMENT_3D ( 'NONE', #1130, #373, #1332 ) ;
#1072 = EDGE_CURVE ( 'NONE', #810, #1329, #879, .T. ) ;
#1073 =( NAMED_UNIT ( * ) SI_UNIT ( $, .STERADIAN. ) SOLID_ANGLE_UNIT ( ) );
#1074 = EDGE_CURVE ( 'NONE', #431, #23, #639, .T. ) ;
#1075 =( NAMED_UNIT ( * ) SI_UNIT ( $, .STERADIAN. ) SOLID_ANGLE_UNIT ( ) );
#1076 =( BOUNDED_CURVE ( )  B_SPLINE_CURVE ( 3, ( #393, #790, #152, #67 ),
 .UNSPECIFIED., .F., .F. ) 
 B_SPLINE_CURVE_WITH_KNOTS ( ( 4, 4 ),
 ( 4.712388980384689674, 6.283185307179586232 ),
 .UNSPECIFIED. ) 
 CURVE ( )  GEOMETRIC_REPRESENTATION_ITEM ( )  RATIONAL_B_SPLINE_CURVE ( ( 1.000000000000000000, 0.8047378541243649375, 0.8047378541243649375, 1.000000000000000000 ) ) 
 REPRESENTATION_ITEM ( '' )  );
#1077 = CARTESIAN_POINT ( 'NONE',  ( -3.469446951953614189E-15, -24.60099999999967579, 2.500000000000000444 ) ) ;
#1078 = ORIENTED_EDGE ( 'NONE', *, *, #419, .T. ) ;
#1079 = SURFACE_STYLE_FILL_AREA ( #1085 ) ;
#1080 = CARTESIAN_POINT ( 'NONE',  ( 0.6000000000001305400, -23.64852813742394844, 2.148528137423953321 ) ) ;
#1081 = EDGE_CURVE ( 'NONE', #696, #139, #426, .T. ) ;
#1082 = CARTESIAN_POINT ( 'NONE',  ( -0.5999999999999183764, -16.00000000000000000, 2.500000000000000444 ) ) ;
#1083 =( BOUNDED_CURVE ( )  B_SPLINE_CURVE ( 3, ( #1138, #1257, #1059, #605 ),
 .UNSPECIFIED., .F., .T. ) 
 B_SPLINE_CURVE_WITH_KNOTS ( ( 4, 4 ),
 ( 2.768741113379935191E-15, 1.570796326794896558 ),
 .UNSPECIFIED. ) 
 CURVE ( )  GEOMETRIC_REPRESENTATION_ITEM ( )  RATIONAL_B_SPLINE_CURVE ( ( 1.000000000000000000, 0.8047378541243654926, 0.8047378541243654926, 1.000000000000000000 ) ) 
 REPRESENTATION_ITEM ( '' )  );
#1084 = DIRECTION ( 'NONE',  ( 0.000000000000000000, 0.000000000000000000, -1.000000000000000000 ) ) ;
#1085 = FILL_AREA_STYLE ('',( #857 ) ) ;
#1086 = CYLINDRICAL_SURFACE ( 'NONE', #1025, 0.5999999999999999778 ) ;
#1087 = ADVANCED_FACE ( 'NONE', ( #1287 ), #1086, .T. ) ;
#1088 = LINE ( 'NONE', #557, #1201 ) ;
#1089 = DIRECTION ( 'NONE',  ( -0.000000000000000000, -1.000000000000000000, -0.000000000000000000 ) ) ;
#1090 = CIRCLE ( 'NONE', #267, 0.5999999999999999778 ) ;
#1091 = AXIS2_PLACEMENT_3D ( 'NONE', #228, #479, #679 ) ;
#1092 = AXIS2_PLACEMENT_3D ( 'NONE', #819, #1248, #501 ) ;
#1093 = VECTOR ( 'NONE', #700, 1000.000000000000000 ) ;
#1094 =( NAMED_UNIT ( * ) PLANE_ANGLE_UNIT ( ) SI_UNIT ( $, .RADIAN. ) );
#1095 = DIRECTION ( 'NONE',  ( 1.000000000000000000, 0.000000000000000000, 1.445602896648125411E-15 ) ) ;
#1096 = ORIENTED_EDGE ( 'NONE', *, *, #1125, .F. ) ;
#1097 = EDGE_CURVE ( 'NONE', #900, #2, #11, .T. ) ;
#1098 = PRODUCT_DEFINITION_SHAPE ( 'NONE', 'NONE',  #1364 ) ;
#1099 = DIRECTION ( 'NONE',  ( -0.008726535498373336197, -0.9999619230641713097, -0.000000000000000000 ) ) ;
#1100 = DIRECTION ( 'NONE',  ( 1.000000000000000000, 0.000000000000000000, 0.000000000000000000 ) ) ;
#1101 = CARTESIAN_POINT ( 'NONE',  ( 5.909775934025769700E-13, -24.00000000000000000, 5.000000000000000888 ) ) ;
#1102 = CARTESIAN_POINT ( 'NONE',  ( 1.666113868251525451E-13, -16.00000000000000000, 6.697056274847716040 ) ) ;
#1103 = ORIENTED_EDGE ( 'NONE', *, *, #1081, .T. ) ;
#1104 = EDGE_CURVE ( 'NONE', #431, #83, #662, .T. ) ;
#1105 = CARTESIAN_POINT ( 'NONE',  ( 3.490243377569956554E-16, 0.000000000000000000, 2.850000000000000089 ) ) ;
#1106 = ORIENTED_EDGE ( 'NONE', *, *, #898, .T. ) ;
#1107 = CARTESIAN_POINT ( 'NONE',  ( 0.000000000000000000, 3.799999999999999378, 0.000000000000000000 ) ) ;
#1108 = CARTESIAN_POINT ( 'NONE',  ( 0.6000000000000396128, -8.351471862576159921, 2.851471862576163918 ) ) ;
#1109 = DIRECTION ( 'NONE',  ( -1.000000000000000000, 0.000000000000000000, 0.000000000000000000 ) ) ;
#1110 = PRESENTATION_LAYER_ASSIGNMENT (  '', '', ( #512 ) ) ;
#1111 =( GEOMETRIC_REPRESENTATION_CONTEXT ( 3 ) GLOBAL_UNCERTAINTY_ASSIGNED_CONTEXT ( ( #474 ) ) GLOBAL_UNIT_ASSIGNED_CONTEXT ( ( #110, #124, #1073 ) ) REPRESENTATION_CONTEXT ( 'NONE', 'WORKASPACE' ) );
#1112 = EDGE_CURVE ( 'NONE', #511, #1122, #26, .T. ) ;
#1113 = CARTESIAN_POINT ( 'NONE',  ( -3.469446951953614189E-15, -15.40000000000000036, 3.100000000000000533 ) ) ;
#1114 = STYLED_ITEM ( 'NONE', ( #864 ), #975 ) ;
#1115 = ORIENTED_EDGE ( 'NONE', *, *, #873, .F. ) ;
#1116 = DIRECTION ( 'NONE',  ( 0.000000000000000000, -1.000000000000000000, -0.000000000000000000 ) ) ;
#1117 = DIRECTION ( 'NONE',  ( 0.000000000000000000, 0.000000000000000000, 1.000000000000000000 ) ) ;
#1118 = DIRECTION ( 'NONE',  ( -1.000000000000000000, 0.000000000000000000, 0.000000000000000000 ) ) ;
#1119 =( BOUNDED_CURVE ( )  B_SPLINE_CURVE ( 3, ( #967, #1206, #17, #1179 ),
 .UNSPECIFIED., .F., .F. ) 
 B_SPLINE_CURVE_WITH_KNOTS ( ( 4, 4 ),
 ( 4.712388980384689674, 6.283185307179090628 ),
 .UNSPECIFIED. ) 
 CURVE ( )  GEOMETRIC_REPRESENTATION_ITEM ( )  RATIONAL_B_SPLINE_CURVE ( ( 1.000000000000000000, 0.8047378541243649375, 0.8047378541243649375, 1.000000000000000000 ) ) 
 REPRESENTATION_ITEM ( '' )  );
#1120 =( NAMED_UNIT ( * ) SI_UNIT ( $, .STERADIAN. ) SOLID_ANGLE_UNIT ( ) );
#1121 = DIRECTION ( 'NONE',  ( 0.000000000000000000, 0.000000000000000000, 1.000000000000000000 ) ) ;
#1122 = VERTEX_POINT ( 'NONE', #32 ) ;
#1123 = FACE_OUTER_BOUND ( 'NONE', #397, .T. ) ;
#1124 = CARTESIAN_POINT ( 'NONE',  ( 0.6000000000000814682, -16.00000000000000000, 2.500000000000000444 ) ) ;
#1125 = EDGE_CURVE ( 'NONE', #1205, #23, #706, .T. ) ;
#1126 = CARTESIAN_POINT ( 'NONE',  ( 0.3514718625761412141, -0.5999999999999998668, 1.900000000000000355 ) ) ;
#1127 = CYLINDRICAL_SURFACE ( 'NONE', #183, 0.5999999999999999778 ) ;
#1128 = ORIENTED_EDGE ( 'NONE', *, *, #667, .T. ) ;
#1129 =( BOUNDED_CURVE ( )  B_SPLINE_CURVE ( 3, ( #311, #1052, #1268, #1163 ),
 .UNSPECIFIED., .F., .F. ) 
 B_SPLINE_CURVE_WITH_KNOTS ( ( 4, 4 ),
 ( 1.570796326794896558, 3.141592653589934780 ),
 .UNSPECIFIED. ) 
 CURVE ( )  GEOMETRIC_REPRESENTATION_ITEM ( )  RATIONAL_B_SPLINE_CURVE ( ( 1.000000000000000000, 0.8047378541243316308, 0.8047378541243316308, 1.000000000000000000 ) ) 
 REPRESENTATION_ITEM ( '' )  );
#1130 = CARTESIAN_POINT ( 'NONE',  ( 1.666113868251525451E-13, -16.00000000000000000, 6.697056274847716040 ) ) ;
#1131 = EDGE_LOOP ( 'NONE', ( #815, #606 ) ) ;
#1132 = CARTESIAN_POINT ( 'NONE',  ( -0.3514718625761260595, -8.599999999999976552, 3.099999999999975664 ) ) ;
#1133 = ORIENTED_EDGE ( 'NONE', *, *, #1233, .F. ) ;
#1134 = EDGE_CURVE ( 'NONE', #821, #151, #1227, .T. ) ;
#1135 = CARTESIAN_POINT ( 'NONE',  ( 1.666113868251525451E-13, -16.00000000000000000, 0.000000000000000000 ) ) ;
#1136 = CONTEXT_DEPENDENT_SHAPE_REPRESENTATION ( #146, #640 ) ;
#1137 = AXIS2_PLACEMENT_3D ( 'NONE', #402, #297, #958 ) ;
#1138 = CARTESIAN_POINT ( 'NONE',  ( -3.395968144004772863E-15, -0.6000000000000033085, 1.900000000000000577 ) ) ;
#1139 = AXIS2_PLACEMENT_3D ( 'NONE', #453, #749, #878 ) ;
#1140 = ORIENTED_EDGE ( 'NONE', *, *, #340, .F. ) ;
#1141 = CIRCLE ( 'NONE', #227, 0.5999999999999999778 ) ;
#1142 = CARTESIAN_POINT ( 'NONE',  ( -0.3514718625761067972, -16.59999999999995168, 1.900000000000050537 ) ) ;
#1143 = CARTESIAN_POINT ( 'NONE',  ( -3.395968144004772863E-15, -0.6000000000000033085, 1.900000000000000577 ) ) ;
#1144 = ORIENTED_EDGE ( 'NONE', *, *, #1291, .F. ) ;
#1145 = DIRECTION ( 'NONE',  ( -1.380839886877538447E-15, 0.000000000000000000, 1.000000000000000000 ) ) ;
#1146 = CARTESIAN_POINT ( 'NONE',  ( 0.000000000000000000, 0.000000000000000000, 0.000000000000000000 ) ) ;
#1147 = ORIENTED_EDGE ( 'NONE', *, *, #205, .T. ) ;
#1148 = CARTESIAN_POINT ( 'NONE',  ( -0.6000000000000013101, -0.3514718625761422688, 2.851471862576141714 ) ) ;
#1149 = CARTESIAN_POINT ( 'NONE',  ( 0.000000000000000000, 0.000000000000000000, -3.500000000000000444 ) ) ;
#1150 = EDGE_CURVE ( 'NONE', #14, #263, #691, .T. ) ;
#1151 = CARTESIAN_POINT ( 'NONE',  ( 8.330569341257627256E-14, -8.000000000000000000, 0.000000000000000000 ) ) ;
#1152 = ORIENTED_EDGE ( 'NONE', *, *, #1081, .F. ) ;
#1153 = DIRECTION ( 'NONE',  ( 0.000000000000000000, 1.000000000000000000, 0.000000000000000000 ) ) ;
#1154 = CARTESIAN_POINT ( 'NONE',  ( -0.5999999999999167111, -8.000000000000000000, 5.000000000000000000 ) ) ;
#1155 = DIRECTION ( 'NONE',  ( -0.000000000000000000, -1.000000000000000000, -0.000000000000000000 ) ) ;
#1156 = ORIENTED_EDGE ( 'NONE', *, *, #237, .F. ) ;
#1157 = ITEM_DEFINED_TRANSFORMATION ( 'NONE', 'NONE', #224,  #601 ) ;
#1158 =( NAMED_UNIT ( * ) PLANE_ANGLE_UNIT ( ) SI_UNIT ( $, .RADIAN. ) );
#1159 = EDGE_LOOP ( 'NONE', ( #322, #1030, #502, #792 ) ) ;
#1160 =( LENGTH_UNIT ( ) NAMED_UNIT ( * ) SI_UNIT ( .MILLI., .METRE. ) );
#1161 = FILL_AREA_STYLE ('',( #1267 ) ) ;
#1162 = CIRCLE ( 'NONE', #1272, 1.750000000000000000 ) ;
#1163 = CARTESIAN_POINT ( 'NONE',  ( -3.469446951953614189E-15, -16.60000000000000142, 3.100000000000000533 ) ) ;
#1164 = EDGE_LOOP ( 'NONE', ( #388, #1283 ) ) ;
#1165 = AXIS2_PLACEMENT_3D ( 'NONE', #187, #204, #1055 ) ;
#1166 = SURFACE_SIDE_STYLE ('',( #1 ) ) ;
#1167 = CARTESIAN_POINT ( 'NONE',  ( 0.000000000000000000, 0.000000000000000000, 6.697056274847716040 ) ) ;
#1168 = EDGE_CURVE ( 'NONE', #602, #1205, #1219, .T. ) ;
#1169 = DIRECTION ( 'NONE',  ( 0.000000000000000000, 0.000000000000000000, 1.000000000000000000 ) ) ;
#1170 = DIRECTION ( 'NONE',  ( 0.000000000000000000, 1.000000000000000000, 0.000000000000000000 ) ) ;
#1171 = FACE_OUTER_BOUND ( 'NONE', #1181, .T. ) ;
#1172 = ORIENTED_EDGE ( 'NONE', *, *, #841, .T. ) ;
#1173 =( REPRESENTATION_RELATIONSHIP ('NONE','NONE', #991, #323 ) REPRESENTATION_RELATIONSHIP_WITH_TRANSFORMATION ( #813 )SHAPE_REPRESENTATION_RELATIONSHIP( ) );
#1174 = EDGE_CURVE ( 'NONE', #1298, #5, #316, .T. ) ;
#1175 = ORIENTED_EDGE ( 'NONE', *, *, #796, .T. ) ;
#1176 =( LENGTH_UNIT ( ) NAMED_UNIT ( * ) SI_UNIT ( .MILLI., .METRE. ) );
#1177 = CIRCLE ( 'NONE', #570, 2.850000000000000089 ) ;
#1178 = AXIS2_PLACEMENT_3D ( 'NONE', #672, #1116, #342 ) ;
#1179 = CARTESIAN_POINT ( 'NONE',  ( -3.469446951953614189E-15, -23.40000000000000213, 3.100000000000000533 ) ) ;
#1181 = EDGE_LOOP ( 'NONE', ( #789, #1147, #437, #594 ) ) ;
#1180 =( BOUNDED_CURVE ( )  B_SPLINE_CURVE ( 3, ( #249, #872, #1126, #1143 ),
 .UNSPECIFIED., .F., .T. ) 
 B_SPLINE_CURVE_WITH_KNOTS ( ( 4, 4 ),
 ( 4.712388980384689674, 6.283185307179586232 ),
 .UNSPECIFIED. ) 
 CURVE ( )  GEOMETRIC_REPRESENTATION_ITEM ( )  RATIONAL_B_SPLINE_CURVE ( ( 1.000000000000000000, 0.8047378541243649375, 0.8047378541243649375, 1.000000000000000000 ) ) 
 REPRESENTATION_ITEM ( '' )  );
#1182 = MECHANICAL_DESIGN_GEOMETRIC_PRESENTATION_REPRESENTATION (  '', ( #827 ), #1354 ) ;
#1183 = PRODUCT ( '骨位^按键阵列', '骨位^按键阵列', '', ( #450 ) ) ;
#1184 = EDGE_CURVE ( 'NONE', #810, #653, #142, .T. ) ;
#1185 = SURFACE_STYLE_USAGE ( .BOTH. , #114 ) ;
#1186 = SURFACE_STYLE_FILL_AREA ( #287 ) ;
#1187 = DIRECTION ( 'NONE',  ( -1.380839886877538447E-15, 0.000000000000000000, 1.000000000000000000 ) ) ;
#1188 = CARTESIAN_POINT ( 'NONE',  ( 0.000000000000000000, 2.399999999999999911, -2.200000000000000178 ) ) ;
#1189 = PRODUCT_DEFINITION_SHAPE ( 'NONE', 'NONE',  #1361 ) ;
#1190 = VERTEX_POINT ( 'NONE', #65 ) ;
#1191 = ADVANCED_FACE ( 'NONE', ( #483 ), #476, .T. ) ;
#1192 = CARTESIAN_POINT ( 'NONE',  ( 0.6000000000001305400, -24.00000000000000000, 2.500000000000000444 ) ) ;
#1193 = DIRECTION ( 'NONE',  ( 0.000000000000000000, 0.000000000000000000, 1.000000000000000000 ) ) ;
#1194 = CARTESIAN_POINT ( 'NONE',  ( -3.469446951953614189E-15, -8.600000000000003197, 3.100000000000000533 ) ) ;
#1195 = CARTESIAN_POINT ( 'NONE',  ( -0.3514718625761260595, -7.400000000000026112, 1.900000000000026112 ) ) ;
#1196 = ORIENTED_EDGE ( 'NONE', *, *, #1184, .T. ) ;
#1197 = CARTESIAN_POINT ( 'NONE',  ( 8.330569341257627256E-14, -8.000000000000000000, 6.697056274847716040 ) ) ;
#1198 = EDGE_CURVE ( 'NONE', #407, #1190, #364, .T. ) ;
#1199 = CIRCLE ( 'NONE', #346, 3.500000000000000000 ) ;
#1200 = CIRCLE ( 'NONE', #1067, 3.500000000000000444 ) ;
#1201 = VECTOR ( 'NONE', #985, 1000.000000000000000 ) ;
#1202 = DIRECTION ( 'NONE',  ( -0.008726535498373336197, -0.9999619230641713097, -0.000000000000000000 ) ) ;
#1203 = CARTESIAN_POINT ( 'NONE',  ( -3.469446951953614189E-15, -0.6000000000000033085, 3.100000000000000533 ) ) ;
#1204 = CYLINDRICAL_SURFACE ( 'NONE', #131, 0.5999999999999999778 ) ;
#1205 = VERTEX_POINT ( 'NONE', #1113 ) ;
#1206 = CARTESIAN_POINT ( 'NONE',  ( -0.5999999999995430100, -23.64852813742394844, 2.851471862576048011 ) ) ;
#1207 = CARTESIAN_POINT ( 'NONE',  ( 0.6000000000000398348, -8.000000000000000000, 2.500000000000000444 ) ) ;
#1208 = VERTEX_POINT ( 'NONE', #175 ) ;
#1209 = EDGE_CURVE ( 'NONE', #1041, #219, #1141, .T. ) ;
#1210 = ORIENTED_EDGE ( 'NONE', *, *, #667, .F. ) ;
#1211 = DIRECTION ( 'NONE',  ( 0.008726535498374717037, 0.9999619230641713097, 0.000000000000000000 ) ) ;
#1212 = CARTESIAN_POINT ( 'NONE',  ( -3.469446951953614189E-15, -24.60099999999967579, 2.500000000000000444 ) ) ;
#1213 = EDGE_LOOP ( 'NONE', ( #508, #919, #1175, #206 ) ) ;
#1214 = CARTESIAN_POINT ( 'NONE',  ( -0.5999999999999999778, 0.000000000000000000, 5.000000000000000000 ) ) ;
#1215 = DIRECTION ( 'NONE',  ( -0.000000000000000000, -0.000000000000000000, -1.000000000000000000 ) ) ;
#1216 = DIRECTION ( 'NONE',  ( -0.000000000000000000, -0.000000000000000000, -1.000000000000000000 ) ) ;
#1217 = EDGE_CURVE ( 'NONE', #197, #1053, #158, .T. ) ;
#1218 = ORIENTED_EDGE ( 'NONE', *, *, #972, .T. ) ;
#1219 =( BOUNDED_CURVE ( )  B_SPLINE_CURVE ( 3, ( #894, #1308, #782, #593 ),
 .UNSPECIFIED., .F., .T. ) 
 B_SPLINE_CURVE_WITH_KNOTS ( ( 4, 4 ),
 ( 4.712388980384689674, 6.283185307179444123 ),
 .UNSPECIFIED. ) 
 CURVE ( )  GEOMETRIC_REPRESENTATION_ITEM ( )  RATIONAL_B_SPLINE_CURVE ( ( 1.000000000000000000, 0.8047378541243649375, 0.8047378541243649375, 1.000000000000000000 ) ) 
 REPRESENTATION_ITEM ( '' )  );
#1220 = APPLICATION_CONTEXT ( 'automotive_design' ) ;
#1221 = DIRECTION ( 'NONE',  ( 0.000000000000000000, -0.000000000000000000, 1.000000000000000000 ) ) ;
#1222 = EDGE_LOOP ( 'NONE', ( #18, #366 ) ) ;
#1223 = EDGE_LOOP ( 'NONE', ( #374, #618, #505, #354, #446, #895 ) ) ;
#1224 = DIRECTION ( 'NONE',  ( -1.000000000000000000, 0.000000000000000000, 0.000000000000000000 ) ) ;
#1225 = ADVANCED_FACE ( 'NONE', ( #918, #1001 ), #387, .T. ) ;
#1226 = CARTESIAN_POINT ( 'NONE',  ( -0.5999999999999999778, 0.000000000000000000, 6.697056274847716040 ) ) ;
#1227 = CIRCLE ( 'NONE', #73, 2.200000000000000178 ) ;
#1228 = VERTEX_POINT ( 'NONE', #160 ) ;
#1229 = PLANE ( 'NONE',  #867 ) ;
#1230 = CARTESIAN_POINT ( 'NONE',  ( -0.5999999999995430100, -24.00000000000000000, 2.500000000000000444 ) ) ;
#1231 = EDGE_LOOP ( 'NONE', ( #767, #1318, #612, #1035, #250, #638 ) ) ;
#1232 = DIRECTION ( 'NONE',  ( 0.000000000000000000, 0.000000000000000000, 1.000000000000000000 ) ) ;
#1233 = EDGE_CURVE ( 'NONE', #2, #900, #243, .T. ) ;
#1234 = ORIENTED_EDGE ( 'NONE', *, *, #89, .F. ) ;
#1235 = DIRECTION ( 'NONE',  ( -1.380839886877538447E-15, 0.000000000000000000, 1.000000000000000000 ) ) ;
#1236 = ORIENTED_EDGE ( 'NONE', *, *, #729, .F. ) ;
#1237 = CARTESIAN_POINT ( 'NONE',  ( 8.330569341257627256E-14, -8.000000000000000000, 6.697056274847716040 ) ) ;
#1238 = CONTEXT_DEPENDENT_SHAPE_REPRESENTATION ( #980, #456 ) ;
#1239 = CARTESIAN_POINT ( 'NONE',  ( -0.5999999999999600098, -8.000000000000000000, 2.500000000000000444 ) ) ;
#1240 = ORIENTED_EDGE ( 'NONE', *, *, #1049, .F. ) ;
#1241 = CARTESIAN_POINT ( 'NONE',  ( -0.5999999999999183764, -16.00000000000000000, 2.500000000000000444 ) ) ;
#1242 = CARTESIAN_POINT ( 'NONE',  ( 1.666113868251525451E-13, -16.00000000000000000, 6.697056274847716040 ) ) ;
#1243 = EDGE_CURVE ( 'NONE', #931, #580, #466, .T. ) ;
#1244 = CARTESIAN_POINT ( 'NONE',  ( -3.395968144004770891E-15, -7.400000000000000355, 1.900000000000000577 ) ) ;
#1245 = CLOSED_SHELL ( 'NONE', ( #922, #222, #182, #559, #106, #573, #460 ) ) ;
#1246 =( GEOMETRIC_REPRESENTATION_CONTEXT ( 3 ) GLOBAL_UNCERTAINTY_ASSIGNED_CONTEXT ( ( #423 ) ) GLOBAL_UNIT_ASSIGNED_CONTEXT ( ( #355, #669, #1120 ) ) REPRESENTATION_CONTEXT ( 'NONE', 'WORKASPACE' ) );
#1247 =( GEOMETRIC_REPRESENTATION_CONTEXT ( 3 ) GLOBAL_UNCERTAINTY_ASSIGNED_CONTEXT ( ( #712 ) ) GLOBAL_UNIT_ASSIGNED_CONTEXT ( ( #1160, #495, #1068 ) ) REPRESENTATION_CONTEXT ( 'NONE', 'WORKASPACE' ) );
#1248 = DIRECTION ( 'NONE',  ( 0.000000000000000000, 0.000000000000000000, 1.000000000000000000 ) ) ;
#1249 = VECTOR ( 'NONE', #232, 1000.000000000000000 ) ;
#1250 = ORIENTED_EDGE ( 'NONE', *, *, #937, .F. ) ;
#1251 = AXIS2_PLACEMENT_3D ( 'NONE', #1212, #571, #586 ) ;
#1252 = SURFACE_SIDE_STYLE ('',( #1186 ) ) ;
#1253 = CARTESIAN_POINT ( 'NONE',  ( -0.5999999999998333333, -16.00000000000000000, 5.000000000000000000 ) ) ;
#1254 = VERTEX_POINT ( 'NONE', #694 ) ;
#1255 = DIRECTION ( 'NONE',  ( 1.000000000000000000, 0.000000000000000000, 0.000000000000000000 ) ) ;
#1256 = ADVANCED_FACE ( 'NONE', ( #773 ), #1321, .T. ) ;
#1257 = CARTESIAN_POINT ( 'NONE',  ( -0.3514718625761455439, -0.5999999999999988676, 1.900000000000001243 ) ) ;
#1258 = ORIENTED_EDGE ( 'NONE', *, *, #1074, .F. ) ;
#1259 = CARTESIAN_POINT ( 'NONE',  ( 0.6000000000002646550, -24.00000000000000000, 0.000000000000000000 ) ) ;
#1260 = DIRECTION ( 'NONE',  ( -0.000000000000000000, -1.000000000000000000, -0.000000000000000000 ) ) ;
#1261 = CYLINDRICAL_SURFACE ( 'NONE', #999, 3.500000000000000444 ) ;
#1262 = ORIENTED_EDGE ( 'NONE', *, *, #419, .F. ) ;
#1263 = ITEM_DEFINED_TRANSFORMATION ( 'NONE', 'NONE', #7,  #601 ) ;
#1264 = EDGE_CURVE ( 'NONE', #123, #1322, #798, .T. ) ;
#1265 = FILL_AREA_STYLE ('',( #210 ) ) ;
#1266 = ORIENTED_EDGE ( 'NONE', *, *, #1112, .F. ) ;
#1267 = FILL_AREA_STYLE_COLOUR ( '', #801 ) ;
#1268 = CARTESIAN_POINT ( 'NONE',  ( 0.3514718625761790172, -16.60000000000004761, 3.100000000000049827 ) ) ;
#1269 = ORIENTED_EDGE ( 'NONE', *, *, #552, .T. ) ;
#1270 = DIRECTION ( 'NONE',  ( -0.000000000000000000, -1.000000000000000000, -0.000000000000000000 ) ) ;
#1271 = EDGE_CURVE ( 'NONE', #529, #511, #941, .T. ) ;
#1272 = AXIS2_PLACEMENT_3D ( 'NONE', #1317, #705, #584 ) ;
#1273 = VERTEX_POINT ( 'NONE', #1336 ) ;
#1274 = CARTESIAN_POINT ( 'NONE',  ( 0.6000000000000398348, -8.000000000000000000, 2.500000000000000444 ) ) ;
#1275 = CIRCLE ( 'NONE', #184, 2.200000000000000178 ) ;
#1276 = SHAPE_REPRESENTATION ( '圆按键1.54', ( #601 ), #290 ) ;
#1277 = UNCERTAINTY_MEASURE_WITH_UNIT (LENGTH_MEASURE( 1.000000000000000082E-05 ), #953, 'distance_accuracy_value', 'NONE');
#1278 = ORIENTED_EDGE ( 'NONE', *, *, #128, .T. ) ;
#1279 = LINE ( 'NONE', #520, #646 ) ;
#1280 = EDGE_CURVE ( 'NONE', #139, #1273, #458, .T. ) ;
#1281 = CARTESIAN_POINT ( 'NONE',  ( -0.3514718625761067972, -15.40000000000005009, 1.900000000000050537 ) ) ;
#1282 =( BOUNDED_CURVE ( )  B_SPLINE_CURVE ( 3, ( #949, #717, #301, #740 ),
 .UNSPECIFIED., .F., .T. ) 
 B_SPLINE_CURVE_WITH_KNOTS ( ( 4, 4 ),
 ( -7.194245199571014382E-14, 1.570796326794896558 ),
 .UNSPECIFIED. ) 
 CURVE ( )  GEOMETRIC_REPRESENTATION_ITEM ( )  RATIONAL_B_SPLINE_CURVE ( ( 1.000000000000000000, 0.8047378541243480621, 0.8047378541243480621, 1.000000000000000000 ) ) 
 REPRESENTATION_ITEM ( '' )  );
#1283 = ORIENTED_EDGE ( 'NONE', *, *, #280, .T. ) ;
#1284 = LINE ( 'NONE', #988, #515 ) ;
#1285 = PRODUCT_DEFINITION ( '未知', '', #775, #854 ) ;
#1286 = CYLINDRICAL_SURFACE ( 'NONE', #488, 0.5999999999999998668 ) ;
#1287 = FACE_OUTER_BOUND ( 'NONE', #1024, .T. ) ;
#1288 = APPLICATION_CONTEXT ( 'automotive_design' ) ;
#1289 = DIRECTION ( 'NONE',  ( 0.000000000000000000, 1.000000000000000000, 0.000000000000000000 ) ) ;
#1290 = VECTOR ( 'NONE', #262, 1000.000000000000000 ) ;
#1291 = EDGE_CURVE ( 'NONE', #580, #931, #116, .T. ) ;
#1292 = DIRECTION ( 'NONE',  ( -0.000000000000000000, -0.000000000000000000, -1.000000000000000000 ) ) ;
#1293 =( NAMED_UNIT ( * ) SI_UNIT ( $, .STERADIAN. ) SOLID_ANGLE_UNIT ( ) );
#1294 = PRESENTATION_STYLE_ASSIGNMENT (( #1185 ) ) ;
#1295 = DIRECTION ( 'NONE',  ( -1.000000000000000000, 0.000000000000000000, 0.000000000000000000 ) ) ;
#1296 = FILL_AREA_STYLE_COLOUR ( '', #1021 ) ;
#1297 = CARTESIAN_POINT ( 'NONE',  ( 8.330569341257627256E-14, -8.000000000000000000, 0.000000000000000000 ) ) ;
#1298 = VERTEX_POINT ( 'NONE', #518 ) ;
#1299 = DIRECTION ( 'NONE',  ( -1.380839886877538447E-15, 0.000000000000000000, 1.000000000000000000 ) ) ;
#1300 = DIRECTION ( 'NONE',  ( -0.000000000000000000, -1.000000000000000000, -0.000000000000000000 ) ) ;
#1301 = EDGE_CURVE ( 'NONE', #83, #431, #491, .T. ) ;
#1302 = FACE_OUTER_BOUND ( 'NONE', #887, .T. ) ;
#1303 = DIRECTION ( 'NONE',  ( 0.000000000000000000, 0.000000000000000000, -1.000000000000000000 ) ) ;
#1304 = AXIS2_PLACEMENT_3D ( 'NONE', #469, #1099, #565 ) ;
#1305 = AXIS2_PLACEMENT_3D ( 'NONE', #218, #950, #513 ) ;
#1306 = ORIENTED_EDGE ( 'NONE', *, *, #898, .F. ) ;
#1307 = CARTESIAN_POINT ( 'NONE',  ( 1.021711822685112736, 3.483565102512908851, 23.41923329946227383 ) ) ;
#1308 = CARTESIAN_POINT ( 'NONE',  ( -0.5999999999999183764, -15.64852813742385962, 2.851471862576142602 ) ) ;
#1309 = ADVANCED_FACE ( 'NONE', ( #831 ), #929, .F. ) ;
#1310 = CARTESIAN_POINT ( 'NONE',  ( -0.5999999999999598987, -8.351471862576124394, 2.851471862576123950 ) ) ;
#1311 = CARTESIAN_POINT ( 'NONE',  ( 0.000000000000000000, -4.286263797015736595E-16, 0.000000000000000000 ) ) ;
#1312 = ADVANCED_FACE ( 'NONE', ( #837 ), #196, .T. ) ;
#1313 = ORIENTED_EDGE ( 'NONE', *, *, #917, .T. ) ;
#1314 =( BOUNDED_CURVE ( )  B_SPLINE_CURVE ( 3, ( #3, #1042, #503, #1274 ),
 .UNSPECIFIED., .F., .T. ) 
 B_SPLINE_CURVE_WITH_KNOTS ( ( 4, 4 ),
 ( 3.141592653589721618, 4.712388980384689674 ),
 .UNSPECIFIED. ) 
 CURVE ( )  GEOMETRIC_REPRESENTATION_ITEM ( )  RATIONAL_B_SPLINE_CURVE ( ( 1.000000000000000000, 0.8047378541243480621, 0.8047378541243480621, 1.000000000000000000 ) ) 
 REPRESENTATION_ITEM ( '' )  );
#1315 = DIRECTION ( 'NONE',  ( 1.000000000000000000, 0.000000000000000000, 0.000000000000000000 ) ) ;
#1316 = DIRECTION ( 'NONE',  ( 0.000000000000000000, 0.000000000000000000, -1.000000000000000000 ) ) ;
#1317 = CARTESIAN_POINT ( 'NONE',  ( 0.000000000000000000, 3.799999999999999378, 0.000000000000000000 ) ) ;
#1318 = ORIENTED_EDGE ( 'NONE', *, *, #401, .T. ) ;
#1319 = EDGE_CURVE ( 'NONE', #653, #1322, #1083, .T. ) ;
#1320 = APPLICATION_PROTOCOL_DEFINITION ( 'draft international standard', 'automotive_design', 1998, #1288 ) ;
#1321 = CYLINDRICAL_SURFACE ( 'NONE', #1071, 0.5999999999999999778 ) ;
#1322 = VERTEX_POINT ( 'NONE', #942 ) ;
#1323 = CARTESIAN_POINT ( 'NONE',  ( 0.3514718625761818482, -23.39999999999998792, 3.100000000000011191 ) ) ;
#1324 = CARTESIAN_POINT ( 'NONE',  ( 0.3514718625761789617, -16.60000000000004761, 1.899999999999951061 ) ) ;
#1325 = CARTESIAN_POINT ( 'NONE',  ( -3.469446951953614189E-15, -23.40000000000000213, 3.100000000000000533 ) ) ;
#1326 = EDGE_LOOP ( 'NONE', ( #1152, #285, #392, #544, #179 ) ) ;
#1327 = CLOSED_SHELL ( 'NONE', ( #684, #657, #35, #1225, #564, #861, #981 ) ) ;
#1328 = CARTESIAN_POINT ( 'NONE',  ( -3.469446951953614189E-15, -8.600000000000003197, 3.100000000000000533 ) ) ;
#1329 = VERTEX_POINT ( 'NONE', #1239 ) ;
#1330 = VECTOR ( 'NONE', #995, 1000.000000000000000 ) ;
#1331 = DIRECTION ( 'NONE',  ( 0.000000000000000000, 0.000000000000000000, -1.000000000000000000 ) ) ;
#1332 = DIRECTION ( 'NONE',  ( -1.000000000000000000, 0.000000000000000000, 0.000000000000000000 ) ) ;
#1333 = EDGE_LOOP ( 'NONE', ( #1103, #666, #718, #341, #1240, #522 ) ) ;
#1334 = CARTESIAN_POINT ( 'NONE',  ( -6.938893903907228378E-15, 0.000000000000000000, 5.000000000000000888 ) ) ;
#1335 = CARTESIAN_POINT ( 'NONE',  ( 2.694222958124177006E-16, 2.399999999999999911, 2.200000000000000178 ) ) ;
#1336 = CARTESIAN_POINT ( 'NONE',  ( -3.395968144004770891E-15, -16.60000000000000142, 1.900000000000000577 ) ) ;
#1337 = EDGE_CURVE ( 'NONE', #219, #1041, #384, .T. ) ;
#1338 = ORIENTED_EDGE ( 'NONE', *, *, #1072, .T. ) ;
#1339 = LINE ( 'NONE', #710, #688 ) ;
#1340 = CARTESIAN_POINT ( 'NONE',  ( 0.000000000000000000, 0.3999999999999995781, 0.000000000000000000 ) ) ;
#1341 = ORIENTED_EDGE ( 'NONE', *, *, #100, .T. ) ;
#1342 = CARTESIAN_POINT ( 'NONE',  ( 0.3514718625761827919, -7.400000000000000355, 1.900000000000000355 ) ) ;
#1343 = DIRECTION ( 'NONE',  ( 0.000000000000000000, 0.000000000000000000, 1.000000000000000000 ) ) ;
#1344 = ORIENTED_EDGE ( 'NONE', *, *, #1112, .T. ) ;
#1345 = CYLINDRICAL_SURFACE ( 'NONE', #115, 0.5999999999996736832 ) ;
#1346 = EDGE_CURVE ( 'NONE', #763, #407, #556, .T. ) ;
#1347 =( LENGTH_UNIT ( ) NAMED_UNIT ( * ) SI_UNIT ( .MILLI., .METRE. ) );
#1348 = ORIENTED_EDGE ( 'NONE', *, *, #937, .T. ) ;
#1349 = PRODUCT_DEFINITION_CONTEXT ( 'detailed design', #1034, 'design' ) ;
#1350 = DIRECTION ( 'NONE',  ( -0.000000000000000000, -1.000000000000000000, -0.000000000000000000 ) ) ;
#1351 = CLOSED_SHELL ( 'NONE', ( #766, #963, #61, #604, #1087, #704, #386, #952, #171, #1019, #141, #889, #617, #252, #360, #947, #777, #1064, #320, #1309, #308, #241, #1256, #530, #1191, #742, #876, #1312 ) ) ;
#1352 = AXIS2_PLACEMENT_3D ( 'NONE', #261, #372, #693 ) ;
#1353 = VECTOR ( 'NONE', #1216, 1000.000000000000000 ) ;
#1354 =( GEOMETRIC_REPRESENTATION_CONTEXT ( 3 ) GLOBAL_UNCERTAINTY_ASSIGNED_CONTEXT ( ( #93 ) ) GLOBAL_UNIT_ASSIGNED_CONTEXT ( ( #1176, #1094, #1075 ) ) REPRESENTATION_CONTEXT ( 'NONE', 'WORKASPACE' ) );
#1355 =( BOUNDED_CURVE ( )  B_SPLINE_CURVE ( 3, ( #264, #1323, #357, #802 ),
 .UNSPECIFIED., .F., .F. ) 
 B_SPLINE_CURVE_WITH_KNOTS ( ( 4, 4 ),
 ( -4.956035581926698796E-13, 1.570796326794896558 ),
 .UNSPECIFIED. ) 
 CURVE ( )  GEOMETRIC_REPRESENTATION_ITEM ( )  RATIONAL_B_SPLINE_CURVE ( ( 1.000000000000000000, 0.8047378541242482530, 0.8047378541242482530, 1.000000000000000000 ) ) 
 REPRESENTATION_ITEM ( '' )  );
#1356 = ORIENTED_EDGE ( 'NONE', *, *, #1337, .F. ) ;
#1357 = CYLINDRICAL_SURFACE ( 'NONE', #935, 0.5999999999999999778 ) ;
#1358 =( REPRESENTATION_RELATIONSHIP ('NONE','NONE', #991, #1276 ) REPRESENTATION_RELATIONSHIP_WITH_TRANSFORMATION ( #1263 )SHAPE_REPRESENTATION_RELATIONSHIP( ) );
#1359 = CARTESIAN_POINT ( 'NONE',  ( 0.000000000000000000, 0.000000000000000000, 0.000000000000000000 ) ) ;
#1360 = EDGE_CURVE ( 'NONE', #1122, #1228, #830, .T. ) ;
#1361 = NEXT_ASSEMBLY_USAGE_OCCURRENCE ( 'NAUO1', ' ', ' ', #1285, #500, $ ) ;
#1362 = NEXT_ASSEMBLY_USAGE_OCCURRENCE ( 'NAUO2', ' ', ' ', #1285, #683, $ ) ;
#1363 = NEXT_ASSEMBLY_USAGE_OCCURRENCE ( 'NAUO3', ' ', ' ', #1285, #383, $ ) ;
#1364 = NEXT_ASSEMBLY_USAGE_OCCURRENCE ( 'NAUO4', ' ', ' ', #1285, #683, $ ) ;
#1365 = NEXT_ASSEMBLY_USAGE_OCCURRENCE ( 'NAUO5', ' ', ' ', #1285, #683, $ ) ;
#1366 = NEXT_ASSEMBLY_USAGE_OCCURRENCE ( 'NAUO6', ' ', ' ', #1285, #683, $ ) ;
#1367 = NEXT_ASSEMBLY_USAGE_OCCURRENCE ( 'NAUO7', ' ', ' ', #1285, #500, $ ) ;
#1368 = NEXT_ASSEMBLY_USAGE_OCCURRENCE ( 'NAUO8', ' ', ' ', #1285, #500, $ ) ;
#1369 = NEXT_ASSEMBLY_USAGE_OCCURRENCE ( 'NAUO9', ' ', ' ', #1285, #500, $ ) ;
ENDSEC;
END-ISO-10303-21;
