ISO-10303-21;
HEADER;
FILE_DESCRIPTION (( 'STEP AP214' ),
    '1' );
FILE_NAME ('轮子1.8-2.9.STEP',
    '2023-09-19T11:53:27',
    ( '' ),
    ( '' ),
    'SwSTEP 2.0',
    'SolidWorks 2022',
    '' );
FILE_SCHEMA (( 'AUTOMOTIVE_DESIGN' ));
ENDSEC;

DATA;
#1 = ORIENTED_EDGE ( 'NONE', *, *, #671, .T. ) ;
#2 = ORIENTED_EDGE ( 'NONE', *, *, #1531, .T. ) ;
#3 = CARTESIAN_POINT ( 'NONE',  ( -1.732050807568877637, -2.899999999999999911, 3.303240209392793025E-16 ) ) ;
#4 = CARTESIAN_POINT ( 'NONE',  ( -1.985374379175267823, 0.7999999999999999334, -5.939145044917935046 ) ) ;
#5 = CARTESIAN_POINT ( 'NONE',  ( 0.5196152422706632468, -3.499999999999999556, -0.9000000000000002442 ) ) ;
#6 = CARTESIAN_POINT ( 'NONE',  ( -1.039230484541326716, -3.499999999999999556, 1.134835864421784157E-16 ) ) ;
#7 = ORIENTED_EDGE ( 'NONE', *, *, #377, .T. ) ;
#8 = AXIS2_PLACEMENT_3D ( 'NONE', #957, #1106, #362 ) ;
#9 = VECTOR ( 'NONE', #1100, 999.9999999999998863 ) ;
#10 = ORIENTED_EDGE ( 'NONE', *, *, #324, .T. ) ;
#11 = ORIENTED_EDGE ( 'NONE', *, *, #972, .F. ) ;
#12 = CARTESIAN_POINT ( 'NONE',  ( 0.000000000000000000, 0.7999999999999999334, 0.000000000000000000 ) ) ;
#13 = DIRECTION ( 'NONE',  ( -0.9848077530122070211, 0.000000000000000000, 0.1736481776669362154 ) ) ;
#14 = VECTOR ( 'NONE', #1257, 1000.000000000000227 ) ;
#15 = AXIS2_PLACEMENT_3D ( 'NONE', #873, #112, #568 ) ;
#16 = DIRECTION ( 'NONE',  ( 0.000000000000000000, 1.000000000000000000, 0.000000000000000000 ) ) ;
#17 = FACE_BOUND ( 'NONE', #1098, .T. ) ;
#18 = VECTOR ( 'NONE', #570, 1000.000000000000000 ) ;
#19 = EDGE_CURVE ( 'NONE', #697, #1406, #1850, .T. ) ;
#20 = EDGE_CURVE ( 'NONE', #1844, #1870, #1789, .T. ) ;
#21 = ADVANCED_FACE ( 'NONE', ( #667 ), #60, .F. ) ;
#22 = VERTEX_POINT ( 'NONE', #1553 ) ;
#23 = EDGE_LOOP ( 'NONE', ( #1075, #131, #1365, #1723 ) ) ;
#24 = CARTESIAN_POINT ( 'NONE',  ( 4.351556185020880818, 1.199999999999999956, 4.821773211574059026 ) ) ;
#25 = DIRECTION ( 'NONE',  ( 0.000000000000000000, 0.000000000000000000, -1.000000000000000000 ) ) ;
#26 = CARTESIAN_POINT ( 'NONE',  ( 5.945454896225562775E-16, 0.8000000000000003775, -4.854832348694350763 ) ) ;
#27 = CARTESIAN_POINT ( 'NONE',  ( -4.589068798320347753, 0.7999999999999999334, 7.062055379169541069 ) ) ;
#28 = AXIS2_PLACEMENT_3D ( 'NONE', #1833, #87, #546 ) ;
#29 = ADVANCED_FACE ( 'NONE', ( #212 ), #809, .T. ) ;
#30 = VERTEX_POINT ( 'NONE', #1540 ) ;
#31 = VECTOR ( 'NONE', #237, 1000.000000000000000 ) ;
#32 = ORIENTED_EDGE ( 'NONE', *, *, #693, .F. ) ;
#33 = CARTESIAN_POINT ( 'NONE',  ( 0.000000000000000000, -2.899999999999999911, 1.500000000000000444 ) ) ;
#34 = DIRECTION ( 'NONE',  ( -0.000000000000000000, 1.000000000000000000, -0.000000000000000000 ) ) ;
#35 = PLANE ( 'NONE',  #1137 ) ;
#36 = CARTESIAN_POINT ( 'NONE',  ( 2.143131898507868297E-16, 0.000000000000000000, -1.750000000000000000 ) ) ;
#37 = EDGE_CURVE ( 'NONE', #576, #758, #196, .T. ) ;
#38 = LINE ( 'NONE', #1119, #1302 ) ;
#39 = ORIENTED_EDGE ( 'NONE', *, *, #1461, .F. ) ;
#40 = AXIS2_PLACEMENT_3D ( 'NONE', #1099, #343, #491 ) ;
#41 = EDGE_CURVE ( 'NONE', #1453, #565, #505, .T. ) ;
#42 = VECTOR ( 'NONE', #303, 1000.000000000000114 ) ;
#43 = EDGE_LOOP ( 'NONE', ( #1296, #782, #1577, #925 ) ) ;
#44 = UNCERTAINTY_MEASURE_WITH_UNIT (LENGTH_MEASURE( 1.000000000000000082E-05 ), #853, 'distance_accuracy_value', 'NONE');
#45 = VERTEX_POINT ( 'NONE', #952 ) ;
#46 = CARTESIAN_POINT ( 'NONE',  ( 1.039230484541326271, -7.900000000000000355, 3.313793313479244545E-16 ) ) ;
#47 = DIRECTION ( 'NONE',  ( -0.3420201433256630508, 0.000000000000000000, 0.9396926207859104263 ) ) ;
#48 = ORIENTED_EDGE ( 'NONE', *, *, #1309, .T. ) ;
#49 = FACE_OUTER_BOUND ( 'NONE', #1801, .T. ) ;
#50 = DIRECTION ( 'NONE',  ( 0.000000000000000000, 1.000000000000000000, 0.000000000000000000 ) ) ;
#51 = CARTESIAN_POINT ( 'NONE',  ( 6.487693860267890855, 0.7999999999999999334, 1.047216816013384788 ) ) ;
#52 = ORIENTED_EDGE ( 'NONE', *, *, #692, .F. ) ;
#53 = ORIENTED_EDGE ( 'NONE', *, *, #497, .T. ) ;
#54 = ORIENTED_EDGE ( 'NONE', *, *, #184, .T. ) ;
#55 = PLANE ( 'NONE',  #484 ) ;
#56 = DIRECTION ( 'NONE',  ( 0.000000000000000000, 0.000000000000000000, 1.000000000000000000 ) ) ;
#57 = ORIENTED_EDGE ( 'NONE', *, *, #436, .T. ) ;
#58 = CARTESIAN_POINT ( 'NONE',  ( 1.732050807568876971, -2.899999999999999911, 6.900984621364784910E-16 ) ) ;
#59 = CARTESIAN_POINT ( 'NONE',  ( -4.440676641944986791, 0.7999999999999999334, 6.654351280304055649 ) ) ;
#60 = PLANE ( 'NONE',  #604 ) ;
#61 = VERTEX_POINT ( 'NONE', #1571 ) ;
#62 = DIRECTION ( 'NONE',  ( -0.6427876096865404731, 0.000000000000000000, -0.7660444431189771253 ) ) ;
#63 = CARTESIAN_POINT ( 'NONE',  ( 7.961155196513414189, 1.199999999999999956, 0.7874058274025435011 ) ) ;
#64 = VERTEX_POINT ( 'NONE', #816 ) ;
#65 = DIRECTION ( 'NONE',  ( -0.000000000000000000, -1.000000000000000000, -0.000000000000000000 ) ) ;
#66 =( BOUNDED_CURVE ( )  B_SPLINE_CURVE ( 3, ( #1638, #480, #327, #1793 ),
 .UNSPECIFIED., .F., .T. ) 
 B_SPLINE_CURVE_WITH_KNOTS ( ( 4, 4 ),
 ( 0.000000000000000000, 1.570796326794897002 ),
 .UNSPECIFIED. ) 
 CURVE ( )  GEOMETRIC_REPRESENTATION_ITEM ( )  RATIONAL_B_SPLINE_CURVE ( ( 1.000000000000000000, 0.8047378541243649375, 0.8047378541243649375, 1.000000000000000000 ) ) 
 REPRESENTATION_ITEM ( '' )  );
#67 = CARTESIAN_POINT ( 'NONE',  ( 0.000000000000000000, -12.93153950114235506, 0.000000000000000000 ) ) ;
#68 = ORIENTED_EDGE ( 'NONE', *, *, #1899, .F. ) ;
#69 = CARTESIAN_POINT ( 'NONE',  ( 2.351556185020803103, 0.7999999999999999334, -5.976473749953345127 ) ) ;
#70 = CARTESIAN_POINT ( 'NONE',  ( 7.182286570935568548, 0.7999999999999999334, -4.986447828062300580 ) ) ;
#71 = VERTEX_POINT ( 'NONE', #59 ) ;
#72 = EDGE_CURVE ( 'NONE', #1587, #1201, #1102, .T. ) ;
#73 = DIRECTION ( 'NONE',  ( -0.8660254037844388186, 0.000000000000000000, 0.4999999999999996669 ) ) ;
#74 = EDGE_CURVE ( 'NONE', #1851, #305, #1265, .T. ) ;
#75 = DIRECTION ( 'NONE',  ( 0.000000000000000000, -1.000000000000000000, 0.000000000000000000 ) ) ;
#76 = PRESENTATION_LAYER_ASSIGNMENT (  '', '', ( #679 ) ) ;
#77 = AXIS2_PLACEMENT_3D ( 'NONE', #582, #1764, #1351 ) ;
#78 = ORIENTED_EDGE ( 'NONE', *, *, #1035, .T. ) ;
#79 = CARTESIAN_POINT ( 'NONE',  ( 0.000000000000000000, -7.900000000000000355, 0.000000000000000000 ) ) ;
#80 = PLANE ( 'NONE',  #1373 ) ;
#81 =( GEOMETRIC_REPRESENTATION_CONTEXT ( 3 ) GLOBAL_UNCERTAINTY_ASSIGNED_CONTEXT ( ( #44 ) ) GLOBAL_UNIT_ASSIGNED_CONTEXT ( ( #853, #1786, #1450 ) ) REPRESENTATION_CONTEXT ( 'NONE', 'WORKASPACE' ) );
#82 = EDGE_CURVE ( 'NONE', #1384, #1048, #1696, .T. ) ;
#83 = EDGE_LOOP ( 'NONE', ( #354, #1036, #934, #819 ) ) ;
#84 = ORIENTED_EDGE ( 'NONE', *, *, #735, .T. ) ;
#85 = PLANE ( 'NONE',  #1572 ) ;
#86 = CARTESIAN_POINT ( 'NONE',  ( 1.039230484541326271, -7.900000000000000355, 3.313793313479244545E-16 ) ) ;
#87 = DIRECTION ( 'NONE',  ( 0.000000000000000000, -1.000000000000000000, 0.000000000000000000 ) ) ;
#88 = AXIS2_PLACEMENT_3D ( 'NONE', #700, #65, #1118 ) ;
#89 = VERTEX_POINT ( 'NONE', #1110 ) ;
#90 = ORIENTED_EDGE ( 'NONE', *, *, #269, .T. ) ;
#91 = CYLINDRICAL_SURFACE ( 'NONE', #88, 8.000000000000000000 ) ;
#92 = CARTESIAN_POINT ( 'NONE',  ( -1.039230484541326716, -3.499999999999999556, 1.134835864421784157E-16 ) ) ;
#93 = DIRECTION ( 'NONE',  ( -0.000000000000000000, 1.000000000000000000, -0.000000000000000000 ) ) ;
#94 = VECTOR ( 'NONE', #795, 1000.000000000000114 ) ;
#95 = ADVANCED_FACE ( 'NONE', ( #1394 ), #227, .F. ) ;
#96 = LINE ( 'NONE', #1566, #740 ) ;
#97 = LINE ( 'NONE', #1593, #535 ) ;
#98 = ORIENTED_EDGE ( 'NONE', *, *, #824, .F. ) ;
#99 = VERTEX_POINT ( 'NONE', #357 ) ;
#100 = CARTESIAN_POINT ( 'NONE',  ( 0.000000000000000000, 0.000000000000000000, 0.000000000000000000 ) ) ;
#101 = DIRECTION ( 'NONE',  ( 0.8660254037844432595, 0.000000000000000000, 0.4999999999999919509 ) ) ;
#102 = VECTOR ( 'NONE', #1034, 1000.000000000000000 ) ;
#103 = CARTESIAN_POINT ( 'NONE',  ( 0.000000000000000000, 1.199999999999999956, 0.000000000000000000 ) ) ;
#104 = DIRECTION ( 'NONE',  ( 0.6427876096865441369, 0.000000000000000000, 0.7660444431189741277 ) ) ;
#105 = AXIS2_PLACEMENT_3D ( 'NONE', #1919, #876, #287 ) ;
#106 = EDGE_CURVE ( 'NONE', #822, #1013, #1405, .T. ) ;
#107 = VECTOR ( 'NONE', #731, 1000.000000000000000 ) ;
#108 = PLANE ( 'NONE',  #1200 ) ;
#109 = ORIENTED_EDGE ( 'NONE', *, *, #41, .T. ) ;
#110 = VERTEX_POINT ( 'NONE', #1863 ) ;
#111 = CARTESIAN_POINT ( 'NONE',  ( 2.351556185020803103, 1.199999999999999956, -5.976473749953345127 ) ) ;
#112 = DIRECTION ( 'NONE',  ( 0.5000000000000001110, 0.000000000000000000, -0.8660254037844387076 ) ) ;
#113 = EDGE_CURVE ( 'NONE', #1406, #960, #1207, .T. ) ;
#114 = VECTOR ( 'NONE', #825, 1000.000000000000114 ) ;
#115 = LINE ( 'NONE', #1308, #971 ) ;
#116 = CARTESIAN_POINT ( 'NONE',  ( 3.251231938101386262E-16, -12.93153950114235506, -2.654832348694351030 ) ) ;
#117 = CARTESIAN_POINT ( 'NONE',  ( 1.039230484541326271, -3.148528137423856954, 1.172135282106909933E-16 ) ) ;
#118 = EDGE_CURVE ( 'NONE', #509, #1241, #1857, .T. ) ;
#119 = CIRCLE ( 'NONE', #28, 1.750000000000000000 ) ;
#120 = ORIENTED_EDGE ( 'NONE', *, *, #680, .F. ) ;
#121 = VERTEX_POINT ( 'NONE', #806 ) ;
#122 = DIRECTION ( 'NONE',  ( 0.000000000000000000, 0.000000000000000000, 1.000000000000000000 ) ) ;
#123 = FACE_OUTER_BOUND ( 'NONE', #450, .T. ) ;
#124 = DIRECTION ( 'NONE',  ( -0.6427876096865337008, 0.000000000000000000, 0.7660444431189827874 ) ) ;
#125 = ADVANCED_FACE ( 'NONE', ( #1706 ), #962, .F. ) ;
#126 = FACE_OUTER_BOUND ( 'NONE', #129, .T. ) ;
#127 = VECTOR ( 'NONE', #1007, 1000.000000000000000 ) ;
#128 = SURFACE_STYLE_USAGE ( .BOTH. , #415 ) ;
#129 = EDGE_LOOP ( 'NONE', ( #394, #1625, #11, #1210 ) ) ;
#130 = CARTESIAN_POINT ( 'NONE',  ( 0.000000000000000000, 0.000000000000000000, 1.750000000000000000 ) ) ;
#131 = ORIENTED_EDGE ( 'NONE', *, *, #143, .F. ) ;
#132 = EDGE_LOOP ( 'NONE', ( #626, #1579 ) ) ;
#133 = DIRECTION ( 'NONE',  ( -0.3420201433256803147, 0.000000000000000000, -0.9396926207859042091 ) ) ;
#134 = CARTESIAN_POINT ( 'NONE',  ( 1.039230484541326271, -3.499999999999999556, 3.313793313479244545E-16 ) ) ;
#135 = VECTOR ( 'NONE', #286, 1000.000000000000000 ) ;
#136 = LINE ( 'NONE', #753, #1482 ) ;
#137 = ADVANCED_FACE ( 'NONE', ( #788 ), #941, .F. ) ;
#138 = CARTESIAN_POINT ( 'NONE',  ( 3.251231938101386262E-16, 1.199999999999999956, -2.654832348694351030 ) ) ;
#139 = CIRCLE ( 'NONE', #953, 8.000000000000000000 ) ;
#140 = APPLICATION_PROTOCOL_DEFINITION ( 'draft international standard', 'automotive_design', 1998, #1538 ) ;
#141 = ORIENTED_EDGE ( 'NONE', *, *, #219, .F. ) ;
#142 = LINE ( 'NONE', #855, #545 ) ;
#143 = EDGE_CURVE ( 'NONE', #948, #933, #38, .T. ) ;
#144 = ORIENTED_EDGE ( 'NONE', *, *, #1619, .T. ) ;
#145 = EDGE_LOOP ( 'NONE', ( #1943, #1935, #1065, #173 ) ) ;
#146 = CARTESIAN_POINT ( 'NONE',  ( -7.708203932499368527, 0.7999999999999999334, -2.140932538638539828 ) ) ;
#147 = CARTESIAN_POINT ( 'NONE',  ( -0.5196152422706634688, -7.900000000000000355, -0.9000000000000001332 ) ) ;
#148 = EDGE_CURVE ( 'NONE', #467, #1851, #376, .T. ) ;
#149 = DIRECTION ( 'NONE',  ( 0.000000000000000000, 0.000000000000000000, 1.000000000000000000 ) ) ;
#150 = FACE_OUTER_BOUND ( 'NONE', #803, .T. ) ;
#151 = DIRECTION ( 'NONE',  ( 0.3420201433256757073, 0.000000000000000000, 0.9396926207859057634 ) ) ;
#152 = VERTEX_POINT ( 'NONE', #1424 ) ;
#153 = LINE ( 'NONE', #1010, #496 ) ;
#154 = EDGE_LOOP ( 'NONE', ( #1168, #774, #1925, #597 ) ) ;
#155 = ORIENTED_EDGE ( 'NONE', *, *, #1415, .T. ) ;
#156 = CARTESIAN_POINT ( 'NONE',  ( -7.999999999999998224, 0.7999999999999999334, 2.309401076758502036 ) ) ;
#157 = DIRECTION ( 'NONE',  ( 0.3420201433256588874, 0.000000000000000000, -0.9396926207859118696 ) ) ;
#158 = LINE ( 'NONE', #592, #1380 ) ;
#159 = DIRECTION ( 'NONE',  ( 0.1736481776669273613, 0.000000000000000000, -0.9848077530122086864 ) ) ;
#160 = AXIS2_PLACEMENT_3D ( 'NONE', #1742, #403, #995 ) ;
#161 = ORIENTED_EDGE ( 'NONE', *, *, #1008, .F. ) ;
#162 = EDGE_CURVE ( 'NONE', #509, #1800, #310, .T. ) ;
#163 = ORIENTED_EDGE ( 'NONE', *, *, #1071, .F. ) ;
#164 = ORIENTED_EDGE ( 'NONE', *, *, #1854, .F. ) ;
#165 = PLANE ( 'NONE',  #1449 ) ;
#166 = CARTESIAN_POINT ( 'NONE',  ( -3.799207111051019492, 1.199999999999999956, -4.891928228904490084 ) ) ;
#167 = DIRECTION ( 'NONE',  ( 0.000000000000000000, 1.000000000000000000, 0.000000000000000000 ) ) ;
#168 = DIRECTION ( 'NONE',  ( -0.9848077530122076872, 0.000000000000000000, 0.1736481776669319410 ) ) ;
#169 = ORIENTED_EDGE ( 'NONE', *, *, #207, .T. ) ;
#170 = EDGE_CURVE ( 'NONE', #1437, #477, #533, .T. ) ;
#171 = ADVANCED_FACE ( 'NONE', ( #1607, #406 ), #1173, .F. ) ;
#172 = VECTOR ( 'NONE', #50, 1000.000000000000000 ) ;
#173 = ORIENTED_EDGE ( 'NONE', *, *, #1063, .F. ) ;
#174 = ORIENTED_EDGE ( 'NONE', *, *, #693, .T. ) ;
#175 = LINE ( 'NONE', #202, #1323 ) ;
#176 = DIRECTION ( 'NONE',  ( 0.6427876096865471345, 0.000000000000000000, 0.7660444431189714631 ) ) ;
#177 = AXIS2_PLACEMENT_3D ( 'NONE', #1907, #1784, #1940 ) ;
#178 = AXIS2_PLACEMENT_3D ( 'NONE', #851, #1438, #1300 ) ;
#179 = DIRECTION ( 'NONE',  ( -0.7660444431189741277, 0.000000000000000000, 0.6427876096865441369 ) ) ;
#180 = DIRECTION ( 'NONE',  ( 9.159339953157543036E-15, 0.000000000000000000, 1.000000000000000000 ) ) ;
#181 = EDGE_CURVE ( 'NONE', #260, #1013, #1459, .T. ) ;
#182 = ORIENTED_EDGE ( 'NONE', *, *, #874, .T. ) ;
#183 = ORIENTED_EDGE ( 'NONE', *, *, #1293, .T. ) ;
#184 = EDGE_CURVE ( 'NONE', #1565, #1756, #1448, .T. ) ;
#185 = CARTESIAN_POINT ( 'NONE',  ( 0.000000000000000000, -2.899999999999999911, 0.000000000000000000 ) ) ;
#186 = DIRECTION ( 'NONE',  ( -0.4999999999999999445, 0.000000000000000000, -0.8660254037844387076 ) ) ;
#187 = FACE_OUTER_BOUND ( 'NONE', #487, .T. ) ;
#188 = CARTESIAN_POINT ( 'NONE',  ( -6.000000000000000000, 1.199999999999999956, 1.154700538379251684 ) ) ;
#189 = CIRCLE ( 'NONE', #1032, 8.000000000000000000 ) ;
#190 = EDGE_LOOP ( 'NONE', ( #1740, #881, #574, #1220 ) ) ;
#191 = ORIENTED_EDGE ( 'NONE', *, *, #634, .F. ) ;
#192 = DIRECTION ( 'NONE',  ( -0.1736481776669361599, 0.000000000000000000, -0.9848077530122071321 ) ) ;
#193 = LINE ( 'NONE', #223, #1718 ) ;
#194 = PLANE ( 'NONE',  #40 ) ;
#195 = DIRECTION ( 'NONE',  ( 0.000000000000000000, 1.000000000000000000, 0.000000000000000000 ) ) ;
#196 = LINE ( 'NONE', #515, #540 ) ;
#197 = ORIENTED_EDGE ( 'NONE', *, *, #1076, .T. ) ;
#198 = VECTOR ( 'NONE', #1233, 999.9999999999998863 ) ;
#199 = DIRECTION ( 'NONE',  ( 0.4999999999999961142, 0.000000000000000000, -0.8660254037844409281 ) ) ;
#200 = EDGE_CURVE ( 'NONE', #1158, #121, #702, .T. ) ;
#201 = EDGE_LOOP ( 'NONE', ( #243, #48, #1180, #1037 ) ) ;
#202 = CARTESIAN_POINT ( 'NONE',  ( 1.299038105676658006, -2.899999999999999911, 0.7500000000000003331 ) ) ;
#203 = CARTESIAN_POINT ( 'NONE',  ( 9.797174393178825657E-16, 0.000000000000000000, 8.000000000000000000 ) ) ;
#204 = ORIENTED_EDGE ( 'NONE', *, *, #148, .F. ) ;
#205 = DIRECTION ( 'NONE',  ( 0.3420201433256675472, 0.000000000000000000, -0.9396926207859088720 ) ) ;
#206 =( BOUNDED_CURVE ( )  B_SPLINE_CURVE ( 3, ( #1517, #1500, #1928, #613 ),
 .UNSPECIFIED., .F., .F. ) 
 B_SPLINE_CURVE_WITH_KNOTS ( ( 4, 4 ),
 ( 3.141592653589793116, 4.712388980384689674 ),
 .UNSPECIFIED. ) 
 CURVE ( )  GEOMETRIC_REPRESENTATION_ITEM ( )  RATIONAL_B_SPLINE_CURVE ( ( 1.000000000000000000, 0.8047378541243649375, 0.8047378541243649375, 1.000000000000000000 ) ) 
 REPRESENTATION_ITEM ( '' )  );
#207 = EDGE_CURVE ( 'NONE', #1336, #1511, #1059, .T. ) ;
#208 = VECTOR ( 'NONE', #1882, 1000.000000000000227 ) ;
#209 = DIRECTION ( 'NONE',  ( -0.000000000000000000, -1.000000000000000000, -0.000000000000000000 ) ) ;
#210 = VECTOR ( 'NONE', #494, 1000.000000000000000 ) ;
#211 = VECTOR ( 'NONE', #1045, 1000.000000000000000 ) ;
#212 = FACE_OUTER_BOUND ( 'NONE', #871, .T. ) ;
#213 = EDGE_LOOP ( 'NONE', ( #54, #182, #291, #894 ) ) ;
#214 = FACE_OUTER_BOUND ( 'NONE', #840, .T. ) ;
#215 = PLANE ( 'NONE',  #629 ) ;
#216 = ORIENTED_EDGE ( 'NONE', *, *, #865, .F. ) ;
#217 = DIRECTION ( 'NONE',  ( 0.000000000000000000, 1.000000000000000000, 0.000000000000000000 ) ) ;
#218 = CARTESIAN_POINT ( 'NONE',  ( -7.708203932499369415, 1.199999999999999956, -2.140932538638539828 ) ) ;
#219 = EDGE_CURVE ( 'NONE', #1158, #64, #1559, .T. ) ;
#220 = PRODUCT_DEFINITION_CONTEXT ( 'detailed design', #906, 'design' ) ;
#221 = ORIENTED_EDGE ( 'NONE', *, *, #1425, .F. ) ;
#222 = CARTESIAN_POINT ( 'NONE',  ( -7.557977594194635884, 0.7999999999999999334, -3.523847655601768825 ) ) ;
#223 = CARTESIAN_POINT ( 'NONE',  ( 5.697832172998507083, 0.7999999999999999334, 3.217343966278387146 ) ) ;
#224 = AXIS2_PLACEMENT_3D ( 'NONE', #317, #328, #632 ) ;
#225 = EDGE_LOOP ( 'NONE', ( #1463, #313, #1861, #1093 ) ) ;
#226 =( NAMED_UNIT ( * ) PLANE_ANGLE_UNIT ( ) SI_UNIT ( $, .RADIAN. ) );
#227 = PLANE ( 'NONE',  #556 ) ;
#228 = ADVANCED_FACE ( 'NONE', ( #264, #1599 ), #1439, .T. ) ;
#229 = EDGE_CURVE ( 'NONE', #1720, #71, #1752, .T. ) ;
#230 = AXIS2_PLACEMENT_3D ( 'NONE', #443, #471, #1039 ) ;
#231 = EDGE_LOOP ( 'NONE', ( #832, #636, #1400, #1653 ) ) ;
#232 = CARTESIAN_POINT ( 'NONE',  ( -1.985374379175267823, 0.7999999999999999334, -5.939145044917935046 ) ) ;
#233 = DIRECTION ( 'NONE',  ( -0.000000000000000000, 1.000000000000000000, -0.000000000000000000 ) ) ;
#234 = ORIENTED_EDGE ( 'NONE', *, *, #951, .T. ) ;
#235 = ORIENTED_EDGE ( 'NONE', *, *, #834, .T. ) ;
#236 = DIRECTION ( 'NONE',  ( -0.000000000000000000, 1.000000000000000000, -0.000000000000000000 ) ) ;
#237 = DIRECTION ( 'NONE',  ( 0.000000000000000000, 1.000000000000000000, 0.000000000000000000 ) ) ;
#238 = UNCERTAINTY_MEASURE_WITH_UNIT (LENGTH_MEASURE( 1.000000000000000082E-05 ), #563, 'distance_accuracy_value', 'NONE');
#239 = CARTESIAN_POINT ( 'NONE',  ( 4.351556185020815093, 0.7999999999999999334, -4.821773211574112317 ) ) ;
#240 = FACE_OUTER_BOUND ( 'NONE', #1250, .T. ) ;
#241 = VECTOR ( 'NONE', #408, 1000.000000000000000 ) ;
#242 = ORIENTED_EDGE ( 'NONE', *, *, #1737, .T. ) ;
#243 = ORIENTED_EDGE ( 'NONE', *, *, #724, .F. ) ;
#244 = FACE_OUTER_BOUND ( 'NONE', #231, .T. ) ;
#245 = CARTESIAN_POINT ( 'NONE',  ( -1.039230484541326716, -7.900000000000000355, 1.134835864421784157E-16 ) ) ;
#246 = DIRECTION ( 'NONE',  ( 0.000000000000000000, 1.000000000000000000, 0.000000000000000000 ) ) ;
#247 = ADVANCED_FACE ( 'NONE', ( #1888 ), #1879, .F. ) ;
#248 = PRODUCT_DEFINITION ( '未知', '', #657, #220 ) ;
#249 = DIRECTION ( 'NONE',  ( 0.9848077530122101297, 0.000000000000000000, 0.1736481776669185628 ) ) ;
#250 = CARTESIAN_POINT ( 'NONE',  ( 0.000000000000000000, 0.8000000000000003775, 0.000000000000000000 ) ) ;
#251 = CIRCLE ( 'NONE', #1189, 1.750000000000000000 ) ;
#252 = EDGE_LOOP ( 'NONE', ( #1496, #1612, #506, #559 ) ) ;
#253 = ORIENTED_EDGE ( 'NONE', *, *, #1429, .T. ) ;
#254 = DIRECTION ( 'NONE',  ( 0.000000000000000000, 1.000000000000000000, 0.000000000000000000 ) ) ;
#255 = CARTESIAN_POINT ( 'NONE',  ( 9.797174393178825657E-16, 1.199999999999999956, 8.000000000000000000 ) ) ;
#256 = DIRECTION ( 'NONE',  ( 0.8660254037844363761, 0.000000000000000000, -0.5000000000000039968 ) ) ;
#257 = ADVANCED_FACE ( 'NONE', ( #997 ), #414, .T. ) ;
#258 = CARTESIAN_POINT ( 'NONE',  ( 0.3515561850208568373, 0.7999999999999999334, -0.2029710580570696643 ) ) ;
#259 = ORIENTED_EDGE ( 'NONE', *, *, #1345, .F. ) ;
#260 = VERTEX_POINT ( 'NONE', #1458 ) ;
#261 = FACE_OUTER_BOUND ( 'NONE', #43, .T. ) ;
#262 = DIRECTION ( 'NONE',  ( 0.8660254037844384856, 0.000000000000000000, 0.5000000000000001110 ) ) ;
#263 = VECTOR ( 'NONE', #1408, 1000.000000000000000 ) ;
#264 = FACE_OUTER_BOUND ( 'NONE', #1586, .T. ) ;
#265 = VECTOR ( 'NONE', #1228, 1000.000000000000000 ) ;
#266 = LINE ( 'NONE', #1009, #1494 ) ;
#267 = CIRCLE ( 'NONE', #1364, 4.854832348694350763 ) ;
#268 = CARTESIAN_POINT ( 'NONE',  ( 2.351556185020788448, 0.7999999999999999334, -7.646579856948495291 ) ) ;
#269 = EDGE_CURVE ( 'NONE', #99, #1095, #852, .T. ) ;
#270 = EDGE_LOOP ( 'NONE', ( #1253, #468, #1214, #1347, #717, #395, #1108, #1242, #1104, #1636, #1033, #1543, #814, #910, #1346, #84, #302, #1105, #1268, #234, #216, #459, #440, #278 ) ) ;
#271 = ORIENTED_EDGE ( 'NONE', *, *, #162, .F. ) ;
#272 = DIRECTION ( 'NONE',  ( -0.000000000000000000, -1.000000000000000000, -0.000000000000000000 ) ) ;
#273 = LINE ( 'NONE', #134, #1454 ) ;
#274 = VECTOR ( 'NONE', #1561, 1000.000000000000000 ) ;
#275 = PLANE ( 'NONE',  #1129 ) ;
#276 = CARTESIAN_POINT ( 'NONE',  ( -0.5196152422706634688, -7.900000000000000355, -0.9000000000000001332 ) ) ;
#277 = LINE ( 'NONE', #1745, #591 ) ;
#278 = ORIENTED_EDGE ( 'NONE', *, *, #634, .T. ) ;
#279 = LINE ( 'NONE', #554, #1390 ) ;
#280 = VECTOR ( 'NONE', #1853, 1000.000000000000114 ) ;
#281 = EDGE_CURVE ( 'NONE', #1386, #620, #115, .T. ) ;
#282 = ORIENTED_EDGE ( 'NONE', *, *, #1120, .F. ) ;
#283 = EDGE_LOOP ( 'NONE', ( #57, #350, #1375, #304 ) ) ;
#284 = CARTESIAN_POINT ( 'NONE',  ( 6.685220383092298491, 1.199999999999999956, -4.394067412942966655 ) ) ;
#285 = LINE ( 'NONE', #1447, #1209 ) ;
#286 = DIRECTION ( 'NONE',  ( 4.773959005888172335E-15, 0.000000000000000000, 1.000000000000000000 ) ) ;
#287 = DIRECTION ( 'NONE',  ( 0.000000000000000000, 0.000000000000000000, 1.000000000000000000 ) ) ;
#288 = EDGE_CURVE ( 'NONE', #909, #1891, #1763, .T. ) ;
#289 = AXIS2_PLACEMENT_3D ( 'NONE', #299, #179, #1657 ) ;
#290 = AXIS2_PLACEMENT_3D ( 'NONE', #1847, #209, #1836 ) ;
#291 = ORIENTED_EDGE ( 'NONE', *, *, #1629, .F. ) ;
#292 = ADVANCED_FACE ( 'NONE', ( #1617 ), #275, .F. ) ;
#293 = CARTESIAN_POINT ( 'NONE',  ( 0.000000000000000000, 1.199999999999999956, 0.000000000000000000 ) ) ;
#294 = ORIENTED_EDGE ( 'NONE', *, *, #1462, .T. ) ;
#295 = ORIENTED_EDGE ( 'NONE', *, *, #1162, .T. ) ;
#296 = CARTESIAN_POINT ( 'NONE',  ( 4.351556185020880818, 0.7999999999999999334, 4.821773211574059026 ) ) ;
#297 = DIRECTION ( 'NONE',  ( -0.000000000000000000, -1.000000000000000000, -0.000000000000000000 ) ) ;
#298 = VECTOR ( 'NONE', #452, 1000.000000000000000 ) ;
#299 = CARTESIAN_POINT ( 'NONE',  ( 5.697832172998507083, 0.7999999999999999334, 3.217343966278387146 ) ) ;
#300 = DIRECTION ( 'NONE',  ( -0.8660254037844387076, 0.000000000000000000, -0.4999999999999998890 ) ) ;
#301 = AXIS2_PLACEMENT_3D ( 'NONE', #1868, #1859, #62 ) ;
#302 = ORIENTED_EDGE ( 'NONE', *, *, #1368, .F. ) ;
#303 = DIRECTION ( 'NONE',  ( 0.6427876096865471345, -0.000000000000000000, 0.7660444431189714631 ) ) ;
#304 = ORIENTED_EDGE ( 'NONE', *, *, #1719, .T. ) ;
#305 = VERTEX_POINT ( 'NONE', #733 ) ;
#306 = DIRECTION ( 'NONE',  ( 0.1736481776669404620, 0.000000000000000000, 0.9848077530122062440 ) ) ;
#307 = DIRECTION ( 'NONE',  ( 0.3420201433256587764, 0.000000000000000000, -0.9396926207859119806 ) ) ;
#308 = CARTESIAN_POINT ( 'NONE',  ( 0.000000000000000000, 1.199999999999999956, 2.654832348694351030 ) ) ;
#309 = CARTESIAN_POINT ( 'NONE',  ( -0.5196152422706634688, -3.499999999999999556, 0.9000000000000004663 ) ) ;
#310 = CIRCLE ( 'NONE', #466, 1.750000000000000000 ) ;
#311 = EDGE_CURVE ( 'NONE', #1791, #541, #1319, .T. ) ;
#312 = ORIENTED_EDGE ( 'NONE', *, *, #41, .F. ) ;
#313 = ORIENTED_EDGE ( 'NONE', *, *, #1705, .T. ) ;
#314 = ORIENTED_EDGE ( 'NONE', *, *, #596, .T. ) ;
#315 = DIRECTION ( 'NONE',  ( -0.000000000000000000, 1.000000000000000000, -0.000000000000000000 ) ) ;
#316 = CARTESIAN_POINT ( 'NONE',  ( 6.487693860267877533, 0.7999999999999999334, -1.047216816013464280 ) ) ;
#317 = CARTESIAN_POINT ( 'NONE',  ( 0.000000000000000000, 1.199999999999999956, 0.000000000000000000 ) ) ;
#318 = CARTESIAN_POINT ( 'NONE',  ( -4.440676641945078273, 1.199999999999999956, -6.654351280303994365 ) ) ;
#319 = ADVANCED_FACE ( 'NONE', ( #1433 ), #85, .F. ) ;
#320 = EDGE_CURVE ( 'NONE', #968, #477, #1074, .T. ) ;
#321 = ADVANCED_FACE ( 'NONE', ( #1350 ), #1195, .F. ) ;
#322 = AXIS2_PLACEMENT_3D ( 'NONE', #1040, #16, #149 ) ;
#323 = VERTEX_POINT ( 'NONE', #26 ) ;
#324 = EDGE_CURVE ( 'NONE', #1932, #1891, #732, .T. ) ;
#325 = ORIENTED_EDGE ( 'NONE', *, *, #579, .F. ) ;
#326 = DIRECTION ( 'NONE',  ( 0.000000000000000000, 0.000000000000000000, 1.000000000000000000 ) ) ;
#327 = CARTESIAN_POINT ( 'NONE',  ( -0.6631030293135231624, -2.899999999999999467, -1.148528137423857620 ) ) ;
#328 = DIRECTION ( 'NONE',  ( 0.000000000000000000, 1.000000000000000000, 0.000000000000000000 ) ) ;
#329 = PLANE ( 'NONE',  #1361 ) ;
#330 = VECTOR ( 'NONE', #718, 1000.000000000000000 ) ;
#331 = EDGE_CURVE ( 'NONE', #152, #499, #1509, .T. ) ;
#332 = MECHANICAL_DESIGN_GEOMETRIC_PRESENTATION_REPRESENTATION (  '', ( #679 ), #1600 ) ;
#333 = ORIENTED_EDGE ( 'NONE', *, *, #1552, .T. ) ;
#334 = EDGE_LOOP ( 'NONE', ( #799, #1821 ) ) ;
#335 = PLANE ( 'NONE',  #1423 ) ;
#336 = CARTESIAN_POINT ( 'NONE',  ( 0.000000000000000000, 0.8000000000000003775, 4.854832348694350763 ) ) ;
#337 = CARTESIAN_POINT ( 'NONE',  ( 6.685220383092297602, 0.7999999999999999334, -4.394067412942964879 ) ) ;
#338 = DIRECTION ( 'NONE',  ( 0.000000000000000000, 1.000000000000000000, 0.000000000000000000 ) ) ;
#339 = ORIENTED_EDGE ( 'NONE', *, *, #1248, .T. ) ;
#340 = ORIENTED_EDGE ( 'NONE', *, *, #579, .T. ) ;
#341 = DIRECTION ( 'NONE',  ( 0.000000000000000000, 0.000000000000000000, 1.000000000000000000 ) ) ;
#342 = CARTESIAN_POINT ( 'NONE',  ( 6.487693860267890855, 0.7999999999999999334, 1.047216816013384788 ) ) ;
#343 = DIRECTION ( 'NONE',  ( 0.7660444431189858960, 0.000000000000000000, 0.6427876096865300370 ) ) ;
#344 = CARTESIAN_POINT ( 'NONE',  ( 0.2889417060313254626, 0.7999999999999999334, 6.340168333399120115 ) ) ;
#345 = DIRECTION ( 'NONE',  ( 0.000000000000000000, 1.000000000000000000, 0.000000000000000000 ) ) ;
#346 = ORIENTED_EDGE ( 'NONE', *, *, #377, .F. ) ;
#347 = AXIS2_PLACEMENT_3D ( 'NONE', #1498, #1792, #599 ) ;
#348 = EDGE_CURVE ( 'NONE', #110, #587, #444, .T. ) ;
#349 = EDGE_CURVE ( 'NONE', #1263, #478, #1939, .T. ) ;
#350 = ORIENTED_EDGE ( 'NONE', *, *, #1177, .T. ) ;
#351 = ORIENTED_EDGE ( 'NONE', *, *, #331, .T. ) ;
#352 = LINE ( 'NONE', #1507, #575 ) ;
#353 = DIRECTION ( 'NONE',  ( 0.000000000000000000, 0.000000000000000000, 1.000000000000000000 ) ) ;
#354 = ORIENTED_EDGE ( 'NONE', *, *, #118, .F. ) ;
#355 = PLANE ( 'NONE',  #1667 ) ;
#356 = FACE_OUTER_BOUND ( 'NONE', #437, .T. ) ;
#357 = CARTESIAN_POINT ( 'NONE',  ( 0.5196152422706628027, -3.499999999999999556, 0.9000000000000004663 ) ) ;
#358 = ORIENTED_EDGE ( 'NONE', *, *, #1128, .F. ) ;
#359 = VECTOR ( 'NONE', #133, 1000.000000000000000 ) ;
#360 = DIRECTION ( 'NONE',  ( -0.5000000000000001110, -0.000000000000000000, 0.8660254037844387076 ) ) ;
#361 = ORIENTED_EDGE ( 'NONE', *, *, #1818, .T. ) ;
#362 = DIRECTION ( 'NONE',  ( 0.000000000000000000, 0.000000000000000000, 1.000000000000000000 ) ) ;
#363 = LINE ( 'NONE', #70, #877 ) ;
#364 = ORIENTED_EDGE ( 'NONE', *, *, #1525, .F. ) ;
#365 = DIRECTION ( 'NONE',  ( 0.4999999999999996669, 0.000000000000000000, 0.8660254037844388186 ) ) ;
#366 = AXIS2_PLACEMENT_3D ( 'NONE', #1041, #159, #734 ) ;
#367 = AXIS2_PLACEMENT_3D ( 'NONE', #1435, #1285, #262 ) ;
#368 = CARTESIAN_POINT ( 'NONE',  ( -1.326206058627047435, -2.899999999999999467, -1.084202172485504434E-16 ) ) ;
#369 = EDGE_CURVE ( 'NONE', #152, #1603, #1824, .T. ) ;
#370 = AXIS2_PLACEMENT_3D ( 'NONE', #67, #1092, #526 ) ;
#371 = ORIENTED_EDGE ( 'NONE', *, *, #1760, .F. ) ;
#372 = LINE ( 'NONE', #975, #516 ) ;
#373 = DIRECTION ( 'NONE',  ( 0.000000000000000000, 1.000000000000000000, 0.000000000000000000 ) ) ;
#374 = ORIENTED_EDGE ( 'NONE', *, *, #379, .F. ) ;
#375 = DIRECTION ( 'NONE',  ( 1.000000000000000000, 0.000000000000000000, -1.043274026900804705E-16 ) ) ;
#376 = LINE ( 'NONE', #1275, #114 ) ;
#377 = EDGE_CURVE ( 'NONE', #418, #478, #206, .T. ) ;
#378 = EDGE_CURVE ( 'NONE', #1587, #1877, #1794, .T. ) ;
#379 = EDGE_CURVE ( 'NONE', #1027, #386, #1908, .T. ) ;
#380 = VECTOR ( 'NONE', #1097, 1000.000000000000000 ) ;
#381 = ORIENTED_EDGE ( 'NONE', *, *, #1916, .F. ) ;
#382 = PLANE ( 'NONE',  #647 ) ;
#383 = CARTESIAN_POINT ( 'NONE',  ( 0.6631030293135229403, -2.899999999999999467, 1.148528137423857620 ) ) ;
#384 = VECTOR ( 'NONE', #472, 999.9999999999998863 ) ;
#385 = EDGE_CURVE ( 'NONE', #968, #758, #158, .T. ) ;
#386 = VERTEX_POINT ( 'NONE', #308 ) ;
#387 = CARTESIAN_POINT ( 'NONE',  ( 4.351556185020815093, 0.7999999999999999334, -4.821773211574112317 ) ) ;
#388 = DIRECTION ( 'NONE',  ( 0.000000000000000000, 1.000000000000000000, 0.000000000000000000 ) ) ;
#389 = EDGE_CURVE ( 'NONE', #1807, #968, #1359, .T. ) ;
#390 = VECTOR ( 'NONE', #297, 1000.000000000000000 ) ;
#391 = LINE ( 'NONE', #1419, #263 ) ;
#392 = AXIS2_PLACEMENT_3D ( 'NONE', #1131, #1728, #1261 ) ;
#393 = CARTESIAN_POINT ( 'NONE',  ( -0.5196152422706634688, -3.499999999999999556, -0.9000000000000001332 ) ) ;
#394 = ORIENTED_EDGE ( 'NONE', *, *, #580, .T. ) ;
#395 = ORIENTED_EDGE ( 'NONE', *, *, #82, .T. ) ;
#396 = CARTESIAN_POINT ( 'NONE',  ( 0.000000000000000000, 0.7999999999999999334, 0.000000000000000000 ) ) ;
#397 = FACE_OUTER_BOUND ( 'NONE', #1811, .T. ) ;
#398 = DIRECTION ( 'NONE',  ( 0.000000000000000000, 1.000000000000000000, 0.000000000000000000 ) ) ;
#399 = FACE_OUTER_BOUND ( 'NONE', #190, .T. ) ;
#400 = FACE_OUTER_BOUND ( 'NONE', #781, .T. ) ;
#401 = ORIENTED_EDGE ( 'NONE', *, *, #981, .T. ) ;
#402 = VERTEX_POINT ( 'NONE', #1783 ) ;
#403 = DIRECTION ( 'NONE',  ( 0.000000000000000000, 1.000000000000000000, 0.000000000000000000 ) ) ;
#404 = CARTESIAN_POINT ( 'NONE',  ( -4.589068798320347753, 0.7999999999999999334, 7.062055379169541069 ) ) ;
#405 = ADVANCED_BREP_SHAPE_REPRESENTATION ( '轮子1.8-2.9', ( #1316, #904 ), #557 ) ;
#406 = FACE_OUTER_BOUND ( 'NONE', #132, .T. ) ;
#407 = CARTESIAN_POINT ( 'NONE',  ( 3.251231938101386262E-16, 0.8000000000000003775, -2.654832348694351030 ) ) ;
#408 = DIRECTION ( 'NONE',  ( 0.000000000000000000, 1.000000000000000000, 0.000000000000000000 ) ) ;
#409 = DIRECTION ( 'NONE',  ( -0.000000000000000000, -1.000000000000000000, -0.000000000000000000 ) ) ;
#410 = VECTOR ( 'NONE', #1049, 1000.000000000000000 ) ;
#411 = ORIENTED_EDGE ( 'NONE', *, *, #229, .F. ) ;
#412 = ORIENTED_EDGE ( 'NONE', *, *, #1695, .F. ) ;
#413 = DIRECTION ( 'NONE',  ( 0.3420201433256674917, 0.000000000000000000, -0.9396926207859088720 ) ) ;
#414 = PLANE ( 'NONE',  #1414 ) ;
#415 = SURFACE_SIDE_STYLE ('',( #1187 ) ) ;
#416 = DIRECTION ( 'NONE',  ( 0.000000000000000000, 1.000000000000000000, 0.000000000000000000 ) ) ;
#417 = ORIENTED_EDGE ( 'NONE', *, *, #1008, .T. ) ;
#418 = VERTEX_POINT ( 'NONE', #5 ) ;
#419 = DIRECTION ( 'NONE',  ( 0.9848077530122062440, 0.000000000000000000, -0.1736481776669404620 ) ) ;
#420 = CARTESIAN_POINT ( 'NONE',  ( 2.351556185020892809, 0.7999999999999999334, 7.646579856948465093 ) ) ;
#421 = DIRECTION ( 'NONE',  ( 0.000000000000000000, 1.000000000000000000, 0.000000000000000000 ) ) ;
#422 = DIRECTION ( 'NONE',  ( 0.000000000000000000, 1.000000000000000000, 0.000000000000000000 ) ) ;
#423 = CIRCLE ( 'NONE', #1677, 8.000000000000000000 ) ;
#424 = FILL_AREA_STYLE ('',( #1022 ) ) ;
#425 = ORIENTED_EDGE ( 'NONE', *, *, #1084, .T. ) ;
#426 = EDGE_CURVE ( 'NONE', #45, #1851, #1205, .T. ) ;
#427 = VECTOR ( 'NONE', #422, 1000.000000000000000 ) ;
#428 = LINE ( 'NONE', #1311, #102 ) ;
#429 = ORIENTED_EDGE ( 'NONE', *, *, #836, .T. ) ;
#430 = ORIENTED_EDGE ( 'NONE', *, *, #1843, .T. ) ;
#431 = LINE ( 'NONE', #1478, #359 ) ;
#432 = DIRECTION ( 'NONE',  ( -0.000000000000000000, -1.000000000000000000, -0.000000000000000000 ) ) ;
#433 = COLOUR_RGB ( '',0.8431372549019607865, 0.8156862745098039102, 0.7529411764705882248 ) ;
#434 = CARTESIAN_POINT ( 'NONE',  ( -4.440676641944987679, 1.199999999999999956, 6.654351280304055649 ) ) ;
#435 = DIRECTION ( 'NONE',  ( -0.000000000000000000, 1.000000000000000000, -0.000000000000000000 ) ) ;
#436 = EDGE_CURVE ( 'NONE', #1179, #1867, #1661, .T. ) ;
#437 = EDGE_LOOP ( 'NONE', ( #7, #1064, #1224, #1117 ) ) ;
#438 = FACE_OUTER_BOUND ( 'NONE', #145, .T. ) ;
#439 = VECTOR ( 'NONE', #830, 1000.000000000000000 ) ;
#440 = ORIENTED_EDGE ( 'NONE', *, *, #324, .F. ) ;
#441 = ORIENTED_EDGE ( 'NONE', *, *, #20, .F. ) ;
#442 = CARTESIAN_POINT ( 'NONE',  ( -1.985374379175191883, 0.7999999999999999334, 5.939145044917966132 ) ) ;
#443 = CARTESIAN_POINT ( 'NONE',  ( 0.000000000000000000, -2.899999999999999911, 0.000000000000000000 ) ) ;
#444 = LINE ( 'NONE', #761, #475 ) ;
#445 = CARTESIAN_POINT ( 'NONE',  ( 0.000000000000000000, -2.899999999999999911, 0.000000000000000000 ) ) ;
#446 = CARTESIAN_POINT ( 'NONE',  ( 0.000000000000000000, 0.000000000000000000, 0.000000000000000000 ) ) ;
#447 = EDGE_LOOP ( 'NONE', ( #828, #687, #1697, #1094 ) ) ;
#448 = CARTESIAN_POINT ( 'NONE',  ( 0.000000000000000000, -12.93153950114235506, 4.854832348694350763 ) ) ;
#449 = ORIENTED_EDGE ( 'NONE', *, *, #1719, .F. ) ;
#450 = EDGE_LOOP ( 'NONE', ( #681, #627, #1777, #1646 ) ) ;
#451 = CARTESIAN_POINT ( 'NONE',  ( 2.351556185020884371, 1.199999999999999956, 5.976473749953321146 ) ) ;
#452 = DIRECTION ( 'NONE',  ( 0.000000000000000000, 1.000000000000000000, 0.000000000000000000 ) ) ;
#453 = EDGE_CURVE ( 'NONE', #1273, #909, #623, .T. ) ;
#454 = CARTESIAN_POINT ( 'NONE',  ( 0.000000000000000000, 1.199999999999999956, 0.000000000000000000 ) ) ;
#455 = CYLINDRICAL_SURFACE ( 'NONE', #77, 0.5999999999999998668 ) ;
#456 = AXIS2_PLACEMENT_3D ( 'NONE', #1398, #1515, #765 ) ;
#457 = VERTEX_POINT ( 'NONE', #886 ) ;
#458 = VECTOR ( 'NONE', #710, 1000.000000000000000 ) ;
#459 = ORIENTED_EDGE ( 'NONE', *, *, #288, .T. ) ;
#460 = ORIENTED_EDGE ( 'NONE', *, *, #680, .T. ) ;
#461 = DIRECTION ( 'NONE',  ( 0.000000000000000000, -1.000000000000000000, 0.000000000000000000 ) ) ;
#462 = CARTESIAN_POINT ( 'NONE',  ( 8.762009945474403594, 0.7999999999999999334, 0.6461935275322104877 ) ) ;
#463 = ADVANCED_FACE ( 'NONE', ( #1639 ), #1814, .F. ) ;
#464 = DIRECTION ( 'NONE',  ( -0.4999999999999996669, -0.000000000000000000, -0.8660254037844388186 ) ) ;
#465 = DIRECTION ( 'NONE',  ( 0.000000000000000000, 0.000000000000000000, 1.000000000000000000 ) ) ;
#466 = AXIS2_PLACEMENT_3D ( 'NONE', #645, #75, #684 ) ;
#467 = VERTEX_POINT ( 'NONE', #1371 ) ;
#468 = ORIENTED_EDGE ( 'NONE', *, *, #887, .T. ) ;
#469 = ORIENTED_EDGE ( 'NONE', *, *, #113, .F. ) ;
#470 = DIRECTION ( 'NONE',  ( 0.6427876096865470235, 0.000000000000000000, 0.7660444431189714631 ) ) ;
#471 = DIRECTION ( 'NONE',  ( 0.000000000000000000, -1.000000000000000000, 0.000000000000000000 ) ) ;
#472 = DIRECTION ( 'NONE',  ( -0.6427876096865405842, 0.000000000000000000, -0.7660444431189771253 ) ) ;
#473 = CARTESIAN_POINT ( 'NONE',  ( -1.782548876856999698, 1.199999999999999956, 0.6487947323006038047 ) ) ;
#474 = EDGE_CURVE ( 'NONE', #916, #848, #136, .T. ) ;
#475 = VECTOR ( 'NONE', #1227, 1000.000000000000227 ) ;
#476 = PRODUCT_RELATED_PRODUCT_CATEGORY ( 'part', '', ( #1142 ) ) ;
#477 = VERTEX_POINT ( 'NONE', #337 ) ;
#478 = VERTEX_POINT ( 'NONE', #929 ) ;
#479 = DIRECTION ( 'NONE',  ( 0.000000000000000000, -0.000000000000000000, 1.000000000000000000 ) ) ;
#480 = CARTESIAN_POINT ( 'NONE',  ( -0.5196152422706630247, -3.148528137423856510, -0.9000000000000005773 ) ) ;
#481 = DIRECTION ( 'NONE',  ( 0.000000000000000000, 1.000000000000000000, 0.000000000000000000 ) ) ;
#482 = LINE ( 'NONE', #473, #14 ) ;
#483 = VECTOR ( 'NONE', #1527, 999.9999999999998863 ) ;
#484 = AXIS2_PLACEMENT_3D ( 'NONE', #185, #461, #1078 ) ;
#485 = ADVANCED_FACE ( 'NONE', ( #187 ), #35, .F. ) ;
#486 = EDGE_CURVE ( 'NONE', #948, #1273, #786, .T. ) ;
#487 = EDGE_LOOP ( 'NONE', ( #460, #1426, #1779, #164 ) ) ;
#488 = VERTEX_POINT ( 'NONE', #1378 ) ;
#489 = LINE ( 'NONE', #1088, #827 ) ;
#490 = CARTESIAN_POINT ( 'NONE',  ( 0.2889417060312441943, 1.199999999999999956, -6.340168333399118339 ) ) ;
#491 = DIRECTION ( 'NONE',  ( 0.6427876096865299260, 0.000000000000000000, -0.7660444431189857850 ) ) ;
#492 = LINE ( 'NONE', #1392, #265 ) ;
#493 = EDGE_CURVE ( 'NONE', #1720, #587, #1731, .T. ) ;
#494 = DIRECTION ( 'NONE',  ( -0.3420201433256630508, 0.000000000000000000, 0.9396926207859104263 ) ) ;
#495 = ORIENTED_EDGE ( 'NONE', *, *, #219, .T. ) ;
#496 = VECTOR ( 'NONE', #1294, 1000.000000000000000 ) ;
#497 = EDGE_CURVE ( 'NONE', #1603, #1671, #641, .T. ) ;
#498 = CARTESIAN_POINT ( 'NONE',  ( -1.299038105676658006, -2.899999999999999911, -0.7500000000000000000 ) ) ;
#499 = VERTEX_POINT ( 'NONE', #1391 ) ;
#500 = LINE ( 'NONE', #544, #1291 ) ;
#501 = CARTESIAN_POINT ( 'NONE',  ( -3.166435318698658019, 1.199999999999999956, 7.346678662667757820 ) ) ;
#502 = ORIENTED_EDGE ( 'NONE', *, *, #1152, .T. ) ;
#503 = CARTESIAN_POINT ( 'NONE',  ( -0.5196152422706634688, -3.499999999999999556, 0.9000000000000004663 ) ) ;
#504 = CYLINDRICAL_SURFACE ( 'NONE', #1266, 0.5999999999999997558 ) ;
#505 = LINE ( 'NONE', #218, #1130 ) ;
#506 = ORIENTED_EDGE ( 'NONE', *, *, #1893, .T. ) ;
#507 = VECTOR ( 'NONE', #1181, 1000.000000000000114 ) ;
#508 = ORIENTED_EDGE ( 'NONE', *, *, #497, .F. ) ;
#509 = VERTEX_POINT ( 'NONE', #1834 ) ;
#510 = DIRECTION ( 'NONE',  ( 0.000000000000000000, 1.000000000000000000, 0.000000000000000000 ) ) ;
#511 = DIRECTION ( 'NONE',  ( -0.3420201433256802592, 0.000000000000000000, -0.9396926207859042091 ) ) ;
#512 = ORIENTED_EDGE ( 'NONE', *, *, #1381, .F. ) ;
#513 = CARTESIAN_POINT ( 'NONE',  ( -1.985374379175191883, 0.7999999999999999334, 5.939145044917966132 ) ) ;
#514 = ADVANCED_FACE ( 'NONE', ( #49 ), #194, .F. ) ;
#515 = CARTESIAN_POINT ( 'NONE',  ( 6.487693860267877533, 1.199999999999999956, -1.047216816013464280 ) ) ;
#516 = VECTOR ( 'NONE', #1575, 1000.000000000000000 ) ;
#517 = ORIENTED_EDGE ( 'NONE', *, *, #378, .T. ) ;
#518 = DIRECTION ( 'NONE',  ( 1.000000000000000000, 0.000000000000000000, 0.000000000000000000 ) ) ;
#519 = DIRECTION ( 'NONE',  ( 0.000000000000000000, 1.000000000000000000, 0.000000000000000000 ) ) ;
#520 = EDGE_CURVE ( 'NONE', #1366, #1095, #1809, .T. ) ;
#521 = VECTOR ( 'NONE', #1083, 1000.000000000000000 ) ;
#522 = ADVANCED_FACE ( 'NONE', ( #1693 ), #355, .F. ) ;
#523 = ORIENTED_EDGE ( 'NONE', *, *, #1695, .T. ) ;
#524 = CARTESIAN_POINT ( 'NONE',  ( 6.487693860267877533, 0.7999999999999999334, -1.047216816013464280 ) ) ;
#525 = VECTOR ( 'NONE', #1015, 1000.000000000000000 ) ;
#526 = DIRECTION ( 'NONE',  ( 0.000000000000000000, 0.000000000000000000, 1.000000000000000000 ) ) ;
#527 = EDGE_CURVE ( 'NONE', #942, #1384, #1349, .T. ) ;
#528 = ORIENTED_EDGE ( 'NONE', *, *, #998, .T. ) ;
#529 = DIRECTION ( 'NONE',  ( 0.000000000000000000, 0.000000000000000000, -1.000000000000000000 ) ) ;
#530 = DIRECTION ( 'NONE',  ( -0.000000000000000000, 1.000000000000000000, 0.000000000000000000 ) ) ;
#531 = ORIENTED_EDGE ( 'NONE', *, *, #744, .F. ) ;
#532 = DIRECTION ( 'NONE',  ( 0.000000000000000000, 0.000000000000000000, 1.000000000000000000 ) ) ;
#533 = LINE ( 'NONE', #1898, #1402 ) ;
#534 = EDGE_CURVE ( 'NONE', #942, #1748, #1068, .T. ) ;
#535 = VECTOR ( 'NONE', #1150, 999.9999999999998863 ) ;
#536 = ADVANCED_FACE ( 'NONE', ( #1194 ), #1782, .F. ) ;
#537 = DIRECTION ( 'NONE',  ( -0.5000000000000001110, 0.000000000000000000, 0.8660254037844384856 ) ) ;
#538 = LINE ( 'NONE', #1442, #1297 ) ;
#539 = ORIENTED_EDGE ( 'NONE', *, *, #1276, .T. ) ;
#540 = VECTOR ( 'NONE', #1550, 1000.000000000000114 ) ;
#541 = VERTEX_POINT ( 'NONE', #600 ) ;
#542 = CARTESIAN_POINT ( 'NONE',  ( 0.000000000000000000, 0.000000000000000000, 0.000000000000000000 ) ) ;
#543 = VECTOR ( 'NONE', #157, 1000.000000000000114 ) ;
#544 = CARTESIAN_POINT ( 'NONE',  ( 1.078803393300728164, 0.7999999999999999334, 8.510295483664112481 ) ) ;
#545 = VECTOR ( 'NONE', #1602, 1000.000000000000114 ) ;
#546 = DIRECTION ( 'NONE',  ( 0.000000000000000000, 0.000000000000000000, -1.000000000000000000 ) ) ;
#547 = ORIENTED_EDGE ( 'NONE', *, *, #810, .T. ) ;
#548 = ORIENTED_EDGE ( 'NONE', *, *, #369, .F. ) ;
#549 = CARTESIAN_POINT ( 'NONE',  ( -0.8660254037844390407, -2.899999999999999911, 1.500000000000000444 ) ) ;
#550 = LINE ( 'NONE', #1317, #525 ) ;
#551 = DIRECTION ( 'NONE',  ( 0.000000000000000000, 0.000000000000000000, 1.000000000000000000 ) ) ;
#552 = EDGE_CURVE ( 'NONE', #858, #697, #66, .T. ) ;
#553 = ADVANCED_FACE ( 'NONE', ( #1216 ), #1080, .F. ) ;
#554 = CARTESIAN_POINT ( 'NONE',  ( -1.299038105676658672, -2.899999999999999911, 0.7500000000000002220 ) ) ;
#555 = PLANE ( 'NONE',  #1053 ) ;
#556 = AXIS2_PLACEMENT_3D ( 'NONE', #51, #1725, #1685 ) ;
#557 =( GEOMETRIC_REPRESENTATION_CONTEXT ( 3 ) GLOBAL_UNCERTAINTY_ASSIGNED_CONTEXT ( ( #238 ) ) GLOBAL_UNIT_ASSIGNED_CONTEXT ( ( #563, #999, #723 ) ) REPRESENTATION_CONTEXT ( 'NONE', 'WORKASPACE' ) );
#558 = VERTEX_POINT ( 'NONE', #1499 ) ;
#559 = ORIENTED_EDGE ( 'NONE', *, *, #389, .T. ) ;
#560 = PLANE ( 'NONE',  #1849 ) ;
#561 = CARTESIAN_POINT ( 'NONE',  ( 2.351556185020803103, 0.7999999999999999334, -5.976473749953345127 ) ) ;
#562 = DIRECTION ( 'NONE',  ( 0.9848077530122086864, 0.000000000000000000, 0.1736481776669273613 ) ) ;
#563 =( LENGTH_UNIT ( ) NAMED_UNIT ( * ) SI_UNIT ( .MILLI., .METRE. ) );
#564 = CARTESIAN_POINT ( 'NONE',  ( 0.5196152422706628027, -7.900000000000000355, 0.9000000000000004663 ) ) ;
#565 = VERTEX_POINT ( 'NONE', #785 ) ;
#566 = ORIENTED_EDGE ( 'NONE', *, *, #880, .T. ) ;
#567 = CARTESIAN_POINT ( 'NONE',  ( 0.8755788882309151200, 0.7999999999999999334, -7.951940744905253489 ) ) ;
#568 = DIRECTION ( 'NONE',  ( -0.8660254037844385966, 0.000000000000000000, -0.5000000000000000000 ) ) ;
#569 = VECTOR ( 'NONE', #1631, 1000.000000000000114 ) ;
#570 = DIRECTION ( 'NONE',  ( -0.000000000000000000, -1.000000000000000000, -0.000000000000000000 ) ) ;
#571 = CARTESIAN_POINT ( 'NONE',  ( 5.708203932499319677, 1.199999999999999956, -5.605034153776344397 ) ) ;
#572 = DIRECTION ( 'NONE',  ( 0.9848077530122101297, 0.000000000000000000, 0.1736481776669185628 ) ) ;
#573 = VECTOR ( 'NONE', #1536, 1000.000000000000000 ) ;
#574 = ORIENTED_EDGE ( 'NONE', *, *, #932, .F. ) ;
#575 = VECTOR ( 'NONE', #801, 1000.000000000000000 ) ;
#576 = VERTEX_POINT ( 'NONE', #622 ) ;
#577 = DIRECTION ( 'NONE',  ( -0.8660254037844363761, 0.000000000000000000, 0.5000000000000039968 ) ) ;
#578 = CARTESIAN_POINT ( 'NONE',  ( 7.961155196513403531, 0.7999999999999999334, -0.7874058274026422000 ) ) ;
#579 = EDGE_CURVE ( 'NONE', #964, #1453, #1508, .T. ) ;
#580 = EDGE_CURVE ( 'NONE', #402, #110, #896, .T. ) ;
#581 = DIRECTION ( 'NONE',  ( -0.000000000000000000, -1.000000000000000000, -0.000000000000000000 ) ) ;
#582 = CARTESIAN_POINT ( 'NONE',  ( 0.5196152422706628027, -3.499999999999999556, 1.500000000000000444 ) ) ;
#583 = AXIS2_PLACEMENT_3D ( 'NONE', #1360, #236, #1715 ) ;
#584 = ORIENTED_EDGE ( 'NONE', *, *, #1525, .T. ) ;
#585 = LINE ( 'NONE', #448, #211 ) ;
#586 = ADVANCED_FACE ( 'NONE', ( #1656 ), #1937, .F. ) ;
#587 = VERTEX_POINT ( 'NONE', #1489 ) ;
#588 = VERTEX_POINT ( 'NONE', #336 ) ;
#589 = PLANE ( 'NONE',  #1343 ) ;
#590 = CYLINDRICAL_SURFACE ( 'NONE', #15, 0.5999999999999999778 ) ;
#591 = VECTOR ( 'NONE', #151, 1000.000000000000114 ) ;
#592 = CARTESIAN_POINT ( 'NONE',  ( 7.961155196513403531, 1.199999999999999956, -0.7874058274026433102 ) ) ;
#593 = FACE_OUTER_BOUND ( 'NONE', #83, .T. ) ;
#594 = ORIENTED_EDGE ( 'NONE', *, *, #1563, .T. ) ;
#595 = CARTESIAN_POINT ( 'NONE',  ( 6.487693860267889967, 1.199999999999999956, 1.047216816013384788 ) ) ;
#596 = EDGE_CURVE ( 'NONE', #848, #858, #928, .T. ) ;
#597 = ORIENTED_EDGE ( 'NONE', *, *, #1768, .F. ) ;
#598 = VERTEX_POINT ( 'NONE', #4 ) ;
#599 = DIRECTION ( 'NONE',  ( 0.8660254037844387076, 0.000000000000000000, -0.4999999999999998335 ) ) ;
#600 = CARTESIAN_POINT ( 'NONE',  ( 5.708203932499320565, 1.199999999999999956, -5.605034153776343508 ) ) ;
#601 = VECTOR ( 'NONE', #1422, 1000.000000000000000 ) ;
#602 = CARTESIAN_POINT ( 'NONE',  ( 1.299038105676658228, -2.899999999999999911, -0.7499999999999993339 ) ) ;
#603 = LINE ( 'NONE', #6, #617 ) ;
#604 = AXIS2_PLACEMENT_3D ( 'NONE', #1542, #199, #1396 ) ;
#605 = ORIENTED_EDGE ( 'NONE', *, *, #923, .F. ) ;
#606 = PLANE ( 'NONE',  #1838 ) ;
#607 = ADVANCED_FACE ( 'NONE', ( #1524 ), #611, .F. ) ;
#608 = VERTEX_POINT ( 'NONE', #166 ) ;
#609 = ORIENTED_EDGE ( 'NONE', *, *, #348, .T. ) ;
#610 = DIRECTION ( 'NONE',  ( 0.000000000000000000, 1.000000000000000000, 0.000000000000000000 ) ) ;
#611 = PLANE ( 'NONE',  #1079 ) ;
#612 =( BOUNDED_CURVE ( )  B_SPLINE_CURVE ( 3, ( #1324, #117, #1335, #1451 ),
 .UNSPECIFIED., .F., .F. ) 
 B_SPLINE_CURVE_WITH_KNOTS ( ( 4, 4 ),
 ( 3.141592653589793116, 4.712388980384689674 ),
 .UNSPECIFIED. ) 
 CURVE ( )  GEOMETRIC_REPRESENTATION_ITEM ( )  RATIONAL_B_SPLINE_CURVE ( ( 1.000000000000000000, 0.8047378541243649375, 0.8047378541243649375, 1.000000000000000000 ) ) 
 REPRESENTATION_ITEM ( '' )  );
#613 = CARTESIAN_POINT ( 'NONE',  ( 0.8660254037844387076, -2.899999999999999911, -1.500000000000000222 ) ) ;
#614 = PLANE ( 'NONE',  #366 ) ;
#615 = VECTOR ( 'NONE', #315, 1000.000000000000000 ) ;
#616 = ORIENTED_EDGE ( 'NONE', *, *, #348, .F. ) ;
#617 = VECTOR ( 'NONE', #1641, 999.9999999999998863 ) ;
#618 = AXIS2_PLACEMENT_3D ( 'NONE', #985, #695, #1585 ) ;
#619 = EDGE_LOOP ( 'NONE', ( #1, #523 ) ) ;
#620 = VERTEX_POINT ( 'NONE', #920 ) ;
#621 = CARTESIAN_POINT ( 'NONE',  ( -5.283661508988076960, 0.7999999999999999334, 3.122824367120710320 ) ) ;
#622 = CARTESIAN_POINT ( 'NONE',  ( 6.487693860267877533, 1.199999999999999956, -1.047216816013464280 ) ) ;
#623 = LINE ( 'NONE', #1218, #135 ) ;
#624 = CARTESIAN_POINT ( 'NONE',  ( 9.797174393178825657E-16, 0.7999999999999999334, 8.000000000000000000 ) ) ;
#625 = AXIS2_PLACEMENT_3D ( 'NONE', #1301, #421, #1906 ) ;
#626 = ORIENTED_EDGE ( 'NONE', *, *, #703, .F. ) ;
#627 = ORIENTED_EDGE ( 'NONE', *, *, #1875, .F. ) ;
#628 = VERTEX_POINT ( 'NONE', #1182 ) ;
#629 = AXIS2_PLACEMENT_3D ( 'NONE', #813, #678, #640 ) ;
#630 = DIRECTION ( 'NONE',  ( 0.5000000000000002220, -0.000000000000000000, -0.8660254037844384856 ) ) ;
#631 = DIRECTION ( 'NONE',  ( -0.7660444431189801229, 0.000000000000000000, -0.6427876096865370315 ) ) ;
#632 = DIRECTION ( 'NONE',  ( 0.000000000000000000, 0.000000000000000000, 1.000000000000000000 ) ) ;
#633 = DIRECTION ( 'NONE',  ( 0.000000000000000000, 1.000000000000000000, 0.000000000000000000 ) ) ;
#634 = EDGE_CURVE ( 'NONE', #1932, #978, #1203, .T. ) ;
#635 = AXIS2_PLACEMENT_3D ( 'NONE', #454, #481, #1051 ) ;
#636 = ORIENTED_EDGE ( 'NONE', *, *, #983, .T. ) ;
#637 = EDGE_CURVE ( 'NONE', #488, #45, #1370, .T. ) ;
#638 = ORIENTED_EDGE ( 'NONE', *, *, #1640, .F. ) ;
#639 = LINE ( 'NONE', #912, #615 ) ;
#640 = DIRECTION ( 'NONE',  ( -0.8660254037844387076, 0.000000000000000000, -0.4999999999999998335 ) ) ;
#641 = LINE ( 'NONE', #1683, #573 ) ;
#642 = LINE ( 'NONE', #1549, #1766 ) ;
#643 = EDGE_CURVE ( 'NONE', #1800, #509, #1828, .T. ) ;
#644 = AXIS2_PLACEMENT_3D ( 'NONE', #1548, #1237, #1090 ) ;
#645 = CARTESIAN_POINT ( 'NONE',  ( 0.000000000000000000, -2.899999999999999911, 0.000000000000000000 ) ) ;
#646 = ORIENTED_EDGE ( 'NONE', *, *, #1893, .F. ) ;
#647 = AXIS2_PLACEMENT_3D ( 'NONE', #1434, #1284, #1122 ) ;
#648 = ORIENTED_EDGE ( 'NONE', *, *, #580, .F. ) ;
#649 = EDGE_LOOP ( 'NONE', ( #430, #796 ) ) ;
#650 = FACE_OUTER_BOUND ( 'NONE', #649, .T. ) ;
#651 = CARTESIAN_POINT ( 'NONE',  ( -5.283661508988117816, 0.7999999999999999334, -3.122824367120635269 ) ) ;
#652 = ORIENTED_EDGE ( 'NONE', *, *, #924, .T. ) ;
#653 = CARTESIAN_POINT ( 'NONE',  ( 4.351556185020880818, 0.7999999999999999334, 4.821773211574059026 ) ) ;
#654 = LINE ( 'NONE', #513, #1267 ) ;
#655 = CARTESIAN_POINT ( 'NONE',  ( 6.685220383092354446, 1.199999999999999956, 4.394067412942880502 ) ) ;
#656 = ORIENTED_EDGE ( 'NONE', *, *, #1826, .F. ) ;
#657 = PRODUCT_DEFINITION_FORMATION_WITH_SPECIFIED_SOURCE ( '任何', '', #1142, .NOT_KNOWN. ) ;
#658 = ORIENTED_EDGE ( 'NONE', *, *, #1071, .T. ) ;
#659 = ORIENTED_EDGE ( 'NONE', *, *, #1768, .T. ) ;
#660 = DIRECTION ( 'NONE',  ( 0.000000000000000000, -0.000000000000000000, 1.000000000000000000 ) ) ;
#661 = DIRECTION ( 'NONE',  ( 0.6427876096865441369, 0.000000000000000000, 0.7660444431189741277 ) ) ;
#662 = EDGE_CURVE ( 'NONE', #1201, #457, #1516, .T. ) ;
#663 = EDGE_LOOP ( 'NONE', ( #1654, #197, #1596, #1595 ) ) ;
#664 = DIRECTION ( 'NONE',  ( 4.829470157119430162E-15, 0.000000000000000000, 1.000000000000000000 ) ) ;
#665 = CARTESIAN_POINT ( 'NONE',  ( -0.9999999999999991118, 1.199999999999999956, -1.732050807568876527 ) ) ;
#666 = EDGE_CURVE ( 'NONE', #1748, #1048, #1226, .T. ) ;
#667 = FACE_OUTER_BOUND ( 'NONE', #23, .T. ) ;
#668 = ORIENTED_EDGE ( 'NONE', *, *, #37, .T. ) ;
#669 = CYLINDRICAL_SURFACE ( 'NONE', #8, 2.654832348694351030 ) ;
#670 = CARTESIAN_POINT ( 'NONE',  ( 0.5196152422706626917, -3.148528137423856954, 0.9000000000000003553 ) ) ;
#671 = EDGE_CURVE ( 'NONE', #1085, #1912, #1816, .T. ) ;
#672 = ORIENTED_EDGE ( 'NONE', *, *, #1620, .T. ) ;
#673 = DIRECTION ( 'NONE',  ( -0.000000000000000000, 1.000000000000000000, 0.000000000000000000 ) ) ;
#674 = DIRECTION ( 'NONE',  ( -0.000000000000000000, 1.000000000000000000, -0.000000000000000000 ) ) ;
#675 = EDGE_CURVE ( 'NONE', #1085, #386, #1576, .T. ) ;
#676 = ORIENTED_EDGE ( 'NONE', *, *, #810, .F. ) ;
#677 = DIRECTION ( 'NONE',  ( -0.3420201433256713774, 0.000000000000000000, -0.9396926207859073177 ) ) ;
#678 = DIRECTION ( 'NONE',  ( 0.4999999999999998335, 0.000000000000000000, -0.8660254037844387076 ) ) ;
#679 = STYLED_ITEM ( 'NONE', ( #1264 ), #1316 ) ;
#680 = EDGE_CURVE ( 'NONE', #741, #882, #1123, .T. ) ;
#681 = ORIENTED_EDGE ( 'NONE', *, *, #1473, .T. ) ;
#682 = FILL_AREA_STYLE ('',( #1145 ) ) ;
#683 = VECTOR ( 'NONE', #1806, 1000.000000000000000 ) ;
#684 = DIRECTION ( 'NONE',  ( 0.000000000000000000, 0.000000000000000000, -1.000000000000000000 ) ) ;
#685 = DIRECTION ( 'NONE',  ( 0.000000000000000000, -1.000000000000000000, 0.000000000000000000 ) ) ;
#686 = DIRECTION ( 'NONE',  ( -1.000000000000000000, -0.000000000000000000, 1.043274026900804828E-16 ) ) ;
#687 = ORIENTED_EDGE ( 'NONE', *, *, #426, .F. ) ;
#688 = ORIENTED_EDGE ( 'NONE', *, *, #453, .T. ) ;
#689 =( LENGTH_UNIT ( ) NAMED_UNIT ( * ) SI_UNIT ( .MILLI., .METRE. ) );
#690 = DIRECTION ( 'NONE',  ( -0.7660444431189827874, 0.000000000000000000, -0.6427876096865337008 ) ) ;
#691 = CIRCLE ( 'NONE', #1467, 8.000000000000000000 ) ;
#692 = EDGE_CURVE ( 'NONE', #628, #99, #1557, .T. ) ;
#693 = EDGE_CURVE ( 'NONE', #45, #1003, #1567, .T. ) ;
#694 = FACE_OUTER_BOUND ( 'NONE', #1505, .T. ) ;
#695 = DIRECTION ( 'NONE',  ( 0.000000000000000000, 1.000000000000000000, 0.000000000000000000 ) ) ;
#696 = EDGE_CURVE ( 'NONE', #763, #89, #691, .T. ) ;
#697 = VERTEX_POINT ( 'NONE', #1262 ) ;
#698 = VECTOR ( 'NONE', #360, 999.9999999999998863 ) ;
#699 = ORIENTED_EDGE ( 'NONE', *, *, #229, .T. ) ;
#700 = CARTESIAN_POINT ( 'NONE',  ( 0.000000000000000000, 1.199999999999999956, 0.000000000000000000 ) ) ;
#701 = CARTESIAN_POINT ( 'NONE',  ( 5.697832172998465339, 1.199999999999999956, -3.217343966278456868 ) ) ;
#702 = LINE ( 'NONE', #1774, #807 ) ;
#703 = EDGE_CURVE ( 'NONE', #89, #763, #189, .T. ) ;
#704 = DIRECTION ( 'NONE',  ( -0.000000000000000000, 1.000000000000000000, -0.000000000000000000 ) ) ;
#705 = AXIS2_PLACEMENT_3D ( 'NONE', #1663, #1673, #326 ) ;
#706 = CARTESIAN_POINT ( 'NONE',  ( 1.078803393300728164, 0.7999999999999999334, 8.510295483664112481 ) ) ;
#707 = ORIENTED_EDGE ( 'NONE', *, *, #1461, .T. ) ;
#708 = ORIENTED_EDGE ( 'NONE', *, *, #19, .F. ) ;
#709 = DIRECTION ( 'NONE',  ( 0.000000000000000000, -1.000000000000000000, 0.000000000000000000 ) ) ;
#710 = DIRECTION ( 'NONE',  ( -0.000000000000000000, -1.000000000000000000, -0.000000000000000000 ) ) ;
#711 = CARTESIAN_POINT ( 'NONE',  ( 0.5196152422706628027, -3.499999999999999556, 0.9000000000000004663 ) ) ;
#712 = CIRCLE ( 'NONE', #618, 8.000000000000000000 ) ;
#713 = DIRECTION ( 'NONE',  ( -0.000000000000000000, 1.000000000000000000, -0.000000000000000000 ) ) ;
#714 = CARTESIAN_POINT ( 'NONE',  ( 0.000000000000000000, 1.199999999999999956, 4.854832348694350763 ) ) ;
#715 = VECTOR ( 'NONE', #388, 1000.000000000000000 ) ;
#716 = ORIENTED_EDGE ( 'NONE', *, *, #1762, .F. ) ;
#717 = ORIENTED_EDGE ( 'NONE', *, *, #1293, .F. ) ;
#718 = DIRECTION ( 'NONE',  ( 0.8660254037844432595, 0.000000000000000000, 0.4999999999999919509 ) ) ;
#719 = CARTESIAN_POINT ( 'NONE',  ( -3.799207111050955543, 1.199999999999999956, 4.891928228904545151 ) ) ;
#720 = DIRECTION ( 'NONE',  ( -0.000000000000000000, -1.000000000000000000, -0.000000000000000000 ) ) ;
#721 = CARTESIAN_POINT ( 'NONE',  ( -0.5196152422706634688, -7.900000000000000355, 0.9000000000000004663 ) ) ;
#722 = AXIS2_PLACEMENT_3D ( 'NONE', #1389, #373, #353 ) ;
#723 =( NAMED_UNIT ( * ) SI_UNIT ( $, .STERADIAN. ) SOLID_ANGLE_UNIT ( ) );
#724 = EDGE_CURVE ( 'NONE', #1003, #822, #193, .T. ) ;
#725 = EDGE_CURVE ( 'NONE', #620, #587, #1116, .T. ) ;
#726 = EDGE_CURVE ( 'NONE', #1797, #1748, #947, .T. ) ;
#727 = PLANE ( 'NONE',  #1589 ) ;
#728 = ORIENTED_EDGE ( 'NONE', *, *, #527, .F. ) ;
#729 = ORIENTED_EDGE ( 'NONE', *, *, #725, .T. ) ;
#730 = FACE_OUTER_BOUND ( 'NONE', #1855, .T. ) ;
#731 = DIRECTION ( 'NONE',  ( 0.9848077530122062440, 0.000000000000000000, -0.1736481776669404620 ) ) ;
#732 = CIRCLE ( 'NONE', #224, 8.000000000000000000 ) ;
#733 = CARTESIAN_POINT ( 'NONE',  ( 5.697832172998507083, 1.199999999999999956, 3.217343966278387146 ) ) ;
#734 = DIRECTION ( 'NONE',  ( -0.9848077530122086864, 0.000000000000000000, -0.1736481776669273613 ) ) ;
#735 = EDGE_CURVE ( 'NONE', #467, #488, #1701, .T. ) ;
#736 = EDGE_LOOP ( 'NONE', ( #878, #1213, #361, #1313, #1337, #1176 ) ) ;
#737 = CARTESIAN_POINT ( 'NONE',  ( 2.351556185020892364, 1.199999999999999956, 7.646579856948464204 ) ) ;
#738 = VECTOR ( 'NONE', #13, 1000.000000000000000 ) ;
#739 = ORIENTED_EDGE ( 'NONE', *, *, #744, .T. ) ;
#740 = VECTOR ( 'NONE', #1277, 1000.000000000000000 ) ;
#741 = VERTEX_POINT ( 'NONE', #1691 ) ;
#742 = CARTESIAN_POINT ( 'NONE',  ( -7.211730137151382891, 0.7999999999999999334, -3.462794886923352244 ) ) ;
#743 = DIRECTION ( 'NONE',  ( -0.4999999999999919509, 0.000000000000000000, 0.8660254037844432595 ) ) ;
#744 = EDGE_CURVE ( 'NONE', #1870, #1844, #1564, .T. ) ;
#745 = CARTESIAN_POINT ( 'NONE',  ( 6.487693860267890855, 0.7999999999999999334, 1.047216816013384788 ) ) ;
#746 = CARTESIAN_POINT ( 'NONE',  ( 6.685220383092352670, 1.199999999999999956, 4.394067412942879614 ) ) ;
#747 = LINE ( 'NONE', #867, #1060 ) ;
#748 = ORIENTED_EDGE ( 'NONE', *, *, #1796, .T. ) ;
#749 = ORIENTED_EDGE ( 'NONE', *, *, #675, .F. ) ;
#750 = EDGE_LOOP ( 'NONE', ( #1280, #528, #1645, #1770 ) ) ;
#751 = DIRECTION ( 'NONE',  ( 0.8660254037844387076, 0.000000000000000000, -0.4999999999999998890 ) ) ;
#752 = DIRECTION ( 'NONE',  ( -0.1736481776669227817, 0.000000000000000000, 0.9848077530122094636 ) ) ;
#753 = CARTESIAN_POINT ( 'NONE',  ( -1.039230484541326716, -7.900000000000000355, 1.134835864421784157E-16 ) ) ;
#754 = LINE ( 'NONE', #1491, #1208 ) ;
#755 = ORIENTED_EDGE ( 'NONE', *, *, #692, .T. ) ;
#756 = DIRECTION ( 'NONE',  ( -0.4999999999999999445, 0.000000000000000000, -0.8660254037844387076 ) ) ;
#757 = VERTEX_POINT ( 'NONE', #651 ) ;
#758 = VERTEX_POINT ( 'NONE', #1545 ) ;
#759 = LINE ( 'NONE', #451, #1942 ) ;
#760 = DIRECTION ( 'NONE',  ( -0.8660254037844385966, 0.000000000000000000, 0.4999999999999998890 ) ) ;
#761 = CARTESIAN_POINT ( 'NONE',  ( -1.985374379175191883, 1.199999999999999956, 5.939145044917966132 ) ) ;
#762 = DIRECTION ( 'NONE',  ( 1.000000000000000000, 0.000000000000000000, -1.043274026900804828E-16 ) ) ;
#763 = VERTEX_POINT ( 'NONE', #203 ) ;
#764 = ORIENTED_EDGE ( 'NONE', *, *, #1502, .T. ) ;
#765 = DIRECTION ( 'NONE',  ( 0.000000000000000000, 0.000000000000000000, 1.000000000000000000 ) ) ;
#766 = CARTESIAN_POINT ( 'NONE',  ( -6.000000000000000000, 0.7999999999999999334, -1.154700538379252350 ) ) ;
#767 = DIRECTION ( 'NONE',  ( 0.000000000000000000, 1.000000000000000000, 0.000000000000000000 ) ) ;
#768 = DIRECTION ( 'NONE',  ( 0.8660254037844389297, 0.000000000000000000, -0.4999999999999997224 ) ) ;
#769 = ORIENTED_EDGE ( 'NONE', *, *, #798, .F. ) ;
#770 = VECTOR ( 'NONE', #1597, 1000.000000000000000 ) ;
#771 = VECTOR ( 'NONE', #805, 1000.000000000000000 ) ;
#772 = VECTOR ( 'NONE', #1171, 999.9999999999998863 ) ;
#773 = ORIENTED_EDGE ( 'NONE', *, *, #865, .T. ) ;
#774 = ORIENTED_EDGE ( 'NONE', *, *, #1900, .F. ) ;
#775 = LINE ( 'NONE', #24, #198 ) ;
#776 = CARTESIAN_POINT ( 'NONE',  ( -6.000000000000000000, 1.199999999999999956, 1.154700538379251684 ) ) ;
#777 = ADVANCED_FACE ( 'NONE', ( #1869 ), #802, .T. ) ;
#778 = DIRECTION ( 'NONE',  ( 0.3420201433256757073, 0.000000000000000000, 0.9396926207859057634 ) ) ;
#779 = FACE_OUTER_BOUND ( 'NONE', #831, .T. ) ;
#780 = ADVANCED_FACE ( 'NONE', ( #1428 ), #821, .F. ) ;
#781 = EDGE_LOOP ( 'NONE', ( #502, #1418, #638, #191 ) ) ;
#782 = ORIENTED_EDGE ( 'NONE', *, *, #534, .F. ) ;
#783 = CIRCLE ( 'NONE', #1551, 4.854832348694350763 ) ;
#784 = DIRECTION ( 'NONE',  ( -0.9848077530122070211, 0.000000000000000000, 0.1736481776669361321 ) ) ;
#785 = CARTESIAN_POINT ( 'NONE',  ( -7.708203932499369415, 1.199999999999999956, -2.140932538638540272 ) ) ;
#786 = LINE ( 'NONE', #653, #483 ) ;
#787 = CARTESIAN_POINT ( 'NONE',  ( 5.708203932499319677, 0.7999999999999999334, -5.605034153776343508 ) ) ;
#788 = FACE_OUTER_BOUND ( 'NONE', #1245, .T. ) ;
#789 = DIRECTION ( 'NONE',  ( 0.000000000000000000, 0.000000000000000000, 1.000000000000000000 ) ) ;
#790 = ORIENTED_EDGE ( 'NONE', *, *, #1144, .T. ) ;
#791 = FACE_BOUND ( 'NONE', #1133, .T. ) ;
#792 = CARTESIAN_POINT ( 'NONE',  ( -1.985374379175267823, 1.199999999999999956, -5.939145044917935046 ) ) ;
#793 = CARTESIAN_POINT ( 'NONE',  ( -0.6631030293135240505, -2.899999999999999467, 1.148528137423857620 ) ) ;
#794 = DIRECTION ( 'NONE',  ( 0.3420201433256675472, 0.000000000000000000, -0.9396926207859088720 ) ) ;
#795 = DIRECTION ( 'NONE',  ( 0.8660254037844387076, 0.000000000000000000, -0.4999999999999998335 ) ) ;
#796 = ORIENTED_EDGE ( 'NONE', *, *, #379, .T. ) ;
#797 = VECTOR ( 'NONE', #1832, 1000.000000000000000 ) ;
#798 = EDGE_CURVE ( 'NONE', #477, #1703, #363, .T. ) ;
#799 = ORIENTED_EDGE ( 'NONE', *, *, #643, .T. ) ;
#800 = ORIENTED_EDGE ( 'NONE', *, *, #389, .F. ) ;
#801 = DIRECTION ( 'NONE',  ( 0.000000000000000000, 1.000000000000000000, 0.000000000000000000 ) ) ;
#802 = PLANE ( 'NONE',  #1872 ) ;
#803 = EDGE_LOOP ( 'NONE', ( #271, #1256, #547, #605 ) ) ;
#804 = DIRECTION ( 'NONE',  ( 0.9396926207859120916, 0.000000000000000000, 0.3420201433256588319 ) ) ;
#805 = DIRECTION ( 'NONE',  ( -0.8660254037844408170, 0.000000000000000000, -0.4999999999999961142 ) ) ;
#806 = CARTESIAN_POINT ( 'NONE',  ( -3.166435318698757939, 0.7999999999999999334, -7.346678662667716964 ) ) ;
#807 = VECTOR ( 'NONE', #720, 1000.000000000000000 ) ;
#808 = ADVANCED_FACE ( 'NONE', ( #1556 ), #215, .F. ) ;
#809 = CYLINDRICAL_SURFACE ( 'NONE', #290, 8.000000000000000000 ) ;
#810 = EDGE_CURVE ( 'NONE', #1241, #1819, #119, .T. ) ;
#811 = ORIENTED_EDGE ( 'NONE', *, *, #426, .T. ) ;
#812 = LINE ( 'NONE', #239, #1484 ) ;
#813 = CARTESIAN_POINT ( 'NONE',  ( -6.000000000000000000, 0.7999999999999999334, -1.154700538379252350 ) ) ;
#814 = ORIENTED_EDGE ( 'NONE', *, *, #320, .F. ) ;
#815 = CARTESIAN_POINT ( 'NONE',  ( -7.211730137151334041, 0.7999999999999999334, 3.462794886923453053 ) ) ;
#816 = CARTESIAN_POINT ( 'NONE',  ( -4.440676641945077385, 1.199999999999999956, -6.654351280303993477 ) ) ;
#817 = AXIS2_PLACEMENT_3D ( 'NONE', #914, #907, #1805 ) ;
#818 = ADVANCED_FACE ( 'NONE', ( #400 ), #80, .F. ) ;
#819 = ORIENTED_EDGE ( 'NONE', *, *, #1381, .T. ) ;
#820 = LINE ( 'NONE', #1721, #1798 ) ;
#821 = PLANE ( 'NONE',  #967 ) ;
#822 = VERTEX_POINT ( 'NONE', #992 ) ;
#823 =( NAMED_UNIT ( * ) SI_UNIT ( $, .STERADIAN. ) SOLID_ANGLE_UNIT ( ) );
#824 = EDGE_CURVE ( 'NONE', #757, #1554, #97, .T. ) ;
#825 = DIRECTION ( 'NONE',  ( -0.9848077530122070211, 0.000000000000000000, 0.1736481776669361321 ) ) ;
#826 = AXIS2_PLACEMENT_3D ( 'NONE', #1050, #186, #760 ) ;
#827 = VECTOR ( 'NONE', #935, 1000.000000000000000 ) ;
#828 = ORIENTED_EDGE ( 'NONE', *, *, #148, .T. ) ;
#829 = LINE ( 'NONE', #232, #893 ) ;
#830 = DIRECTION ( 'NONE',  ( 0.000000000000000000, 1.000000000000000000, 0.000000000000000000 ) ) ;
#831 = EDGE_LOOP ( 'NONE', ( #295, #1333, #1026, #411 ) ) ;
#832 = ORIENTED_EDGE ( 'NONE', *, *, #1669, .T. ) ;
#833 = CARTESIAN_POINT ( 'NONE',  ( 0.5196152422706632468, -7.900000000000000355, -0.9000000000000002442 ) ) ;
#834 = EDGE_CURVE ( 'NONE', #588, #323, #783, .T. ) ;
#835 = DIRECTION ( 'NONE',  ( 0.8660254037844339337, 0.000000000000000000, -0.5000000000000081046 ) ) ;
#836 = EDGE_CURVE ( 'NONE', #478, #697, #538, .T. ) ;
#837 = CARTESIAN_POINT ( 'NONE',  ( -4.440676641944988567, 1.199999999999999956, 6.654351280304058314 ) ) ;
#838 = CYLINDRICAL_SURFACE ( 'NONE', #367, 0.6000000000000000888 ) ;
#839 = EDGE_CURVE ( 'NONE', #260, #933, #1729, .T. ) ;
#840 = EDGE_LOOP ( 'NONE', ( #566, #508, #548, #351 ) ) ;
#841 = EDGE_LOOP ( 'NONE', ( #381, #1304, #1732, #374 ) ) ;
#842 = FACE_OUTER_BOUND ( 'NONE', #270, .T. ) ;
#843 = CARTESIAN_POINT ( 'NONE',  ( 0.2889417060312441943, 0.7999999999999999334, -6.340168333399118339 ) ) ;
#844 = CARTESIAN_POINT ( 'NONE',  ( 0.000000000000000000, 0.7999999999999999334, 0.000000000000000000 ) ) ;
#845 = VECTOR ( 'NONE', #375, 1000.000000000000000 ) ;
#846 = CARTESIAN_POINT ( 'NONE',  ( 1.039230484541326271, -3.499999999999999556, 3.313793313479244545E-16 ) ) ;
#847 = DIRECTION ( 'NONE',  ( 0.000000000000000000, 0.000000000000000000, 1.000000000000000000 ) ) ;
#848 = VERTEX_POINT ( 'NONE', #1132 ) ;
#849 = ORIENTED_EDGE ( 'NONE', *, *, #1562, .T. ) ;
#850 = DIRECTION ( 'NONE',  ( 0.000000000000000000, 0.000000000000000000, 1.000000000000000000 ) ) ;
#851 = CARTESIAN_POINT ( 'NONE',  ( 0.05483234869434706893, 0.7999999999999999334, -0.1506506398933815938 ) ) ;
#852 = LINE ( 'NONE', #711, #127 ) ;
#853 =( LENGTH_UNIT ( ) NAMED_UNIT ( * ) SI_UNIT ( .MILLI., .METRE. ) );
#854 = ADVANCED_FACE ( 'NONE', ( #1890 ), #555, .F. ) ;
#855 = CARTESIAN_POINT ( 'NONE',  ( 1.759392532196835779, 1.199999999999999956, 1.476305624862403798 ) ) ;
#856 = AXIS2_PLACEMENT_3D ( 'NONE', #1605, #1338, #859 ) ;
#857 = ORIENTED_EDGE ( 'NONE', *, *, #1152, .F. ) ;
#858 = VERTEX_POINT ( 'NONE', #393 ) ;
#859 = DIRECTION ( 'NONE',  ( 0.000000000000000000, 0.000000000000000000, 1.000000000000000000 ) ) ;
#860 = DIRECTION ( 'NONE',  ( -0.6427876096865405842, 0.000000000000000000, -0.7660444431189771253 ) ) ;
#861 = AXIS2_PLACEMENT_3D ( 'NONE', #27, #1238, #205 ) ;
#862 = DIRECTION ( 'NONE',  ( -1.807003620809174385E-16, 0.000000000000000000, -1.000000000000000000 ) ) ;
#863 = VECTOR ( 'NONE', #1510, 1000.000000000000000 ) ;
#864 = AXIS2_PLACEMENT_3D ( 'NONE', #561, #743, #101 ) ;
#865 = EDGE_CURVE ( 'NONE', #909, #1749, #712, .T. ) ;
#866 = ADVANCED_FACE ( 'NONE', ( #240 ), #838, .F. ) ;
#867 = CARTESIAN_POINT ( 'NONE',  ( 5.697832172998507083, 1.199999999999999956, 3.217343966278387146 ) ) ;
#868 = DIRECTION ( 'NONE',  ( -0.8660254037844432595, 0.000000000000000000, -0.4999999999999919509 ) ) ;
#869 = AXIS2_PLACEMENT_3D ( 'NONE', #1290, #1590, #562 ) ;
#870 = EDGE_LOOP ( 'NONE', ( #1830, #90, #1924, #1287 ) ) ;
#871 = EDGE_LOOP ( 'NONE', ( #1810, #1055, #729, #1444, #699, #1197, #1642, #994, #517, #656, #109, #163, #294, #1558, #889, #141, #1486, #911, #401, #1840 ) ) ;
#872 = CYLINDRICAL_SURFACE ( 'NONE', #856, 4.854832348694350763 ) ;
#873 = CARTESIAN_POINT ( 'NONE',  ( -1.558845726811989740, -3.499999999999999556, -0.2999999999999998779 ) ) ;
#874 = EDGE_CURVE ( 'NONE', #1756, #99, #273, .T. ) ;
#875 = CARTESIAN_POINT ( 'NONE',  ( 7.182286570935568548, 0.7999999999999999334, -4.986447828062300580 ) ) ;
#876 = DIRECTION ( 'NONE',  ( -0.000000000000000000, 1.000000000000000000, -0.000000000000000000 ) ) ;
#877 = VECTOR ( 'NONE', #958, 1000.000000000000114 ) ;
#878 = ORIENTED_EDGE ( 'NONE', *, *, #1938, .T. ) ;
#879 = FACE_OUTER_BOUND ( 'NONE', #1374, .T. ) ;
#880 = EDGE_CURVE ( 'NONE', #499, #1671, #1905, .T. ) ;
#881 = ORIENTED_EDGE ( 'NONE', *, *, #1353, .F. ) ;
#882 = VERTEX_POINT ( 'NONE', #1307 ) ;
#883 = PLANE ( 'NONE',  #1081 ) ;
#884 = LINE ( 'NONE', #1479, #1020 ) ;
#885 = VECTOR ( 'NONE', #767, 1000.000000000000000 ) ;
#886 = CARTESIAN_POINT ( 'NONE',  ( -6.000000000000000000, 1.199999999999999956, -1.154700538379252350 ) ) ;
#887 = EDGE_CURVE ( 'NONE', #1134, #763, #1457, .T. ) ;
#888 = FACE_OUTER_BOUND ( 'NONE', #1012, .T. ) ;
#889 = ORIENTED_EDGE ( 'NONE', *, *, #1120, .T. ) ;
#890 = CARTESIAN_POINT ( 'NONE',  ( -7.708203932499368527, 0.7999999999999999334, 2.140932538638538940 ) ) ;
#891 = AXIS2_PLACEMENT_3D ( 'NONE', #1480, #1069, #778 ) ;
#892 = ORIENTED_EDGE ( 'NONE', *, *, #520, .T. ) ;
#893 = VECTOR ( 'NONE', #510, 1000.000000000000000 ) ;
#894 = ORIENTED_EDGE ( 'NONE', *, *, #1678, .F. ) ;
#895 = LINE ( 'NONE', #903, #1504 ) ;
#896 = LINE ( 'NONE', #1674, #1388 ) ;
#897 = DIRECTION ( 'NONE',  ( 0.8660254037844387076, 0.000000000000000000, 0.5000000000000001110 ) ) ;
#898 = DIRECTION ( 'NONE',  ( 0.000000000000000000, 1.000000000000000000, 0.000000000000000000 ) ) ;
#899 = CARTESIAN_POINT ( 'NONE',  ( -1.985374379175268267, 1.199999999999999956, -5.939145044917934158 ) ) ;
#900 = ADVANCED_FACE ( 'NONE', ( #397 ), #590, .F. ) ;
#901 = ORIENTED_EDGE ( 'NONE', *, *, #170, .F. ) ;
#902 = ORIENTED_EDGE ( 'NONE', *, *, #666, .T. ) ;
#903 = CARTESIAN_POINT ( 'NONE',  ( -3.799207111051019492, 1.199999999999999956, -4.891928228904490084 ) ) ;
#904 = AXIS2_PLACEMENT_3D ( 'NONE', #446, #1165, #1765 ) ;
#905 = ADVANCED_FACE ( 'NONE', ( #123 ), #1161, .F. ) ;
#906 = APPLICATION_CONTEXT ( 'automotive_design' ) ;
#907 = DIRECTION ( 'NONE',  ( 0.000000000000000000, 1.000000000000000000, 0.000000000000000000 ) ) ;
#908 = DIRECTION ( 'NONE',  ( 1.043274026900804828E-16, 0.000000000000000000, 1.000000000000000000 ) ) ;
#909 = VERTEX_POINT ( 'NONE', #420 ) ;
#910 = ORIENTED_EDGE ( 'NONE', *, *, #385, .T. ) ;
#911 = ORIENTED_EDGE ( 'NONE', *, *, #1084, .F. ) ;
#912 = CARTESIAN_POINT ( 'NONE',  ( 5.945454896225562775E-16, -12.93153950114235506, -4.854832348694350763 ) ) ;
#913 = CARTESIAN_POINT ( 'NONE',  ( -1.985374379175191883, 0.7999999999999999334, 5.939145044917966132 ) ) ;
#914 = CARTESIAN_POINT ( 'NONE',  ( 0.000000000000000000, 0.7999999999999999334, 0.000000000000000000 ) ) ;
#915 = CARTESIAN_POINT ( 'NONE',  ( 0.2889417060313254626, 0.7999999999999999334, 6.340168333399120115 ) ) ;
#916 = VERTEX_POINT ( 'NONE', #245 ) ;
#917 = ORIENTED_EDGE ( 'NONE', *, *, #1843, .F. ) ;
#918 = ORIENTED_EDGE ( 'NONE', *, *, #1416, .T. ) ;
#919 = CARTESIAN_POINT ( 'NONE',  ( -3.799207111051019492, 0.7999999999999999334, -4.891928228904490084 ) ) ;
#920 = CARTESIAN_POINT ( 'NONE',  ( -3.166435318698658019, 0.7999999999999999334, 7.346678662667757820 ) ) ;
#921 = CARTESIAN_POINT ( 'NONE',  ( -3.799207111050955543, 0.7999999999999999334, 4.891928228904545151 ) ) ;
#922 = CARTESIAN_POINT ( 'NONE',  ( -5.283661508988076960, 0.7999999999999999334, 3.122824367120710320 ) ) ;
#923 = EDGE_CURVE ( 'NONE', #1800, #1819, #989, .T. ) ;
#924 = EDGE_CURVE ( 'NONE', #323, #588, #267, .T. ) ;
#925 = ORIENTED_EDGE ( 'NONE', *, *, #1760, .T. ) ;
#926 = EDGE_LOOP ( 'NONE', ( #364, #652, #1839, #945 ) ) ;
#927 = CARTESIAN_POINT ( 'NONE',  ( -3.469828777112403007, 0.7999999999999999334, -7.708248906701753889 ) ) ;
#928 = LINE ( 'NONE', #147, #1578 ) ;
#929 = CARTESIAN_POINT ( 'NONE',  ( 0.8660254037844387076, -2.899999999999999911, -1.500000000000000222 ) ) ;
#930 = MECHANICAL_DESIGN_GEOMETRIC_PRESENTATION_REPRESENTATION (  '', ( #1897 ), #81 ) ;
#931 = CARTESIAN_POINT ( 'NONE',  ( -1.782548876857001474, 1.199999999999999956, -0.6487947323005961442 ) ) ;
#932 = EDGE_CURVE ( 'NONE', #1471, #964, #550, .T. ) ;
#933 = VERTEX_POINT ( 'NONE', #1616 ) ;
#934 = ORIENTED_EDGE ( 'NONE', *, *, #923, .T. ) ;
#935 = DIRECTION ( 'NONE',  ( 0.000000000000000000, 1.000000000000000000, 0.000000000000000000 ) ) ;
#936 = DIRECTION ( 'NONE',  ( 9.103828801926283631E-15, -0.000000000000000000, 1.000000000000000000 ) ) ;
#937 = DIRECTION ( 'NONE',  ( 9.103828801926283631E-15, 0.000000000000000000, 1.000000000000000000 ) ) ;
#938 = PLANE ( 'NONE',  #861 ) ;
#939 = VECTOR ( 'NONE', #751, 1000.000000000000000 ) ;
#940 = EDGE_CURVE ( 'NONE', #598, #942, #1466, .T. ) ;
#941 = CYLINDRICAL_SURFACE ( 'NONE', #370, 4.854832348694350763 ) ;
#942 = VERTEX_POINT ( 'NONE', #843 ) ;
#943 = AXIS2_PLACEMENT_3D ( 'NONE', #944, #954, #789 ) ;
#944 = CARTESIAN_POINT ( 'NONE',  ( 0.000000000000000000, 1.199999999999999956, 0.000000000000000000 ) ) ;
#945 = ORIENTED_EDGE ( 'NONE', *, *, #20, .T. ) ;
#946 = CARTESIAN_POINT ( 'NONE',  ( -7.708203932499369415, 1.199999999999999956, 2.140932538638538940 ) ) ;
#947 = LINE ( 'NONE', #792, #1279 ) ;
#948 = VERTEX_POINT ( 'NONE', #1606 ) ;
#949 = CARTESIAN_POINT ( 'NONE',  ( 0.2889417060312441943, 0.7999999999999999334, -6.340168333399118339 ) ) ;
#950 = DIRECTION ( 'NONE',  ( -1.000000000000000000, 0.000000000000000000, 4.829470157119430162E-15 ) ) ;
#951 = EDGE_CURVE ( 'NONE', #260, #1749, #1598, .T. ) ;
#952 = CARTESIAN_POINT ( 'NONE',  ( 6.487693860267890855, 0.7999999999999999334, 1.047216816013384788 ) ) ;
#953 = AXIS2_PLACEMENT_3D ( 'NONE', #965, #1873, #1555 ) ;
#954 = DIRECTION ( 'NONE',  ( 0.000000000000000000, 1.000000000000000000, 0.000000000000000000 ) ) ;
#955 = CIRCLE ( 'NONE', #1113, 8.000000000000000000 ) ;
#956 = ORIENTED_EDGE ( 'NONE', *, *, #1736, .F. ) ;
#957 = CARTESIAN_POINT ( 'NONE',  ( 0.000000000000000000, -12.93153950114235506, 0.000000000000000000 ) ) ;
#958 = DIRECTION ( 'NONE',  ( -0.6427876096865337008, 0.000000000000000000, 0.7660444431189827874 ) ) ;
#959 = VECTOR ( 'NONE', #860, 999.9999999999998863 ) ;
#960 = VERTEX_POINT ( 'NONE', #92 ) ;
#961 = CYLINDRICAL_SURFACE ( 'NONE', #583, 2.654832348694351030 ) ;
#962 = PLANE ( 'NONE',  #1808 ) ;
#963 = AXIS2_PLACEMENT_3D ( 'NONE', #542, #246, #1136 ) ;
#964 = VERTEX_POINT ( 'NONE', #1751 ) ;
#965 = CARTESIAN_POINT ( 'NONE',  ( 0.000000000000000000, 0.7999999999999999334, 0.000000000000000000 ) ) ;
#966 = CARTESIAN_POINT ( 'NONE',  ( 0.1936727294296314572, 0.7999999999999999334, 0.2308101710852910604 ) ) ;
#967 = AXIS2_PLACEMENT_3D ( 'NONE', #1420, #1255, #511 ) ;
#968 = VERTEX_POINT ( 'NONE', #578 ) ;
#969 = FACE_OUTER_BOUND ( 'NONE', #750, .T. ) ;
#970 = CARTESIAN_POINT ( 'NONE',  ( 2.143131898507868297E-16, -2.899999999999999911, -1.750000000000000000 ) ) ;
#971 = VECTOR ( 'NONE', #1163, 1000.000000000000227 ) ;
#972 = EDGE_CURVE ( 'NONE', #1103, #1386, #996, .T. ) ;
#973 = ADVANCED_FACE ( 'NONE', ( #1773 ), #1328, .T. ) ;
#974 = VERTEX_POINT ( 'NONE', #701 ) ;
#975 = CARTESIAN_POINT ( 'NONE',  ( 2.351556185020803103, 0.7999999999999999334, -5.976473749953345127 ) ) ;
#976 = DIRECTION ( 'NONE',  ( -0.000000000000000000, -1.000000000000000000, -0.000000000000000000 ) ) ;
#977 = ORIENTED_EDGE ( 'NONE', *, *, #378, .F. ) ;
#978 = VERTEX_POINT ( 'NONE', #1029 ) ;
#979 = PLANE ( 'NONE',  #1000 ) ;
#980 = CARTESIAN_POINT ( 'NONE',  ( -1.039230484541326716, -3.499999999999999556, 1.134835864421784157E-16 ) ) ;
#981 = EDGE_CURVE ( 'NONE', #558, #89, #285, .T. ) ;
#982 = VECTOR ( 'NONE', #25, 1000.000000000000000 ) ;
#983 = EDGE_CURVE ( 'NONE', #71, #152, #1743, .T. ) ;
#984 = PLANE ( 'NONE',  #301 ) ;
#985 = CARTESIAN_POINT ( 'NONE',  ( 0.000000000000000000, 0.7999999999999999334, 0.000000000000000000 ) ) ;
#986 = EDGE_LOOP ( 'NONE', ( #512, #676 ) ) ;
#987 = EDGE_LOOP ( 'NONE', ( #412, #1260, #917, #749 ) ) ;
#988 = SURFACE_SIDE_STYLE ('',( #1862 ) ) ;
#989 = LINE ( 'NONE', #1005, #1804 ) ;
#990 = CARTESIAN_POINT ( 'NONE',  ( -0.5196152422706635798, -3.499999999999999556, -1.500000000000000000 ) ) ;
#991 = DIRECTION ( 'NONE',  ( 0.8660254037844339337, 0.000000000000000000, -0.5000000000000081046 ) ) ;
#992 = CARTESIAN_POINT ( 'NONE',  ( 6.685220383092353558, 0.7999999999999999334, 4.394067412942879614 ) ) ;
#993 = ORIENTED_EDGE ( 'NONE', *, *, #493, .T. ) ;
#994 = ORIENTED_EDGE ( 'NONE', *, *, #1429, .F. ) ;
#995 = DIRECTION ( 'NONE',  ( 0.000000000000000000, 0.000000000000000000, 1.000000000000000000 ) ) ;
#996 = LINE ( 'NONE', #1628, #772 ) ;
#997 = FACE_OUTER_BOUND ( 'NONE', #1699, .T. ) ;
#998 = EDGE_CURVE ( 'NONE', #418, #1756, #884, .T. ) ;
#999 =( NAMED_UNIT ( * ) PLANE_ANGLE_UNIT ( ) SI_UNIT ( $, .RADIAN. ) );
#1000 = AXIS2_PLACEMENT_3D ( 'NONE', #833, #73, #1432 ) ;
#1001 = PLANE ( 'NONE',  #1652 ) ;
#1002 = ORIENTED_EDGE ( 'NONE', *, *, #1368, .T. ) ;
#1003 = VERTEX_POINT ( 'NONE', #1733 ) ;
#1004 = CARTESIAN_POINT ( 'NONE',  ( -7.211730137151382891, 1.199999999999999956, -3.462794886923353133 ) ) ;
#1005 = CARTESIAN_POINT ( 'NONE',  ( 0.000000000000000000, -2.899999999999999911, 1.750000000000000000 ) ) ;
#1006 = EDGE_CURVE ( 'NONE', #30, #418, #1501, .T. ) ;
#1007 = DIRECTION ( 'NONE',  ( -1.000000000000000000, 0.000000000000000000, 0.000000000000000000 ) ) ;
#1008 = EDGE_CURVE ( 'NONE', #457, #565, #1031, .T. ) ;
#1009 = CARTESIAN_POINT ( 'NONE',  ( 0.5196152422706632468, -7.900000000000000355, -0.9000000000000002442 ) ) ;
#1010 = CARTESIAN_POINT ( 'NONE',  ( 2.351556185020788003, 1.199999999999999956, -7.646579856948495291 ) ) ;
#1011 = ADVANCED_FACE ( 'NONE', ( #126 ), #614, .F. ) ;
#1012 = EDGE_LOOP ( 'NONE', ( #1002, #1922, #174, #1342 ) ) ;
#1013 = VERTEX_POINT ( 'NONE', #746 ) ;
#1014 = PLANE ( 'NONE',  #347 ) ;
#1015 = DIRECTION ( 'NONE',  ( 0.000000000000000000, 0.000000000000000000, -1.000000000000000000 ) ) ;
#1016 = AXIS2_PLACEMENT_3D ( 'NONE', #1815, #195, #1676 ) ;
#1017 = CARTESIAN_POINT ( 'NONE',  ( 2.351556185020892809, 1.199999999999999956, 7.646579856948465093 ) ) ;
#1018 = DIRECTION ( 'NONE',  ( 0.000000000000000000, 0.000000000000000000, 1.000000000000000000 ) ) ;
#1019 = AXIS2_PLACEMENT_3D ( 'NONE', #276, #908, #762 ) ;
#1020 = VECTOR ( 'NONE', #1927, 1000.000000000000000 ) ;
#1021 = ADVANCED_FACE ( 'NONE', ( #1469 ), #1331, .F. ) ;
#1022 = FILL_AREA_STYLE_COLOUR ( '', #433 ) ;
#1023 = ORIENTED_EDGE ( 'NONE', *, *, #527, .T. ) ;
#1024 = CIRCLE ( 'NONE', #1403, 2.654832348694351030 ) ;
#1025 = DIRECTION ( 'NONE',  ( 0.8660254037844387076, 0.000000000000000000, -0.4999999999999999445 ) ) ;
#1026 = ORIENTED_EDGE ( 'NONE', *, *, #983, .F. ) ;
#1027 = VERTEX_POINT ( 'NONE', #138 ) ;
#1028 = CARTESIAN_POINT ( 'NONE',  ( -6.000000000000000000, 0.7999999999999999334, 1.154700538379251684 ) ) ;
#1029 = CARTESIAN_POINT ( 'NONE',  ( 0.8755788882310159282, 0.7999999999999999334, 7.951940744905242830 ) ) ;
#1030 = CARTESIAN_POINT ( 'NONE',  ( 0.3515561850208578920, 0.7999999999999999334, 0.2029710580570712186 ) ) ;
#1031 = LINE ( 'NONE', #1632, #1363 ) ;
#1032 = AXIS2_PLACEMENT_3D ( 'NONE', #1860, #519, #56 ) ;
#1033 = ORIENTED_EDGE ( 'NONE', *, *, #1283, .F. ) ;
#1034 = DIRECTION ( 'NONE',  ( -0.000000000000000000, 1.000000000000000000, -0.000000000000000000 ) ) ;
#1035 = EDGE_CURVE ( 'NONE', #1134, #978, #955, .T. ) ;
#1036 = ORIENTED_EDGE ( 'NONE', *, *, #643, .F. ) ;
#1037 = ORIENTED_EDGE ( 'NONE', *, *, #106, .F. ) ;
#1038 = FACE_OUTER_BOUND ( 'NONE', #1232, .T. ) ;
#1039 = DIRECTION ( 'NONE',  ( 0.000000000000000000, 0.000000000000000000, -1.000000000000000000 ) ) ;
#1040 = CARTESIAN_POINT ( 'NONE',  ( 0.000000000000000000, 0.7999999999999999334, 0.000000000000000000 ) ) ;
#1041 = CARTESIAN_POINT ( 'NONE',  ( 0.2889417060313254626, 0.7999999999999999334, 6.340168333399120115 ) ) ;
#1042 = ADVANCED_FACE ( 'NONE', ( #150 ), #1618, .T. ) ;
#1043 = ORIENTED_EDGE ( 'NONE', *, *, #281, .T. ) ;
#1044 = ADVANCED_FACE ( 'NONE', ( #1795 ), #455, .F. ) ;
#1045 = DIRECTION ( 'NONE',  ( -0.000000000000000000, 1.000000000000000000, -0.000000000000000000 ) ) ;
#1046 = ORIENTED_EDGE ( 'NONE', *, *, #1473, .F. ) ;
#1047 = VECTOR ( 'NONE', #470, 1000.000000000000227 ) ;
#1048 = VERTEX_POINT ( 'NONE', #1929 ) ;
#1049 = DIRECTION ( 'NONE',  ( 0.000000000000000000, 1.000000000000000000, 0.000000000000000000 ) ) ;
#1050 = CARTESIAN_POINT ( 'NONE',  ( -1.039230484541326716, -3.499999999999999556, 1.200000000000000622 ) ) ;
#1051 = DIRECTION ( 'NONE',  ( 0.000000000000000000, 0.000000000000000000, 1.000000000000000000 ) ) ;
#1052 = DIRECTION ( 'NONE',  ( 0.000000000000000000, 1.000000000000000000, 0.000000000000000000 ) ) ;
#1053 = AXIS2_PLACEMENT_3D ( 'NONE', #1747, #1278, #1874 ) ;
#1054 = ORIENTED_EDGE ( 'NONE', *, *, #1162, .F. ) ;
#1055 = ORIENTED_EDGE ( 'NONE', *, *, #1552, .F. ) ;
#1056 = ORIENTED_EDGE ( 'NONE', *, *, #1276, .F. ) ;
#1057 = PLANE ( 'NONE',  #1138 ) ;
#1058 = CARTESIAN_POINT ( 'NONE',  ( 0.2889417060312441943, 0.7999999999999999334, -6.340168333399118339 ) ) ;
#1059 = CIRCLE ( 'NONE', #1148, 8.000000000000000000 ) ;
#1060 = VECTOR ( 'NONE', #104, 1000.000000000000000 ) ;
#1061 = DIRECTION ( 'NONE',  ( 0.5000000000000000000, 0.000000000000000000, -0.8660254037844385966 ) ) ;
#1062 = LINE ( 'NONE', #318, #863 ) ;
#1063 = EDGE_CURVE ( 'NONE', #1125, #916, #754, .T. ) ;
#1064 = ORIENTED_EDGE ( 'NONE', *, *, #349, .F. ) ;
#1065 = ORIENTED_EDGE ( 'NONE', *, *, #1776, .F. ) ;
#1066 = ORIENTED_EDGE ( 'NONE', *, *, #1796, .F. ) ;
#1067 = DIRECTION ( 'NONE',  ( -0.9848077530122062440, 0.000000000000000000, 0.1736481776669404620 ) ) ;
#1068 = LINE ( 'NONE', #1823, #298 ) ;
#1069 = DIRECTION ( 'NONE',  ( -0.9396926207859058744, 0.000000000000000000, 0.3420201433256757628 ) ) ;
#1070 = LINE ( 'NONE', #344, #172 ) ;
#1071 = EDGE_CURVE ( 'NONE', #22, #565, #1769, .T. ) ;
#1072 = ADVANCED_FACE ( 'NONE', ( #593 ), #1658, .T. ) ;
#1073 = ADVANCED_FACE ( 'NONE', ( #888 ), #1481, .T. ) ;
#1074 = CIRCLE ( 'NONE', #817, 8.000000000000000000 ) ;
#1075 = ORIENTED_EDGE ( 'NONE', *, *, #839, .T. ) ;
#1076 = EDGE_CURVE ( 'NONE', #960, #858, #603, .T. ) ;
#1077 = ORIENTED_EDGE ( 'NONE', *, *, #143, .T. ) ;
#1078 = DIRECTION ( 'NONE',  ( 0.000000000000000000, -0.000000000000000000, -1.000000000000000000 ) ) ;
#1079 = AXIS2_PLACEMENT_3D ( 'NONE', #1664, #1339, #176 ) ;
#1080 = CYLINDRICAL_SURFACE ( 'NONE', #826, 0.5999999999999999778 ) ;
#1081 = AXIS2_PLACEMENT_3D ( 'NONE', #296, #1465, #577 ) ;
#1082 = CARTESIAN_POINT ( 'NONE',  ( -0.5196152422706638019, -3.148528137423856954, 0.9000000000000005773 ) ) ;
#1083 = DIRECTION ( 'NONE',  ( -0.000000000000000000, 1.000000000000000000, -0.000000000000000000 ) ) ;
#1084 = EDGE_CURVE ( 'NONE', #558, #121, #1865, .T. ) ;
#1085 = VERTEX_POINT ( 'NONE', #1649 ) ;
#1086 = UNCERTAINTY_MEASURE_WITH_UNIT (LENGTH_MEASURE( 1.000000000000000082E-05 ), #689, 'distance_accuracy_value', 'NONE');
#1087 = ORIENTED_EDGE ( 'NONE', *, *, #1762, .T. ) ;
#1088 = CARTESIAN_POINT ( 'NONE',  ( 5.697832172998464451, 0.7999999999999999334, -3.217343966278456424 ) ) ;
#1089 = CARTESIAN_POINT ( 'NONE',  ( 2.351556185020857725, 1.199999999999999956, -2.140816492654077972E-14 ) ) ;
#1090 = DIRECTION ( 'NONE',  ( 0.000000000000000000, 0.000000000000000000, 1.000000000000000000 ) ) ;
#1091 = CARTESIAN_POINT ( 'NONE',  ( -5.283661508988117816, 1.199999999999999956, -3.122824367120635269 ) ) ;
#1092 = DIRECTION ( 'NONE',  ( -0.000000000000000000, 1.000000000000000000, -0.000000000000000000 ) ) ;
#1093 = ORIENTED_EDGE ( 'NONE', *, *, #288, .F. ) ;
#1094 = ORIENTED_EDGE ( 'NONE', *, *, #735, .F. ) ;
#1095 = VERTEX_POINT ( 'NONE', #309 ) ;
#1096 = DIRECTION ( 'NONE',  ( 0.000000000000000000, 1.000000000000000000, 0.000000000000000000 ) ) ;
#1097 = DIRECTION ( 'NONE',  ( -0.000000000000000000, -1.000000000000000000, -0.000000000000000000 ) ) ;
#1098 = EDGE_LOOP ( 'NONE', ( #441, #531 ) ) ;
#1099 = CARTESIAN_POINT ( 'NONE',  ( -5.283661508988117816, 0.7999999999999999334, -3.122824367120635269 ) ) ;
#1100 = DIRECTION ( 'NONE',  ( 0.6427876096865300370, 0.000000000000000000, -0.7660444431189858960 ) ) ;
#1101 = CIRCLE ( 'NONE', #160, 8.000000000000000000 ) ;
#1102 = LINE ( 'NONE', #665, #94 ) ;
#1103 = VERTEX_POINT ( 'NONE', #915 ) ;
#1104 = ORIENTED_EDGE ( 'NONE', *, *, #436, .F. ) ;
#1105 = ORIENTED_EDGE ( 'NONE', *, *, #106, .T. ) ;
#1106 = DIRECTION ( 'NONE',  ( -0.000000000000000000, 1.000000000000000000, -0.000000000000000000 ) ) ;
#1107 = CARTESIAN_POINT ( 'NONE',  ( 0.000000000000000000, -12.93153950114235506, 2.654832348694351030 ) ) ;
#1108 = ORIENTED_EDGE ( 'NONE', *, *, #1619, .F. ) ;
#1109 = CARTESIAN_POINT ( 'NONE',  ( -3.166435318698758827, 1.199999999999999956, -7.346678662667716964 ) ) ;
#1110 = CARTESIAN_POINT ( 'NONE',  ( 0.000000000000000000, 0.000000000000000000, -8.000000000000000000 ) ) ;
#1111 = VECTOR ( 'NONE', #537, 1000.000000000000227 ) ;
#1112 = VECTOR ( 'NONE', #633, 1000.000000000000000 ) ;
#1113 = AXIS2_PLACEMENT_3D ( 'NONE', #1320, #898, #1018 ) ;
#1114 = ORIENTED_EDGE ( 'NONE', *, *, #1921, .F. ) ;
#1115 = CARTESIAN_POINT ( 'NONE',  ( 0.2889417060312441943, 1.199999999999999956, -6.340168333399118339 ) ) ;
#1116 = LINE ( 'NONE', #501, #439 ) ;
#1117 = ORIENTED_EDGE ( 'NONE', *, *, #998, .F. ) ;
#1118 = DIRECTION ( 'NONE',  ( 0.000000000000000000, 0.000000000000000000, -1.000000000000000000 ) ) ;
#1119 = CARTESIAN_POINT ( 'NONE',  ( 4.351556185020880818, 0.7999999999999999334, 4.821773211574059026 ) ) ;
#1120 = EDGE_CURVE ( 'NONE', #1336, #64, #1062, .T. ) ;
#1121 = ORIENTED_EDGE ( 'NONE', *, *, #1076, .F. ) ;
#1122 = DIRECTION ( 'NONE',  ( -0.9848077530122077983, 0.000000000000000000, 0.1736481776669320243 ) ) ;
#1123 = LINE ( 'NONE', #1089, #1124 ) ;
#1124 = VECTOR ( 'NONE', #936, 1000.000000000000000 ) ;
#1125 = VERTEX_POINT ( 'NONE', #721 ) ;
#1126 = CARTESIAN_POINT ( 'NONE',  ( 0.05483234869434777670, 0.7999999999999999334, 0.1506506398933845081 ) ) ;
#1127 = CARTESIAN_POINT ( 'NONE',  ( 6.487693860267890855, 1.199999999999999956, 1.047216816013384788 ) ) ;
#1128 = EDGE_CURVE ( 'NONE', #1179, #541, #1310, .T. ) ;
#1129 = AXIS2_PLACEMENT_3D ( 'NONE', #875, #690, #124 ) ;
#1130 = VECTOR ( 'NONE', #345, 1000.000000000000000 ) ;
#1131 = CARTESIAN_POINT ( 'NONE',  ( 0.000000000000000000, 0.8000000000000003775, 0.000000000000000000 ) ) ;
#1132 = CARTESIAN_POINT ( 'NONE',  ( -0.5196152422706634688, -7.900000000000000355, -0.9000000000000001332 ) ) ;
#1133 = EDGE_LOOP ( 'NONE', ( #672, #594, #1757, #429, #1354, #659 ) ) ;
#1134 = VERTEX_POINT ( 'NONE', #624 ) ;
#1135 = CARTESIAN_POINT ( 'NONE',  ( 0.000000000000000000, 1.199999999999999956, 0.000000000000000000 ) ) ;
#1136 = DIRECTION ( 'NONE',  ( 0.000000000000000000, -0.000000000000000000, 1.000000000000000000 ) ) ;
#1137 = AXIS2_PLACEMENT_3D ( 'NONE', #1401, #1246, #937 ) ;
#1138 = AXIS2_PLACEMENT_3D ( 'NONE', #12, #1655, #479 ) ;
#1139 = CARTESIAN_POINT ( 'NONE',  ( 5.697832172998464451, 0.7999999999999999334, -3.217343966278456424 ) ) ;
#1140 = DIRECTION ( 'NONE',  ( -0.3420201433256713219, 0.000000000000000000, -0.9396926207859074287 ) ) ;
#1141 = ORIENTED_EDGE ( 'NONE', *, *, #281, .F. ) ;
#1142 = PRODUCT ( '轮子1.8-2.9', '轮子1.8-2.9', '', ( #1332 ) ) ;
#1143 = EDGE_LOOP ( 'NONE', ( #892, #1662, #52, #1223 ) ) ;
#1144 = EDGE_CURVE ( 'NONE', #1386, #110, #654, .T. ) ;
#1145 = FILL_AREA_STYLE_COLOUR ( '', #1707 ) ;
#1146 = CARTESIAN_POINT ( 'NONE',  ( -1.985374379175267823, 0.7999999999999999334, -5.939145044917935046 ) ) ;
#1147 = CARTESIAN_POINT ( 'NONE',  ( 1.039230484541326271, -7.900000000000000355, 3.313793313479244545E-16 ) ) ;
#1148 = AXIS2_PLACEMENT_3D ( 'NONE', #844, #1735, #551 ) ;
#1149 = CARTESIAN_POINT ( 'NONE',  ( 0.000000000000000000, 0.7999999999999999334, 0.000000000000000000 ) ) ;
#1150 = DIRECTION ( 'NONE',  ( 0.6427876096865300370, 0.000000000000000000, -0.7660444431189858960 ) ) ;
#1151 = ORIENTED_EDGE ( 'NONE', *, *, #834, .F. ) ;
#1152 = EDGE_CURVE ( 'NONE', #1932, #402, #482, .T. ) ;
#1153 = EDGE_LOOP ( 'NONE', ( #1395, #1635, #346, #1407 ) ) ;
#1154 = CARTESIAN_POINT ( 'NONE',  ( -4.440676641945078273, 0.7999999999999999334, -6.654351280303994365 ) ) ;
#1155 = DIRECTION ( 'NONE',  ( -0.000000000000000000, -1.000000000000000000, -0.000000000000000000 ) ) ;
#1156 = DIRECTION ( 'NONE',  ( 0.000000000000000000, 0.000000000000000000, 1.000000000000000000 ) ) ;
#1157 = DIRECTION ( 'NONE',  ( 0.000000000000000000, 1.000000000000000000, 0.000000000000000000 ) ) ;
#1158 = VERTEX_POINT ( 'NONE', #1109 ) ;
#1159 = ORIENTED_EDGE ( 'NONE', *, *, #1875, .T. ) ;
#1160 = DIRECTION ( 'NONE',  ( -0.3420201433256803147, 0.000000000000000000, -0.9396926207859042091 ) ) ;
#1161 = PLANE ( 'NONE',  #864 ) ;
#1162 = EDGE_CURVE ( 'NONE', #1720, #499, #1537, .T. ) ;
#1163 = DIRECTION ( 'NONE',  ( -0.6427876096865369204, 0.000000000000000000, 0.7660444431189800119 ) ) ;
#1164 = CARTESIAN_POINT ( 'NONE',  ( 0.5196152422706632468, -7.900000000000000355, -0.9000000000000002442 ) ) ;
#1165 = DIRECTION ( 'NONE',  ( 0.000000000000000000, 0.000000000000000000, 1.000000000000000000 ) ) ;
#1166 = AXIS2_PLACEMENT_3D ( 'NONE', #79, #685, #1441 ) ;
#1167 = DIRECTION ( 'NONE',  ( 0.3420201433256757073, 0.000000000000000000, 0.9396926207859057634 ) ) ;
#1168 = ORIENTED_EDGE ( 'NONE', *, *, #113, .T. ) ;
#1169 = ORIENTED_EDGE ( 'NONE', *, *, #74, .T. ) ;
#1170 = CARTESIAN_POINT ( 'NONE',  ( -3.799207111051019492, 0.7999999999999999334, -4.891928228904490084 ) ) ;
#1171 = DIRECTION ( 'NONE',  ( -0.9848077530122086864, 0.000000000000000000, -0.1736481776669273613 ) ) ;
#1172 = VECTOR ( 'NONE', #168, 1000.000000000000114 ) ;
#1173 = PLANE ( 'NONE',  #963 ) ;
#1174 = DIRECTION ( 'NONE',  ( -0.4999999999999998890, 0.000000000000000000, -0.8660254037844387076 ) ) ;
#1175 = EDGE_CURVE ( 'NONE', #1749, #948, #1518, .T. ) ;
#1176 = ORIENTED_EDGE ( 'NONE', *, *, #1345, .T. ) ;
#1177 = EDGE_CURVE ( 'NONE', #1867, #1698, #642, .T. ) ;
#1178 = DIRECTION ( 'NONE',  ( -1.000000000000000000, 0.000000000000000000, 0.000000000000000000 ) ) ;
#1179 = VERTEX_POINT ( 'NONE', #787 ) ;
#1180 = ORIENTED_EDGE ( 'NONE', *, *, #1941, .T. ) ;
#1181 = DIRECTION ( 'NONE',  ( -0.9848077530122076872, 0.000000000000000000, 0.1736481776669319410 ) ) ;
#1182 = CARTESIAN_POINT ( 'NONE',  ( 0.8660254037844381525, -2.899999999999999911, 1.500000000000000444 ) ) ;
#1183 = EDGE_CURVE ( 'NONE', #1125, #1095, #1528, .T. ) ;
#1184 = DIRECTION ( 'NONE',  ( 0.000000000000000000, 1.000000000000000000, 0.000000000000000000 ) ) ;
#1185 = DIRECTION ( 'NONE',  ( 0.000000000000000000, 0.000000000000000000, 1.000000000000000000 ) ) ;
#1186 = EDGE_CURVE ( 'NONE', #1603, #1367, #1704, .T. ) ;
#1187 = SURFACE_STYLE_FILL_AREA ( #424 ) ;
#1188 = ORIENTED_EDGE ( 'NONE', *, *, #1221, .T. ) ;
#1189 = AXIS2_PLACEMENT_3D ( 'NONE', #100, #709, #1299 ) ;
#1190 = CARTESIAN_POINT ( 'NONE',  ( 5.945454896225562775E-16, 1.199999999999999956, -4.854832348694350763 ) ) ;
#1191 = EDGE_LOOP ( 'NONE', ( #1087, #371, #1430, #1493 ) ) ;
#1192 = ORIENTED_EDGE ( 'NONE', *, *, #972, .T. ) ;
#1193 = DIRECTION ( 'NONE',  ( 4.773959005888172335E-15, 0.000000000000000000, 1.000000000000000000 ) ) ;
#1194 = FACE_OUTER_BOUND ( 'NONE', #1858, .T. ) ;
#1195 = PLANE ( 'NONE',  #289 ) ;
#1196 = CARTESIAN_POINT ( 'NONE',  ( 0.000000000000000000, 0.7999999999999999334, 0.000000000000000000 ) ) ;
#1197 = ORIENTED_EDGE ( 'NONE', *, *, #1669, .F. ) ;
#1198 = CARTESIAN_POINT ( 'NONE',  ( -0.5196152422706634688, -3.499999999999999556, 0.9000000000000004663 ) ) ;
#1199 = ORIENTED_EDGE ( 'NONE', *, *, #1529, .T. ) ;
#1200 = AXIS2_PLACEMENT_3D ( 'NONE', #1755, #1025, #1778 ) ;
#1201 = VERTEX_POINT ( 'NONE', #188 ) ;
#1202 = LINE ( 'NONE', #1004, #1440 ) ;
#1203 = LINE ( 'NONE', #1803, #390 ) ;
#1204 = ADVANCED_FACE ( 'NONE', ( #779 ), #938, .F. ) ;
#1205 = LINE ( 'NONE', #745, #885 ) ;
#1206 = CARTESIAN_POINT ( 'NONE',  ( 0.000000000000000000, 1.199999999999999956, 0.000000000000000000 ) ) ;
#1207 =( BOUNDED_CURVE ( )  B_SPLINE_CURVE ( 3, ( #1249, #368, #1259, #980 ),
 .UNSPECIFIED., .F., .F. ) 
 B_SPLINE_CURVE_WITH_KNOTS ( ( 4, 4 ),
 ( 4.712388980384689674, 6.283185307179586232 ),
 .UNSPECIFIED. ) 
 CURVE ( )  GEOMETRIC_REPRESENTATION_ITEM ( )  RATIONAL_B_SPLINE_CURVE ( ( 1.000000000000000000, 0.8047378541243649375, 0.8047378541243649375, 1.000000000000000000 ) ) 
 REPRESENTATION_ITEM ( '' )  );
#1208 = VECTOR ( 'NONE', #1174, 1000.000000000000000 ) ;
#1209 = VECTOR ( 'NONE', #1155, 1000.000000000000000 ) ;
#1210 = ORIENTED_EDGE ( 'NONE', *, *, #1251, .T. ) ;
#1211 = ADVANCED_FACE ( 'NONE', ( #17, #1372 ), #1379, .T. ) ;
#1212 = EDGE_CURVE ( 'NONE', #1367, #1514, #1835, .T. ) ;
#1213 = ORIENTED_EDGE ( 'NONE', *, *, #1678, .T. ) ;
#1214 = ORIENTED_EDGE ( 'NONE', *, *, #696, .T. ) ;
#1215 = CARTESIAN_POINT ( 'NONE',  ( -7.211730137151334041, 1.199999999999999956, 3.462794886923452609 ) ) ;
#1216 = FACE_OUTER_BOUND ( 'NONE', #154, .T. ) ;
#1217 = PRESENTATION_LAYER_ASSIGNMENT (  '', '', ( #1897 ) ) ;
#1218 = CARTESIAN_POINT ( 'NONE',  ( 2.351556185020884371, 0.7999999999999999334, 5.976473749953321146 ) ) ;
#1219 = CARTESIAN_POINT ( 'NONE',  ( -0.5196152422706634688, -7.900000000000000355, 0.9000000000000004663 ) ) ;
#1220 = ORIENTED_EDGE ( 'NONE', *, *, #1736, .T. ) ;
#1221 = EDGE_CURVE ( 'NONE', #858, #418, #492, .T. ) ;
#1222 = VECTOR ( 'NONE', #47, 1000.000000000000000 ) ;
#1223 = ORIENTED_EDGE ( 'NONE', *, *, #1620, .F. ) ;
#1224 = ORIENTED_EDGE ( 'NONE', *, *, #1880, .F. ) ;
#1225 = DIRECTION ( 'NONE',  ( 0.000000000000000000, 1.000000000000000000, 0.000000000000000000 ) ) ;
#1226 = LINE ( 'NONE', #490, #280 ) ;
#1227 = DIRECTION ( 'NONE',  ( -0.6427876096865369204, 0.000000000000000000, 0.7660444431189800119 ) ) ;
#1228 = DIRECTION ( 'NONE',  ( 1.000000000000000000, 0.000000000000000000, -1.043274026900804828E-16 ) ) ;
#1229 = VECTOR ( 'NONE', #464, 1000.000000000000000 ) ;
#1230 = ADVANCED_FACE ( 'NONE', ( #356 ), #504, .F. ) ;
#1231 = ORIENTED_EDGE ( 'NONE', *, *, #726, .F. ) ;
#1232 = EDGE_LOOP ( 'NONE', ( #1421, #956, #39, #977 ) ) ;
#1233 = DIRECTION ( 'NONE',  ( -0.8660254037844363761, 0.000000000000000000, 0.5000000000000039968 ) ) ;
#1234 = AXIS2_PLACEMENT_3D ( 'NONE', #913, #631, #1813 ) ;
#1235 = DIRECTION ( 'NONE',  ( 0.000000000000000000, 0.000000000000000000, 1.000000000000000000 ) ) ;
#1236 = CIRCLE ( 'NONE', #392, 2.654832348694351030 ) ;
#1237 = DIRECTION ( 'NONE',  ( 0.000000000000000000, 1.000000000000000000, 0.000000000000000000 ) ) ;
#1238 = DIRECTION ( 'NONE',  ( 0.9396926207859088720, 0.000000000000000000, 0.3420201433256675472 ) ) ;
#1239 = CARTESIAN_POINT ( 'NONE',  ( 0.8755788882309144538, 1.199999999999999956, -7.951940744905255265 ) ) ;
#1240 = ORIENTED_EDGE ( 'NONE', *, *, #1563, .F. ) ;
#1241 = VERTEX_POINT ( 'NONE', #36 ) ;
#1242 = ORIENTED_EDGE ( 'NONE', *, *, #1854, .T. ) ;
#1243 = CARTESIAN_POINT ( 'NONE',  ( 0.5196152422706628027, -7.900000000000000355, 0.9000000000000004663 ) ) ;
#1244 = CARTESIAN_POINT ( 'NONE',  ( 0.000000000000000000, 0.8000000000000003775, 0.000000000000000000 ) ) ;
#1245 = EDGE_LOOP ( 'NONE', ( #235, #584, #739, #68 ) ) ;
#1246 = DIRECTION ( 'NONE',  ( -1.000000000000000000, 0.000000000000000000, 9.103828801926283631E-15 ) ) ;
#1247 = FACE_OUTER_BOUND ( 'NONE', #225, .T. ) ;
#1248 = EDGE_CURVE ( 'NONE', #61, #608, #1825, .T. ) ;
#1249 = CARTESIAN_POINT ( 'NONE',  ( -1.732050807568877637, -2.899999999999999911, 3.303240209392793025E-16 ) ) ;
#1250 = EDGE_LOOP ( 'NONE', ( #1780, #1240, #755, #1902 ) ) ;
#1251 = EDGE_CURVE ( 'NONE', #1103, #402, #1070, .T. ) ;
#1252 = VERTEX_POINT ( 'NONE', #1666 ) ;
#1253 = ORIENTED_EDGE ( 'NONE', *, *, #1035, .F. ) ;
#1254 = CARTESIAN_POINT ( 'NONE',  ( 8.762009945474403594, 0.7999999999999999334, 0.6461935275322104877 ) ) ;
#1255 = DIRECTION ( 'NONE',  ( 0.9396926207859042091, 0.000000000000000000, -0.3420201433256802592 ) ) ;
#1256 = ORIENTED_EDGE ( 'NONE', *, *, #118, .T. ) ;
#1257 = DIRECTION ( 'NONE',  ( -0.3420201433256713219, 0.000000000000000000, -0.9396926207859074287 ) ) ;
#1258 = VECTOR ( 'NONE', #1647, 1000.000000000000000 ) ;
#1259 = CARTESIAN_POINT ( 'NONE',  ( -1.039230484541326716, -3.148528137423856954, -1.084202172485504434E-16 ) ) ;
#1260 = ORIENTED_EDGE ( 'NONE', *, *, #1916, .T. ) ;
#1261 = DIRECTION ( 'NONE',  ( 0.000000000000000000, 0.000000000000000000, 1.000000000000000000 ) ) ;
#1262 = CARTESIAN_POINT ( 'NONE',  ( -0.8660254037844388186, -2.899999999999999911, -1.500000000000000000 ) ) ;
#1263 = VERTEX_POINT ( 'NONE', #58 ) ;
#1264 = PRESENTATION_STYLE_ASSIGNMENT (( #1570 ) ) ;
#1265 = LINE ( 'NONE', #1127, #210 ) ;
#1266 = AXIS2_PLACEMENT_3D ( 'NONE', #1694, #365, #768 ) ;
#1267 = VECTOR ( 'NONE', #338, 1000.000000000000000 ) ;
#1268 = ORIENTED_EDGE ( 'NONE', *, *, #181, .F. ) ;
#1269 = LINE ( 'NONE', #86, #1111 ) ;
#1270 = CARTESIAN_POINT ( 'NONE',  ( 0.000000000000000000, 0.000000000000000000, 0.000000000000000000 ) ) ;
#1271 = ADVANCED_FACE ( 'NONE', ( #1247 ), #329, .F. ) ;
#1272 = ADVANCED_FACE ( 'NONE', ( #1856 ), #961, .T. ) ;
#1273 = VERTEX_POINT ( 'NONE', #1894 ) ;
#1274 = VECTOR ( 'NONE', #713, 1000.000000000000000 ) ;
#1275 = CARTESIAN_POINT ( 'NONE',  ( 0.3747125296810477346, 1.199999999999999956, 2.125100357163014486 ) ) ;
#1276 = EDGE_CURVE ( 'NONE', #1807, #576, #1580, .T. ) ;
#1277 = DIRECTION ( 'NONE',  ( 0.8660254037844432595, 0.000000000000000000, 0.4999999999999919509 ) ) ;
#1278 = DIRECTION ( 'NONE',  ( -0.000000000000000000, 0.000000000000000000, -1.000000000000000000 ) ) ;
#1279 = VECTOR ( 'NONE', #1722, 1000.000000000000000 ) ;
#1280 = ORIENTED_EDGE ( 'NONE', *, *, #1006, .T. ) ;
#1281 = ORIENTED_EDGE ( 'NONE', *, *, #880, .F. ) ;
#1282 = CARTESIAN_POINT ( 'NONE',  ( -1.039230484541326716, -7.900000000000000355, 1.134835864421784157E-16 ) ) ;
#1283 = EDGE_CURVE ( 'NONE', #1437, #541, #423, .T. ) ;
#1284 = DIRECTION ( 'NONE',  ( -0.1736481776669320243, 0.000000000000000000, -0.9848077530122077983 ) ) ;
#1285 = DIRECTION ( 'NONE',  ( -0.5000000000000002220, 0.000000000000000000, 0.8660254037844385966 ) ) ;
#1286 = ORIENTED_EDGE ( 'NONE', *, *, #1006, .F. ) ;
#1287 = ORIENTED_EDGE ( 'NONE', *, *, #1818, .F. ) ;
#1288 = CARTESIAN_POINT ( 'NONE',  ( -0.5196152422706634688, -7.900000000000000355, -0.9000000000000001332 ) ) ;
#1289 = CARTESIAN_POINT ( 'NONE',  ( 0.000000000000000000, 0.8000000000000003775, 0.000000000000000000 ) ) ;
#1290 = CARTESIAN_POINT ( 'NONE',  ( 0.1936727294296314572, 0.7999999999999999334, 0.2308101710852910604 ) ) ;
#1291 = VECTOR ( 'NONE', #677, 1000.000000000000114 ) ;
#1292 = SHAPE_DEFINITION_REPRESENTATION ( #1583, #405 ) ;
#1293 = EDGE_CURVE ( 'NONE', #1384, #558, #1609, .T. ) ;
#1294 = DIRECTION ( 'NONE',  ( -0.000000000000000000, -1.000000000000000000, -0.000000000000000000 ) ) ;
#1295 = CARTESIAN_POINT ( 'NONE',  ( -0.9999999999999928946, 1.199999999999999956, 1.732050807568882744 ) ) ;
#1296 = ORIENTED_EDGE ( 'NONE', *, *, #726, .T. ) ;
#1297 = VECTOR ( 'NONE', #686, 1000.000000000000000 ) ;
#1298 = ORIENTED_EDGE ( 'NONE', *, *, #1531, .F. ) ;
#1299 = DIRECTION ( 'NONE',  ( 0.000000000000000000, 0.000000000000000000, -1.000000000000000000 ) ) ;
#1300 = DIRECTION ( 'NONE',  ( -0.6427876096865299260, 0.000000000000000000, 0.7660444431189857850 ) ) ;
#1301 = CARTESIAN_POINT ( 'NONE',  ( 0.000000000000000000, 1.199999999999999956, 0.000000000000000000 ) ) ;
#1302 = VECTOR ( 'NONE', #1716, 1000.000000000000000 ) ;
#1303 = DIRECTION ( 'NONE',  ( 0.000000000000000000, 0.000000000000000000, 1.000000000000000000 ) ) ;
#1304 = ORIENTED_EDGE ( 'NONE', *, *, #671, .F. ) ;
#1305 = EDGE_LOOP ( 'NONE', ( #728, #1689, #902, #1431 ) ) ;
#1306 = CARTESIAN_POINT ( 'NONE',  ( -1.985374379175267823, 0.7999999999999999334, -5.939145044917935046 ) ) ;
#1307 = CARTESIAN_POINT ( 'NONE',  ( 2.351556185020803103, 1.199999999999999956, -5.976473749953346015 ) ) ;
#1308 = CARTESIAN_POINT ( 'NONE',  ( -1.985374379175191883, 0.7999999999999999334, 5.939145044917966132 ) ) ;
#1309 = EDGE_CURVE ( 'NONE', #1003, #305, #1446, .T. ) ;
#1310 = LINE ( 'NONE', #571, #427 ) ;
#1311 = CARTESIAN_POINT ( 'NONE',  ( -1.039230484541326716, -7.900000000000000355, 1.134835864421784157E-16 ) ) ;
#1312 = VECTOR ( 'NONE', #1340, 1000.000000000000000 ) ;
#1313 = ORIENTED_EDGE ( 'NONE', *, *, #1063, .T. ) ;
#1314 = ORIENTED_EDGE ( 'NONE', *, *, #1568, .T. ) ;
#1315 = LINE ( 'NONE', #1914, #507 ) ;
#1316 = MANIFOLD_SOLID_BREP ( '圆角3', #1539 ) ;
#1317 = CARTESIAN_POINT ( 'NONE',  ( -6.000000000000000000, 0.7999999999999999334, 1.154700538379251684 ) ) ;
#1318 = ADVANCED_FACE ( 'NONE', ( #244 ), #560, .T. ) ;
#1319 = LINE ( 'NONE', #1918, #1726 ) ;
#1320 = CARTESIAN_POINT ( 'NONE',  ( 0.000000000000000000, 0.7999999999999999334, 0.000000000000000000 ) ) ;
#1321 = AXIS2_PLACEMENT_3D ( 'NONE', #316, #752, #1648 ) ;
#1322 = VERTEX_POINT ( 'NONE', #387 ) ;
#1323 = VECTOR ( 'NONE', #630, 1000.000000000000114 ) ;
#1324 = CARTESIAN_POINT ( 'NONE',  ( 1.039230484541326271, -3.499999999999999556, 3.313793313479244545E-16 ) ) ;
#1325 = EDGE_LOOP ( 'NONE', ( #169, #242, #1532, #764 ) ) ;
#1326 = ORIENTED_EDGE ( 'NONE', *, *, #1737, .F. ) ;
#1327 = FACE_OUTER_BOUND ( 'NONE', #1686, .T. ) ;
#1328 = PLANE ( 'NONE',  #178 ) ;
#1329 = ADVANCED_FACE ( 'NONE', ( #842 ), #91, .T. ) ;
#1330 = CARTESIAN_POINT ( 'NONE',  ( -3.799207111050955543, 0.7999999999999999334, 4.891928228904545151 ) ) ;
#1331 = PLANE ( 'NONE',  #1019 ) ;
#1332 = PRODUCT_CONTEXT ( 'NONE', #1538, 'mechanical' ) ;
#1333 = ORIENTED_EDGE ( 'NONE', *, *, #331, .F. ) ;
#1334 = AXIS2_PLACEMENT_3D ( 'NONE', #1149, #1157, #1624 ) ;
#1335 = CARTESIAN_POINT ( 'NONE',  ( 1.326206058627046325, -2.899999999999999467, 1.809349061816888046E-16 ) ) ;
#1336 = VERTEX_POINT ( 'NONE', #1154 ) ;
#1337 = ORIENTED_EDGE ( 'NONE', *, *, #474, .T. ) ;
#1338 = DIRECTION ( 'NONE',  ( -0.000000000000000000, 1.000000000000000000, -0.000000000000000000 ) ) ;
#1339 = DIRECTION ( 'NONE',  ( -0.7660444431189714631, 0.000000000000000000, 0.6427876096865471345 ) ) ;
#1340 = DIRECTION ( 'NONE',  ( -0.000000000000000000, -1.000000000000000000, -0.000000000000000000 ) ) ;
#1341 = DIRECTION ( 'NONE',  ( 0.000000000000000000, 1.000000000000000000, 0.000000000000000000 ) ) ;
#1342 = ORIENTED_EDGE ( 'NONE', *, *, #724, .T. ) ;
#1343 = AXIS2_PLACEMENT_3D ( 'NONE', #1306, #306, #419 ) ;
#1344 = CARTESIAN_POINT ( 'NONE',  ( 1.039230484541326271, -7.900000000000000355, 3.313793313479244545E-16 ) ) ;
#1345 = EDGE_CURVE ( 'NONE', #848, #30, #1750, .T. ) ;
#1346 = ORIENTED_EDGE ( 'NONE', *, *, #1568, .F. ) ;
#1347 = ORIENTED_EDGE ( 'NONE', *, *, #981, .F. ) ;
#1348 = DIRECTION ( 'NONE',  ( 0.000000000000000000, 1.000000000000000000, 0.000000000000000000 ) ) ;
#1349 = LINE ( 'NONE', #1058, #543 ) ;
#1350 = FACE_OUTER_BOUND ( 'NONE', #201, .T. ) ;
#1351 = DIRECTION ( 'NONE',  ( 0.000000000000000000, 0.000000000000000000, 1.000000000000000000 ) ) ;
#1352 = ORIENTED_EDGE ( 'NONE', *, *, #839, .F. ) ;
#1353 = EDGE_CURVE ( 'NONE', #964, #457, #1560, .T. ) ;
#1354 = ORIENTED_EDGE ( 'NONE', *, *, #19, .T. ) ;
#1355 = AXIS2_PLACEMENT_3D ( 'NONE', #1700, #518, #529 ) ;
#1356 = ORIENTED_EDGE ( 'NONE', *, *, #1417, .F. ) ;
#1357 = PLANE ( 'NONE',  #1829 ) ;
#1358 = DIRECTION ( 'NONE',  ( -0.8660254037844387076, 0.000000000000000000, -0.4999999999999998890 ) ) ;
#1359 = LINE ( 'NONE', #1490, #569 ) ;
#1360 = CARTESIAN_POINT ( 'NONE',  ( 0.000000000000000000, -12.93153950114235506, 0.000000000000000000 ) ) ;
#1361 = AXIS2_PLACEMENT_3D ( 'NONE', #1846, #950, #664 ) ;
#1362 = ADVANCED_FACE ( 'NONE', ( #969 ), #979, .F. ) ;
#1363 = VECTOR ( 'NONE', #300, 1000.000000000000000 ) ;
#1364 = AXIS2_PLACEMENT_3D ( 'NONE', #1289, #1759, #1588 ) ;
#1365 = ORIENTED_EDGE ( 'NONE', *, *, #1175, .F. ) ;
#1366 = VERTEX_POINT ( 'NONE', #549 ) ;
#1367 = VERTEX_POINT ( 'NONE', #815 ) ;
#1368 = EDGE_CURVE ( 'NONE', #822, #488, #1101, .T. ) ;
#1369 = CARTESIAN_POINT ( 'NONE',  ( 0.000000000000000000, 1.199999999999999956, 0.000000000000000000 ) ) ;
#1370 = LINE ( 'NONE', #462, #738 ) ;
#1371 = CARTESIAN_POINT ( 'NONE',  ( 7.961155196513417742, 1.199999999999999956, 0.7874058274025416138 ) ) ;
#1372 = FACE_OUTER_BOUND ( 'NONE', #1884, .T. ) ;
#1373 = AXIS2_PLACEMENT_3D ( 'NONE', #706, #1739, #1140 ) ;
#1374 = EDGE_LOOP ( 'NONE', ( #918, #1298, #1326, #1436 ) ) ;
#1375 = ORIENTED_EDGE ( 'NONE', *, *, #1668, .T. ) ;
#1376 = LINE ( 'NONE', #33, #797 ) ;
#1377 = DIRECTION ( 'NONE',  ( -0.9848077530122086864, 0.000000000000000000, -0.1736481776669273613 ) ) ;
#1378 = CARTESIAN_POINT ( 'NONE',  ( 7.961155196513414189, 0.7999999999999999334, 0.7874058274025423909 ) ) ;
#1379 = PLANE ( 'NONE',  #1016 ) ;
#1380 = VECTOR ( 'NONE', #167, 1000.000000000000000 ) ;
#1381 = EDGE_CURVE ( 'NONE', #1819, #1241, #251, .T. ) ;
#1382 = CARTESIAN_POINT ( 'NONE',  ( 4.351556185020815093, 0.7999999999999999334, -4.821773211574112317 ) ) ;
#1383 = ORIENTED_EDGE ( 'NONE', *, *, #311, .F. ) ;
#1384 = VERTEX_POINT ( 'NONE', #567 ) ;
#1385 = ADVANCED_FACE ( 'NONE', ( #1772 ), #1802, .T. ) ;
#1386 = VERTEX_POINT ( 'NONE', #442 ) ;
#1387 = LINE ( 'NONE', #1243, #1702 ) ;
#1388 = VECTOR ( 'NONE', #1377, 999.9999999999998863 ) ;
#1389 = CARTESIAN_POINT ( 'NONE',  ( 0.000000000000000000, 1.199999999999999956, 0.000000000000000000 ) ) ;
#1390 = VECTOR ( 'NONE', #1889, 999.9999999999998863 ) ;
#1391 = CARTESIAN_POINT ( 'NONE',  ( -3.799207111050955543, 1.199999999999999956, 4.891928228904545151 ) ) ;
#1392 = CARTESIAN_POINT ( 'NONE',  ( -0.5196152422706634688, -3.499999999999999556, -0.9000000000000001332 ) ) ;
#1393 = EDGE_CURVE ( 'NONE', #1445, #1891, #759, .T. ) ;
#1394 = FACE_OUTER_BOUND ( 'NONE', #1790, .T. ) ;
#1395 = ORIENTED_EDGE ( 'NONE', *, *, #552, .T. ) ;
#1396 = DIRECTION ( 'NONE',  ( -0.8660254037844409281, 0.000000000000000000, -0.4999999999999961142 ) ) ;
#1397 = ORIENTED_EDGE ( 'NONE', *, *, #924, .F. ) ;
#1398 = CARTESIAN_POINT ( 'NONE',  ( 0.000000000000000000, 0.7999999999999999334, 0.000000000000000000 ) ) ;
#1399 = DIRECTION ( 'NONE',  ( 0.9848077530122086864, 0.000000000000000000, 0.1736481776669273613 ) ) ;
#1400 = ORIENTED_EDGE ( 'NONE', *, *, #369, .T. ) ;
#1401 = CARTESIAN_POINT ( 'NONE',  ( 2.351556185020782230, 0.7999999999999999334, -8.285874826711847163 ) ) ;
#1402 = VECTOR ( 'NONE', #581, 1000.000000000000000 ) ;
#1403 = AXIS2_PLACEMENT_3D ( 'NONE', #293, #416, #1303 ) ;
#1404 = CARTESIAN_POINT ( 'NONE',  ( -7.211730137151334930, 1.199999999999999956, 3.462794886923454829 ) ) ;
#1405 = LINE ( 'NONE', #655, #715 ) ;
#1406 = VERTEX_POINT ( 'NONE', #3 ) ;
#1407 = ORIENTED_EDGE ( 'NONE', *, *, #1221, .F. ) ;
#1408 = DIRECTION ( 'NONE',  ( 0.000000000000000000, 1.000000000000000000, 0.000000000000000000 ) ) ;
#1409 = DIRECTION ( 'NONE',  ( 0.000000000000000000, 0.000000000000000000, 1.000000000000000000 ) ) ;
#1410 = ADVANCED_FACE ( 'NONE', ( #261 ), #589, .F. ) ;
#1411 = ORIENTED_EDGE ( 'NONE', *, *, #552, .F. ) ;
#1412 = CARTESIAN_POINT ( 'NONE',  ( 5.697832172998507083, 0.7999999999999999334, 3.217343966278387146 ) ) ;
#1413 = DIRECTION ( 'NONE',  ( 0.8660254037844338226, 0.000000000000000000, -0.5000000000000082157 ) ) ;
#1414 = AXIS2_PLACEMENT_3D ( 'NONE', #1030, #1468, #256 ) ;
#1415 = EDGE_CURVE ( 'NONE', #1671, #1514, #1315, .T. ) ;
#1416 = EDGE_CURVE ( 'NONE', #22, #61, #1615, .T. ) ;
#1417 = EDGE_CURVE ( 'NONE', #608, #64, #895, .T. ) ;
#1418 = ORIENTED_EDGE ( 'NONE', *, *, #1251, .F. ) ;
#1419 = CARTESIAN_POINT ( 'NONE',  ( 2.351556185020884371, 0.7999999999999999334, 5.976473749953321146 ) ) ;
#1420 = CARTESIAN_POINT ( 'NONE',  ( -3.799207111051019492, 0.7999999999999999334, -4.891928228904490084 ) ) ;
#1421 = ORIENTED_EDGE ( 'NONE', *, *, #72, .T. ) ;
#1422 = DIRECTION ( 'NONE',  ( -0.000000000000000000, 1.000000000000000000, -0.000000000000000000 ) ) ;
#1423 = AXIS2_PLACEMENT_3D ( 'NONE', #1369, #1682, #660 ) ;
#1424 = CARTESIAN_POINT ( 'NONE',  ( -3.799207111050955543, 0.7999999999999999334, 4.891928228904545151 ) ) ;
#1425 = EDGE_CURVE ( 'NONE', #1554, #608, #1758, .T. ) ;
#1426 = ORIENTED_EDGE ( 'NONE', *, *, #1754, .F. ) ;
#1427 = PLANE ( 'NONE',  #1166 ) ;
#1428 = FACE_OUTER_BOUND ( 'NONE', #1848, .T. ) ;
#1429 = EDGE_CURVE ( 'NONE', #1587, #1514, #1753, .T. ) ;
#1430 = ORIENTED_EDGE ( 'NONE', *, *, #1529, .F. ) ;
#1431 = ORIENTED_EDGE ( 'NONE', *, *, #82, .F. ) ;
#1432 = DIRECTION ( 'NONE',  ( 0.4999999999999996669, 0.000000000000000000, 0.8660254037844388186 ) ) ;
#1433 = FACE_OUTER_BOUND ( 'NONE', #663, .T. ) ;
#1434 = CARTESIAN_POINT ( 'NONE',  ( -5.283661508988076960, 0.7999999999999999334, 3.122824367120710320 ) ) ;
#1435 = CARTESIAN_POINT ( 'NONE',  ( 1.558845726811989296, -3.499999999999999556, 0.3000000000000004330 ) ) ;
#1436 = ORIENTED_EDGE ( 'NONE', *, *, #1462, .F. ) ;
#1437 = VERTEX_POINT ( 'NONE', #284 ) ;
#1438 = DIRECTION ( 'NONE',  ( 0.000000000000000000, 1.000000000000000000, 0.000000000000000000 ) ) ;
#1439 = PLANE ( 'NONE',  #869 ) ;
#1440 = VECTOR ( 'NONE', #272, 1000.000000000000000 ) ;
#1441 = DIRECTION ( 'NONE',  ( 0.000000000000000000, -0.000000000000000000, -1.000000000000000000 ) ) ;
#1442 = CARTESIAN_POINT ( 'NONE',  ( -1.564911040351207365E-16, -2.899999999999999911, -1.500000000000000000 ) ) ;
#1443 = ADVANCED_FACE ( 'NONE', ( #1038 ), #1014, .F. ) ;
#1444 = ORIENTED_EDGE ( 'NONE', *, *, #493, .F. ) ;
#1445 = VERTEX_POINT ( 'NONE', #1781 ) ;
#1446 = LINE ( 'NONE', #1412, #1864 ) ;
#1447 = CARTESIAN_POINT ( 'NONE',  ( 0.000000000000000000, 1.199999999999999956, -8.000000000000000000 ) ) ;
#1448 = LINE ( 'NONE', #1147, #1651 ) ;
#1449 = AXIS2_PLACEMENT_3D ( 'NONE', #1523, #1225, #1067 ) ;
#1450 =( NAMED_UNIT ( * ) SI_UNIT ( $, .STERADIAN. ) SOLID_ANGLE_UNIT ( ) );
#1451 = CARTESIAN_POINT ( 'NONE',  ( 1.732050807568876971, -2.899999999999999911, 6.900984621364784910E-16 ) ) ;
#1452 = AXIS2_PLACEMENT_3D ( 'NONE', #1206, #1341, #1775 ) ;
#1453 = VERTEX_POINT ( 'NONE', #146 ) ;
#1454 = VECTOR ( 'NONE', #1895, 1000.000000000000114 ) ;
#1455 = ORIENTED_EDGE ( 'NONE', *, *, #1186, .F. ) ;
#1456 = DIRECTION ( 'NONE',  ( -0.3420201433256757073, 0.000000000000000000, -0.9396926207859057634 ) ) ;
#1457 = LINE ( 'NONE', #255, #458 ) ;
#1458 = CARTESIAN_POINT ( 'NONE',  ( 5.708203932499396949, 1.199999999999999956, 5.605034153776272454 ) ) ;
#1459 = CIRCLE ( 'NONE', #625, 8.000000000000000000 ) ;
#1460 = DIRECTION ( 'NONE',  ( 0.000000000000000000, 1.000000000000000000, 0.000000000000000000 ) ) ;
#1461 = EDGE_CURVE ( 'NONE', #1877, #1471, #1936, .T. ) ;
#1462 = EDGE_CURVE ( 'NONE', #22, #1511, #1202, .T. ) ;
#1463 = ORIENTED_EDGE ( 'NONE', *, *, #453, .F. ) ;
#1464 = ORIENTED_EDGE ( 'NONE', *, *, #1416, .F. ) ;
#1465 = DIRECTION ( 'NONE',  ( -0.5000000000000039968, 0.000000000000000000, -0.8660254037844363761 ) ) ;
#1466 = LINE ( 'NONE', #1146, #107 ) ;
#1467 = AXIS2_PLACEMENT_3D ( 'NONE', #1270, #1535, #1409 ) ;
#1468 = DIRECTION ( 'NONE',  ( 0.000000000000000000, 1.000000000000000000, 0.000000000000000000 ) ) ;
#1469 = FACE_OUTER_BOUND ( 'NONE', #1604, .T. ) ;
#1470 = CARTESIAN_POINT ( 'NONE',  ( 0.8755788882310165944, 1.199999999999999956, 7.951940744905244607 ) ) ;
#1471 = VERTEX_POINT ( 'NONE', #1028 ) ;
#1472 = ADVANCED_FACE ( 'NONE', ( #1627 ), #872, .F. ) ;
#1473 = EDGE_CURVE ( 'NONE', #882, #1791, #1926, .T. ) ;
#1474 = LINE ( 'NONE', #1746, #241 ) ;
#1475 = VECTOR ( 'NONE', #1184, 1000.000000000000000 ) ;
#1476 = EDGE_LOOP ( 'NONE', ( #1506, #1056, #646, #1521 ) ) ;
#1477 = ORIENTED_EDGE ( 'NONE', *, *, #1283, .T. ) ;
#1478 = CARTESIAN_POINT ( 'NONE',  ( -3.799207111051019492, 0.7999999999999999334, -4.891928228904490084 ) ) ;
#1479 = CARTESIAN_POINT ( 'NONE',  ( 0.5196152422706632468, -3.499999999999999556, -0.9000000000000002442 ) ) ;
#1480 = CARTESIAN_POINT ( 'NONE',  ( 5.697832172998464451, 0.7999999999999999334, -3.217343966278456424 ) ) ;
#1481 = PLANE ( 'NONE',  #177 ) ;
#1482 = VECTOR ( 'NONE', #1675, 1000.000000000000114 ) ;
#1483 = PRESENTATION_STYLE_ASSIGNMENT (( #128 ) ) ;
#1484 = VECTOR ( 'NONE', #991, 1000.000000000000227 ) ;
#1485 = CARTESIAN_POINT ( 'NONE',  ( 4.351556185020815093, 1.199999999999999956, -4.821773211574112317 ) ) ;
#1486 = ORIENTED_EDGE ( 'NONE', *, *, #200, .T. ) ;
#1487 = EDGE_LOOP ( 'NONE', ( #333, #78, #1688, #1192, #1043 ) ) ;
#1488 = CARTESIAN_POINT ( 'NONE',  ( 0.4546072919177354121, 0.7999999999999999334, -0.08015953119190567799 ) ) ;
#1489 = CARTESIAN_POINT ( 'NONE',  ( -3.166435318698658019, 1.199999999999999956, 7.346678662667757820 ) ) ;
#1490 = CARTESIAN_POINT ( 'NONE',  ( 6.487693860267877533, 0.7999999999999999334, -1.047216816013464280 ) ) ;
#1491 = CARTESIAN_POINT ( 'NONE',  ( -0.5196152422706634688, -7.900000000000000355, 0.9000000000000004663 ) ) ;
#1492 = ADVANCED_FACE ( 'NONE', ( #730 ), #883, .F. ) ;
#1493 = ORIENTED_EDGE ( 'NONE', *, *, #200, .F. ) ;
#1494 = VECTOR ( 'NONE', #1601, 1000.000000000000000 ) ;
#1495 = CARTESIAN_POINT ( 'NONE',  ( -7.557977594194635884, 0.7999999999999999334, -3.523847655601768825 ) ) ;
#1496 = ORIENTED_EDGE ( 'NONE', *, *, #320, .T. ) ;
#1497 = EDGE_LOOP ( 'NONE', ( #1672, #707, #1934, #340 ) ) ;
#1498 = CARTESIAN_POINT ( 'NONE',  ( -7.999999999999998224, 0.7999999999999999334, 2.309401076758502036 ) ) ;
#1499 = CARTESIAN_POINT ( 'NONE',  ( 0.000000000000000000, 0.7999999999999999334, -8.000000000000000000 ) ) ;
#1500 = CARTESIAN_POINT ( 'NONE',  ( 0.5196152422706631357, -3.148528137423856954, -0.9000000000000000222 ) ) ;
#1501 = LINE ( 'NONE', #1164, #683 ) ;
#1502 = EDGE_CURVE ( 'NONE', #1554, #1336, #431, .T. ) ;
#1503 = EDGE_LOOP ( 'NONE', ( #800, #539, #668, #1513 ) ) ;
#1504 = VECTOR ( 'NONE', #1160, 1000.000000000000000 ) ;
#1505 = EDGE_LOOP ( 'NONE', ( #1455, #53, #155, #1710 ) ) ;
#1506 = ORIENTED_EDGE ( 'NONE', *, *, #1921, .T. ) ;
#1507 = CARTESIAN_POINT ( 'NONE',  ( -5.283661508988117816, 0.7999999999999999334, -3.122824367120635269 ) ) ;
#1508 = LINE ( 'NONE', #766, #1917 ) ;
#1509 = LINE ( 'NONE', #921, #1475 ) ;
#1510 = DIRECTION ( 'NONE',  ( 0.000000000000000000, 1.000000000000000000, 0.000000000000000000 ) ) ;
#1511 = VERTEX_POINT ( 'NONE', #742 ) ;
#1512 = ADVANCED_FACE ( 'NONE', ( #1327 ), #165, .T. ) ;
#1513 = ORIENTED_EDGE ( 'NONE', *, *, #385, .F. ) ;
#1514 = VERTEX_POINT ( 'NONE', #1215 ) ;
#1515 = DIRECTION ( 'NONE',  ( 0.000000000000000000, 1.000000000000000000, 0.000000000000000000 ) ) ;
#1516 = LINE ( 'NONE', #776, #982 ) ;
#1517 = CARTESIAN_POINT ( 'NONE',  ( 0.5196152422706632468, -3.499999999999999556, -0.9000000000000002442 ) ) ;
#1518 = LINE ( 'NONE', #1684, #771 ) ;
#1519 = AXIS2_PLACEMENT_3D ( 'NONE', #396, #217, #850 ) ;
#1520 = VECTOR ( 'NONE', #794, 1000.000000000000000 ) ;
#1521 = ORIENTED_EDGE ( 'NONE', *, *, #1621, .T. ) ;
#1522 = ORIENTED_EDGE ( 'NONE', *, *, #72, .F. ) ;
#1523 = CARTESIAN_POINT ( 'NONE',  ( 0.1936727294296304580, 0.7999999999999999334, -0.2308101710852887567 ) ) ;
#1524 = FACE_OUTER_BOUND ( 'NONE', #1191, .T. ) ;
#1525 = EDGE_CURVE ( 'NONE', #323, #1870, #639, .T. ) ;
#1526 = ADVANCED_FACE ( 'NONE', ( #650 ), #335, .T. ) ;
#1527 = DIRECTION ( 'NONE',  ( -0.8660254037844363761, 0.000000000000000000, 0.5000000000000039968 ) ) ;
#1528 = LINE ( 'NONE', #1219, #521 ) ;
#1529 = EDGE_CURVE ( 'NONE', #121, #598, #1534, .T. ) ;
#1530 = AXIS2_PLACEMENT_3D ( 'NONE', #1244, #976, #1235 ) ;
#1531 = EDGE_CURVE ( 'NONE', #757, #61, #352, .T. ) ;
#1532 = ORIENTED_EDGE ( 'NONE', *, *, #824, .T. ) ;
#1533 = ORIENTED_EDGE ( 'NONE', *, *, #1941, .F. ) ;
#1534 = LINE ( 'NONE', #927, #1047 ) ;
#1535 = DIRECTION ( 'NONE',  ( 0.000000000000000000, 1.000000000000000000, 0.000000000000000000 ) ) ;
#1536 = DIRECTION ( 'NONE',  ( 0.000000000000000000, 1.000000000000000000, 0.000000000000000000 ) ) ;
#1537 = LINE ( 'NONE', #931, #1520 ) ;
#1538 = APPLICATION_CONTEXT ( 'automotive_design' ) ;
#1539 = CLOSED_SHELL ( 'NONE', ( #1272, #137, #1042, #1329, #29, #1211, #171, #1072, #1573, #1594, #808, #1443, #1717, #1318, #1727, #1204, #1709, #973, #780, #1827, #514, #1512, #522, #607, #1410, #1871, #125, #485, #905, #1385, #586, #292, #463, #1073, #321, #1591, #95, #257, #1271, #21, #1492, #777, #536, #818, #1011, #1472, #1650, #228, #1526, #1362, #1909, #854, #1817, #319, #1021, #1761, #900, #247, #553, #1230, #1044, #866 ) ) ;
#1540 = CARTESIAN_POINT ( 'NONE',  ( 0.5196152422706632468, -7.900000000000000355, -0.9000000000000002442 ) ) ;
#1541 = ORIENTED_EDGE ( 'NONE', *, *, #37, .F. ) ;
#1542 = CARTESIAN_POINT ( 'NONE',  ( 6.351556185020884371, 0.7999999999999999334, 5.976473749953301606 ) ) ;
#1543 = ORIENTED_EDGE ( 'NONE', *, *, #170, .T. ) ;
#1544 = FACE_OUTER_BOUND ( 'NONE', #447, .T. ) ;
#1545 = CARTESIAN_POINT ( 'NONE',  ( 7.961155196513401755, 1.199999999999999956, -0.7874058274026424220 ) ) ;
#1546 = AXIS2_PLACEMENT_3D ( 'NONE', #1812, #1096, #341 ) ;
#1547 = ORIENTED_EDGE ( 'NONE', *, *, #1425, .T. ) ;
#1548 = CARTESIAN_POINT ( 'NONE',  ( 0.000000000000000000, 1.199999999999999956, 0.000000000000000000 ) ) ;
#1549 = CARTESIAN_POINT ( 'NONE',  ( 2.351556185020782230, 0.7999999999999999334, -8.285874826711847163 ) ) ;
#1550 = DIRECTION ( 'NONE',  ( 0.9848077530122093526, 0.000000000000000000, 0.1736481776669228372 ) ) ;
#1551 = AXIS2_PLACEMENT_3D ( 'NONE', #250, #409, #847 ) ;
#1552 = EDGE_CURVE ( 'NONE', #620, #1134, #1920, .T. ) ;
#1553 = CARTESIAN_POINT ( 'NONE',  ( -7.211730137151384668, 1.199999999999999956, -3.462794886923352244 ) ) ;
#1554 = VERTEX_POINT ( 'NONE', #919 ) ;
#1555 = DIRECTION ( 'NONE',  ( 0.000000000000000000, 0.000000000000000000, 1.000000000000000000 ) ) ;
#1556 = FACE_OUTER_BOUND ( 'NONE', #1837, .T. ) ;
#1557 =( BOUNDED_CURVE ( )  B_SPLINE_CURVE ( 3, ( #1842, #383, #670, #1712 ),
 .UNSPECIFIED., .F., .F. ) 
 B_SPLINE_CURVE_WITH_KNOTS ( ( 4, 4 ),
 ( 4.712388980384689674, 6.283185307179586232 ),
 .UNSPECIFIED. ) 
 CURVE ( )  GEOMETRIC_REPRESENTATION_ITEM ( )  RATIONAL_B_SPLINE_CURVE ( ( 1.000000000000000000, 0.8047378541243649375, 0.8047378541243649375, 1.000000000000000000 ) ) 
 REPRESENTATION_ITEM ( '' )  );
#1558 = ORIENTED_EDGE ( 'NONE', *, *, #207, .F. ) ;
#1559 = CIRCLE ( 'NONE', #1714, 8.000000000000000000 ) ;
#1560 = LINE ( 'NONE', #1885, #601 ) ;
#1561 = DIRECTION ( 'NONE',  ( 0.000000000000000000, 1.000000000000000000, 0.000000000000000000 ) ) ;
#1562 = EDGE_CURVE ( 'NONE', #933, #1445, #775, .T. ) ;
#1563 = EDGE_CURVE ( 'NONE', #628, #1263, #175, .T. ) ;
#1564 = CIRCLE ( 'NONE', #722, 4.854832348694350763 ) ;
#1565 = VERTEX_POINT ( 'NONE', #46 ) ;
#1566 = CARTESIAN_POINT ( 'NONE',  ( 2.351556185020803103, 0.7999999999999999334, -5.976473749953345127 ) ) ;
#1567 = LINE ( 'NONE', #342, #1222 ) ;
#1568 = EDGE_CURVE ( 'NONE', #467, #758, #1670, .T. ) ;
#1569 = ORIENTED_EDGE ( 'NONE', *, *, #1175, .T. ) ;
#1570 = SURFACE_STYLE_USAGE ( .BOTH. , #988 ) ;
#1571 = CARTESIAN_POINT ( 'NONE',  ( -5.283661508988116040, 1.199999999999999956, -3.122824367120634825 ) ) ;
#1572 = AXIS2_PLACEMENT_3D ( 'NONE', #1282, #897, #1061 ) ;
#1573 = ADVANCED_FACE ( 'NONE', ( #791, #1690 ), #55, .T. ) ;
#1574 = ORIENTED_EDGE ( 'NONE', *, *, #1417, .T. ) ;
#1575 = DIRECTION ( 'NONE',  ( 0.000000000000000000, 1.000000000000000000, 0.000000000000000000 ) ) ;
#1576 = LINE ( 'NONE', #1107, #1630 ) ;
#1577 = ORIENTED_EDGE ( 'NONE', *, *, #940, .F. ) ;
#1578 = VECTOR ( 'NONE', #34, 1000.000000000000000 ) ;
#1579 = ORIENTED_EDGE ( 'NONE', *, *, #696, .F. ) ;
#1580 = LINE ( 'NONE', #524, #770 ) ;
#1581 = CIRCLE ( 'NONE', #705, 8.000000000000000000 ) ;
#1582 = DIRECTION ( 'NONE',  ( 0.5000000000000083267, 0.000000000000000000, 0.8660254037844339337 ) ) ;
#1583 = PRODUCT_DEFINITION_SHAPE ( 'NONE', 'NONE',  #248 ) ;
#1584 = PLANE ( 'NONE',  #1355 ) ;
#1585 = DIRECTION ( 'NONE',  ( 0.000000000000000000, 0.000000000000000000, 1.000000000000000000 ) ) ;
#1586 = EDGE_LOOP ( 'NONE', ( #1151, #1397 ) ) ;
#1587 = VERTEX_POINT ( 'NONE', #946 ) ;
#1588 = DIRECTION ( 'NONE',  ( 0.000000000000000000, 0.000000000000000000, 1.000000000000000000 ) ) ;
#1589 = AXIS2_PLACEMENT_3D ( 'NONE', #258, #1460, #868 ) ;
#1590 = DIRECTION ( 'NONE',  ( -0.000000000000000000, 1.000000000000000000, 0.000000000000000000 ) ) ;
#1591 = ADVANCED_FACE ( 'NONE', ( #1544 ), #1357, .F. ) ;
#1592 = FACE_OUTER_BOUND ( 'NONE', #841, .T. ) ;
#1593 = CARTESIAN_POINT ( 'NONE',  ( -5.283661508988117816, 0.7999999999999999334, -3.122824367120635269 ) ) ;
#1594 = ADVANCED_FACE ( 'NONE', ( #1822 ), #1057, .T. ) ;
#1595 = ORIENTED_EDGE ( 'NONE', *, *, #474, .F. ) ;
#1596 = ORIENTED_EDGE ( 'NONE', *, *, #596, .F. ) ;
#1597 = DIRECTION ( 'NONE',  ( 0.000000000000000000, 1.000000000000000000, 0.000000000000000000 ) ) ;
#1598 = LINE ( 'NONE', #1915, #1613 ) ;
#1599 = FACE_BOUND ( 'NONE', #619, .T. ) ;
#1600 =( GEOMETRIC_REPRESENTATION_CONTEXT ( 3 ) GLOBAL_UNCERTAINTY_ASSIGNED_CONTEXT ( ( #1086 ) ) GLOBAL_UNIT_ASSIGNED_CONTEXT ( ( #689, #226, #823 ) ) REPRESENTATION_CONTEXT ( 'NONE', 'WORKASPACE' ) );
#1601 = DIRECTION ( 'NONE',  ( 0.4999999999999996669, 0.000000000000000000, 0.8660254037844388186 ) ) ;
#1602 = DIRECTION ( 'NONE',  ( -0.6427876096865337008, 0.000000000000000000, 0.7660444431189827874 ) ) ;
#1603 = VERTEX_POINT ( 'NONE', #621 ) ;
#1604 = EDGE_LOOP ( 'NONE', ( #314, #1188, #1286, #259 ) ) ;
#1605 = CARTESIAN_POINT ( 'NONE',  ( 0.000000000000000000, -12.93153950114235506, 0.000000000000000000 ) ) ;
#1606 = CARTESIAN_POINT ( 'NONE',  ( 4.351556185020880818, 0.7999999999999999334, 4.821773211574059026 ) ) ;
#1607 = FACE_BOUND ( 'NONE', #986, .T. ) ;
#1608 = DIRECTION ( 'NONE',  ( -0.8660254037844385966, 0.000000000000000000, -0.5000000000000003331 ) ) ;
#1609 = CIRCLE ( 'NONE', #1519, 8.000000000000000000 ) ;
#1610 = FACE_OUTER_BOUND ( 'NONE', #283, .T. ) ;
#1611 = AXIS2_PLACEMENT_3D ( 'NONE', #445, #435, #1185 ) ;
#1612 = ORIENTED_EDGE ( 'NONE', *, *, #798, .T. ) ;
#1613 = VECTOR ( 'NONE', #432, 1000.000000000000000 ) ;
#1614 = ORIENTED_EDGE ( 'NONE', *, *, #1248, .F. ) ;
#1615 = LINE ( 'NONE', #1637, #1258 ) ;
#1616 = CARTESIAN_POINT ( 'NONE',  ( 4.351556185020880818, 1.199999999999999956, 4.821773211574058138 ) ) ;
#1617 = FACE_OUTER_BOUND ( 'NONE', #1876, .T. ) ;
#1618 = CYLINDRICAL_SURFACE ( 'NONE', #105, 1.750000000000000000 ) ;
#1619 = EDGE_CURVE ( 'NONE', #741, #1048, #1581, .T. ) ;
#1620 = EDGE_CURVE ( 'NONE', #1366, #628, #1376, .T. ) ;
#1621 = EDGE_CURVE ( 'NONE', #1703, #974, #489, .T. ) ;
#1622 = LINE ( 'NONE', #116, #1274 ) ;
#1623 = ORIENTED_EDGE ( 'NONE', *, *, #1309, .F. ) ;
#1624 = DIRECTION ( 'NONE',  ( 0.000000000000000000, 0.000000000000000000, 1.000000000000000000 ) ) ;
#1625 = ORIENTED_EDGE ( 'NONE', *, *, #1144, .F. ) ;
#1626 = ORIENTED_EDGE ( 'NONE', *, *, #1621, .F. ) ;
#1627 = FACE_OUTER_BOUND ( 'NONE', #926, .T. ) ;
#1628 = CARTESIAN_POINT ( 'NONE',  ( 0.2889417060313254626, 0.7999999999999999334, 6.340168333399120115 ) ) ;
#1629 = EDGE_CURVE ( 'NONE', #1252, #99, #1387, .T. ) ;
#1630 = VECTOR ( 'NONE', #233, 1000.000000000000000 ) ;
#1631 = DIRECTION ( 'NONE',  ( 0.9848077530122093526, 0.000000000000000000, 0.1736481776669228372 ) ) ;
#1632 = CARTESIAN_POINT ( 'NONE',  ( -6.000000000000000000, 1.199999999999999956, -1.154700538379252350 ) ) ;
#1633 = ORIENTED_EDGE ( 'NONE', *, *, #1562, .F. ) ;
#1634 = CARTESIAN_POINT ( 'NONE',  ( 0.000000000000000000, -2.899999999999999911, 1.750000000000000000 ) ) ;
#1635 = ORIENTED_EDGE ( 'NONE', *, *, #836, .F. ) ;
#1636 = ORIENTED_EDGE ( 'NONE', *, *, #1128, .T. ) ;
#1637 = CARTESIAN_POINT ( 'NONE',  ( 0.3747125296810087658, 1.199999999999999956, -2.125100357163015374 ) ) ;
#1638 = CARTESIAN_POINT ( 'NONE',  ( -0.5196152422706634688, -3.499999999999999556, -0.9000000000000001332 ) ) ;
#1639 = FACE_OUTER_BOUND ( 'NONE', #1476, .T. ) ;
#1640 = EDGE_CURVE ( 'NONE', #978, #1103, #500, .T. ) ;
#1641 = DIRECTION ( 'NONE',  ( 0.5000000000000001110, 0.000000000000000000, -0.8660254037844387076 ) ) ;
#1642 = ORIENTED_EDGE ( 'NONE', *, *, #1212, .T. ) ;
#1643 = VECTOR ( 'NONE', #1178, 1000.000000000000000 ) ;
#1644 = LINE ( 'NONE', #1767, #42 ) ;
#1645 = ORIENTED_EDGE ( 'NONE', *, *, #184, .F. ) ;
#1646 = ORIENTED_EDGE ( 'NONE', *, *, #1754, .T. ) ;
#1647 = DIRECTION ( 'NONE',  ( 0.9848077530122101297, -0.000000000000000000, 0.1736481776669185628 ) ) ;
#1648 = DIRECTION ( 'NONE',  ( 0.9848077530122093526, 0.000000000000000000, 0.1736481776669227539 ) ) ;
#1649 = CARTESIAN_POINT ( 'NONE',  ( 0.000000000000000000, 0.8000000000000003775, 2.654832348694351030 ) ) ;
#1650 = ADVANCED_FACE ( 'NONE', ( #1592 ), #669, .T. ) ;
#1651 = VECTOR ( 'NONE', #93, 1000.000000000000000 ) ;
#1652 = AXIS2_PLACEMENT_3D ( 'NONE', #1495, #1911, #572 ) ;
#1653 = ORIENTED_EDGE ( 'NONE', *, *, #1186, .T. ) ;
#1654 = ORIENTED_EDGE ( 'NONE', *, *, #1776, .T. ) ;
#1655 = DIRECTION ( 'NONE',  ( 0.000000000000000000, 1.000000000000000000, 0.000000000000000000 ) ) ;
#1656 = FACE_OUTER_BOUND ( 'NONE', #1503, .T. ) ;
#1657 = DIRECTION ( 'NONE',  ( 0.6427876096865440259, 0.000000000000000000, 0.7660444431189740166 ) ) ;
#1658 = CYLINDRICAL_SURFACE ( 'NONE', #1611, 1.750000000000000000 ) ;
#1659 = ORIENTED_EDGE ( 'NONE', *, *, #1705, .F. ) ;
#1660 = ORIENTED_EDGE ( 'NONE', *, *, #486, .T. ) ;
#1661 = CIRCLE ( 'NONE', #322, 8.000000000000000000 ) ;
#1662 = ORIENTED_EDGE ( 'NONE', *, *, #269, .F. ) ;
#1663 = CARTESIAN_POINT ( 'NONE',  ( 0.000000000000000000, 1.199999999999999956, 0.000000000000000000 ) ) ;
#1664 = CARTESIAN_POINT ( 'NONE',  ( -3.469828777112403007, 0.7999999999999999334, -7.708248906701753889 ) ) ;
#1665 = CARTESIAN_POINT ( 'NONE',  ( -7.708203932499369415, 1.199999999999999956, 2.140932538638538940 ) ) ;
#1666 = CARTESIAN_POINT ( 'NONE',  ( 0.5196152422706628027, -7.900000000000000355, 0.9000000000000004663 ) ) ;
#1667 = AXIS2_PLACEMENT_3D ( 'NONE', #949, #804, #307 ) ;
#1668 = EDGE_CURVE ( 'NONE', #1698, #1322, #96, .T. ) ;
#1669 = EDGE_CURVE ( 'NONE', #1367, #71, #139, .T. ) ;
#1670 = CIRCLE ( 'NONE', #1546, 8.000000000000000000 ) ;
#1671 = VERTEX_POINT ( 'NONE', #1738 ) ;
#1672 = ORIENTED_EDGE ( 'NONE', *, *, #1826, .T. ) ;
#1673 = DIRECTION ( 'NONE',  ( 0.000000000000000000, 1.000000000000000000, 0.000000000000000000 ) ) ;
#1674 = CARTESIAN_POINT ( 'NONE',  ( 0.2889417060313254626, 1.199999999999999956, 6.340168333399120115 ) ) ;
#1675 = DIRECTION ( 'NONE',  ( 0.4999999999999999445, 0.000000000000000000, -0.8660254037844385966 ) ) ;
#1676 = DIRECTION ( 'NONE',  ( 0.000000000000000000, -0.000000000000000000, 1.000000000000000000 ) ) ;
#1677 = AXIS2_PLACEMENT_3D ( 'NONE', #1135, #254, #532 ) ;
#1678 = EDGE_CURVE ( 'NONE', #1565, #1252, #1269, .T. ) ;
#1679 = VECTOR ( 'NONE', #1167, 1000.000000000000114 ) ;
#1680 = ORIENTED_EDGE ( 'NONE', *, *, #181, .T. ) ;
#1681 = ORIENTED_EDGE ( 'NONE', *, *, #1393, .F. ) ;
#1682 = DIRECTION ( 'NONE',  ( 0.000000000000000000, 1.000000000000000000, 0.000000000000000000 ) ) ;
#1683 = CARTESIAN_POINT ( 'NONE',  ( -5.283661508988076960, 0.7999999999999999334, 3.122824367120710320 ) ) ;
#1684 = CARTESIAN_POINT ( 'NONE',  ( 6.351556185020884371, 0.7999999999999999334, 5.976473749953301606 ) ) ;
#1685 = DIRECTION ( 'NONE',  ( -0.3420201433256630508, 0.000000000000000000, 0.9396926207859104263 ) ) ;
#1686 = EDGE_LOOP ( 'NONE', ( #183, #425, #1199, #1692, #1023 ) ) ;
#1687 = AXIS2_PLACEMENT_3D ( 'NONE', #1488, #1348, #1456 ) ;
#1688 = ORIENTED_EDGE ( 'NONE', *, *, #1640, .T. ) ;
#1689 = ORIENTED_EDGE ( 'NONE', *, *, #534, .T. ) ;
#1690 = FACE_OUTER_BOUND ( 'NONE', #334, .T. ) ;
#1691 = CARTESIAN_POINT ( 'NONE',  ( 2.351556185020788448, 1.199999999999999956, -7.646579856948495291 ) ) ;
#1692 = ORIENTED_EDGE ( 'NONE', *, *, #940, .T. ) ;
#1693 = FACE_OUTER_BOUND ( 'NONE', #1305, .T. ) ;
#1694 = CARTESIAN_POINT ( 'NONE',  ( 1.039230484541326494, -3.499999999999999556, -1.199999999999999956 ) ) ;
#1695 = EDGE_CURVE ( 'NONE', #1912, #1085, #1236, .T. ) ;
#1696 = LINE ( 'NONE', #1239, #274 ) ;
#1697 = ORIENTED_EDGE ( 'NONE', *, *, #637, .F. ) ;
#1698 = VERTEX_POINT ( 'NONE', #69 ) ;
#1699 = EDGE_LOOP ( 'NONE', ( #773, #1569, #1660, #688 ) ) ;
#1700 = CARTESIAN_POINT ( 'NONE',  ( -6.000000000000000000, 0.7999999999999999334, 1.154700538379251684 ) ) ;
#1701 = LINE ( 'NONE', #63, #380 ) ;
#1702 = VECTOR ( 'NONE', #1841, 1000.000000000000000 ) ;
#1703 = VERTEX_POINT ( 'NONE', #1139 ) ;
#1704 = LINE ( 'NONE', #922, #1172 ) ;
#1705 = EDGE_CURVE ( 'NONE', #1273, #1445, #391, .T. ) ;
#1706 = FACE_OUTER_BOUND ( 'NONE', #1892, .T. ) ;
#1707 = COLOUR_RGB ( '',0.8431372549019607865, 0.8156862745098039102, 0.7529411764705882248 ) ;
#1708 = AXIS2_PLACEMENT_3D ( 'NONE', #1196, #1052, #465 ) ;
#1709 = ADVANCED_FACE ( 'NONE', ( #214 ), #984, .F. ) ;
#1710 = ORIENTED_EDGE ( 'NONE', *, *, #1212, .F. ) ;
#1711 = CARTESIAN_POINT ( 'NONE',  ( 5.708203932499394284, 0.7999999999999999334, 5.605034153776270678 ) ) ;
#1712 = CARTESIAN_POINT ( 'NONE',  ( 0.5196152422706628027, -3.499999999999999556, 0.9000000000000004663 ) ) ;
#1713 = ORIENTED_EDGE ( 'NONE', *, *, #1502, .F. ) ;
#1714 = AXIS2_PLACEMENT_3D ( 'NONE', #103, #398, #1156 ) ;
#1715 = DIRECTION ( 'NONE',  ( 0.000000000000000000, 0.000000000000000000, 1.000000000000000000 ) ) ;
#1716 = DIRECTION ( 'NONE',  ( 0.000000000000000000, 1.000000000000000000, 0.000000000000000000 ) ) ;
#1717 = ADVANCED_FACE ( 'NONE', ( #399 ), #1584, .F. ) ;
#1718 = VECTOR ( 'NONE', #661, 1000.000000000000000 ) ;
#1719 = EDGE_CURVE ( 'NONE', #1322, #1179, #812, .T. ) ;
#1720 = VERTEX_POINT ( 'NONE', #837 ) ;
#1721 = CARTESIAN_POINT ( 'NONE',  ( -6.000000000000000000, 0.7999999999999999334, 1.154700538379251684 ) ) ;
#1722 = DIRECTION ( 'NONE',  ( 0.9848077530122062440, 0.000000000000000000, -0.1736481776669404620 ) ) ;
#1723 = ORIENTED_EDGE ( 'NONE', *, *, #951, .F. ) ;
#1724 = DIRECTION ( 'NONE',  ( 0.6427876096865404731, 0.000000000000000000, 0.7660444431189771253 ) ) ;
#1725 = DIRECTION ( 'NONE',  ( -0.9396926207859105373, 0.000000000000000000, -0.3420201433256631063 ) ) ;
#1726 = VECTOR ( 'NONE', #835, 1000.000000000000227 ) ;
#1727 = ADVANCED_FACE ( 'NONE', ( #694 ), #382, .F. ) ;
#1728 = DIRECTION ( 'NONE',  ( -0.000000000000000000, -1.000000000000000000, -0.000000000000000000 ) ) ;
#1729 = LINE ( 'NONE', #1295, #208 ) ;
#1730 = ORIENTED_EDGE ( 'NONE', *, *, #666, .F. ) ;
#1731 = CIRCLE ( 'NONE', #644, 8.000000000000000000 ) ;
#1732 = ORIENTED_EDGE ( 'NONE', *, *, #675, .T. ) ;
#1733 = CARTESIAN_POINT ( 'NONE',  ( 5.697832172998507083, 0.7999999999999999334, 3.217343966278387146 ) ) ;
#1734 = VECTOR ( 'NONE', #249, 1000.000000000000000 ) ;
#1735 = DIRECTION ( 'NONE',  ( 0.000000000000000000, 1.000000000000000000, 0.000000000000000000 ) ) ;
#1736 = EDGE_CURVE ( 'NONE', #1471, #1201, #820, .T. ) ;
#1737 = EDGE_CURVE ( 'NONE', #1511, #757, #1852, .T. ) ;
#1738 = CARTESIAN_POINT ( 'NONE',  ( -5.283661508988076960, 1.199999999999999956, 3.122824367120710320 ) ) ;
#1739 = DIRECTION ( 'NONE',  ( 0.9396926207859075397, 0.000000000000000000, -0.3420201433256713774 ) ) ;
#1740 = ORIENTED_EDGE ( 'NONE', *, *, #662, .T. ) ;
#1741 = ORIENTED_EDGE ( 'NONE', *, *, #662, .F. ) ;
#1742 = CARTESIAN_POINT ( 'NONE',  ( 0.000000000000000000, 0.7999999999999999334, 0.000000000000000000 ) ) ;
#1743 = LINE ( 'NONE', #404, #1866 ) ;
#1744 = DIRECTION ( 'NONE',  ( 1.000000000000000000, 0.000000000000000000, -1.043274026900804828E-16 ) ) ;
#1745 = CARTESIAN_POINT ( 'NONE',  ( 5.697832172998464451, 1.199999999999999956, -3.217343966278456424 ) ) ;
#1746 = CARTESIAN_POINT ( 'NONE',  ( 4.351556185020815093, 0.7999999999999999334, -4.821773211574112317 ) ) ;
#1747 = CARTESIAN_POINT ( 'NONE',  ( 0.5196152422706628027, -7.900000000000000355, 0.9000000000000004663 ) ) ;
#1748 = VERTEX_POINT ( 'NONE', #1115 ) ;
#1749 = VERTEX_POINT ( 'NONE', #1711 ) ;
#1750 = LINE ( 'NONE', #1288, #845 ) ;
#1751 = CARTESIAN_POINT ( 'NONE',  ( -6.000000000000000000, 0.7999999999999999334, -1.154700538379252350 ) ) ;
#1752 = LINE ( 'NONE', #434, #18 ) ;
#1753 = CIRCLE ( 'NONE', #1785, 8.000000000000000000 ) ;
#1754 = EDGE_CURVE ( 'NONE', #1698, #882, #372, .T. ) ;
#1755 = CARTESIAN_POINT ( 'NONE',  ( -0.5196152422706634688, -7.900000000000000355, 0.9000000000000004663 ) ) ;
#1756 = VERTEX_POINT ( 'NONE', #846 ) ;
#1757 = ORIENTED_EDGE ( 'NONE', *, *, #349, .T. ) ;
#1758 = LINE ( 'NONE', #1170, #410 ) ;
#1759 = DIRECTION ( 'NONE',  ( -0.000000000000000000, -1.000000000000000000, -0.000000000000000000 ) ) ;
#1760 = EDGE_CURVE ( 'NONE', #598, #1797, #829, .T. ) ;
#1761 = ADVANCED_FACE ( 'NONE', ( #1881 ), #1427, .T. ) ;
#1762 = EDGE_CURVE ( 'NONE', #1158, #1797, #1644, .T. ) ;
#1763 = LINE ( 'NONE', #1017, #31 ) ;
#1764 = DIRECTION ( 'NONE',  ( -1.000000000000000000, 0.000000000000000000, 0.000000000000000000 ) ) ;
#1765 = DIRECTION ( 'NONE',  ( 1.000000000000000000, 0.000000000000000000, 0.000000000000000000 ) ) ;
#1766 = VECTOR ( 'NONE', #180, 1000.000000000000000 ) ;
#1767 = CARTESIAN_POINT ( 'NONE',  ( 1.759392532196807357, 1.199999999999999956, -1.476305624862432220 ) ) ;
#1768 = EDGE_CURVE ( 'NONE', #1406, #1366, #279, .T. ) ;
#1769 = CIRCLE ( 'NONE', #1452, 8.000000000000000000 ) ;
#1770 = ORIENTED_EDGE ( 'NONE', *, *, #1938, .F. ) ;
#1771 = ORIENTED_EDGE ( 'NONE', *, *, #1353, .T. ) ;
#1772 = FACE_OUTER_BOUND ( 'NONE', #252, .T. ) ;
#1773 = FACE_OUTER_BOUND ( 'NONE', #1325, .T. ) ;
#1774 = CARTESIAN_POINT ( 'NONE',  ( -3.166435318698757495, 1.199999999999999956, -7.346678662667716964 ) ) ;
#1775 = DIRECTION ( 'NONE',  ( 0.000000000000000000, 0.000000000000000000, 1.000000000000000000 ) ) ;
#1776 = EDGE_CURVE ( 'NONE', #916, #960, #428, .T. ) ;
#1777 = ORIENTED_EDGE ( 'NONE', *, *, #1668, .F. ) ;
#1778 = DIRECTION ( 'NONE',  ( -0.4999999999999998890, 0.000000000000000000, -0.8660254037844385966 ) ) ;
#1779 = ORIENTED_EDGE ( 'NONE', *, *, #1177, .F. ) ;
#1780 = ORIENTED_EDGE ( 'NONE', *, *, #1880, .T. ) ;
#1781 = CARTESIAN_POINT ( 'NONE',  ( 2.351556185020884371, 1.199999999999999956, 5.976473749953321146 ) ) ;
#1782 = PLANE ( 'NONE',  #1234 ) ;
#1783 = CARTESIAN_POINT ( 'NONE',  ( 0.2889417060313252406, 1.199999999999999956, 6.340168333399120115 ) ) ;
#1784 = DIRECTION ( 'NONE',  ( 0.000000000000000000, 1.000000000000000000, 0.000000000000000000 ) ) ;
#1785 = AXIS2_PLACEMENT_3D ( 'NONE', #1904, #610, #122 ) ;
#1786 =( NAMED_UNIT ( * ) PLANE_ANGLE_UNIT ( ) SI_UNIT ( $, .RADIAN. ) );
#1787 = ORIENTED_EDGE ( 'NONE', *, *, #486, .F. ) ;
#1788 = CARTESIAN_POINT ( 'NONE',  ( 5.697832172998464451, 0.7999999999999999334, -3.217343966278456424 ) ) ;
#1789 = CIRCLE ( 'NONE', #943, 4.854832348694350763 ) ;
#1790 = EDGE_LOOP ( 'NONE', ( #1169, #1623, #32, #811 ) ) ;
#1791 = VERTEX_POINT ( 'NONE', #1485 ) ;
#1792 = DIRECTION ( 'NONE',  ( 0.4999999999999998335, 0.000000000000000000, 0.8660254037844387076 ) ) ;
#1793 = CARTESIAN_POINT ( 'NONE',  ( -0.8660254037844388186, -2.899999999999999911, -1.500000000000000000 ) ) ;
#1794 = LINE ( 'NONE', #1665, #1312 ) ;
#1795 = FACE_OUTER_BOUND ( 'NONE', #1143, .T. ) ;
#1796 = EDGE_CURVE ( 'NONE', #1437, #974, #142, .T. ) ;
#1797 = VERTEX_POINT ( 'NONE', #899 ) ;
#1798 = VECTOR ( 'NONE', #704, 1000.000000000000000 ) ;
#1799 = LINE ( 'NONE', #1198, #1930 ) ;
#1800 = VERTEX_POINT ( 'NONE', #1634 ) ;
#1801 = EDGE_LOOP ( 'NONE', ( #339, #221, #98, #2 ) ) ;
#1802 = PLANE ( 'NONE',  #1687 ) ;
#1803 = CARTESIAN_POINT ( 'NONE',  ( 0.8755788882310155952, 1.199999999999999956, 7.951940744905242830 ) ) ;
#1804 = VECTOR ( 'NONE', #1886, 1000.000000000000000 ) ;
#1805 = DIRECTION ( 'NONE',  ( 0.000000000000000000, 0.000000000000000000, 1.000000000000000000 ) ) ;
#1806 = DIRECTION ( 'NONE',  ( -0.000000000000000000, 1.000000000000000000, -0.000000000000000000 ) ) ;
#1807 = VERTEX_POINT ( 'NONE', #1933 ) ;
#1808 = AXIS2_PLACEMENT_3D ( 'NONE', #1382, #1582, #1413 ) ;
#1809 =( BOUNDED_CURVE ( )  B_SPLINE_CURVE ( 3, ( #1845, #793, #1082, #503 ),
 .UNSPECIFIED., .F., .F. ) 
 B_SPLINE_CURVE_WITH_KNOTS ( ( 4, 4 ),
 ( 4.712388980384689674, 6.283185307179586232 ),
 .UNSPECIFIED. ) 
 CURVE ( )  GEOMETRIC_REPRESENTATION_ITEM ( )  RATIONAL_B_SPLINE_CURVE ( ( 1.000000000000000000, 0.8047378541243649375, 0.8047378541243649375, 1.000000000000000000 ) ) 
 REPRESENTATION_ITEM ( '' )  );
#1810 = ORIENTED_EDGE ( 'NONE', *, *, #887, .F. ) ;
#1811 = EDGE_LOOP ( 'NONE', ( #469, #708, #1411, #1121 ) ) ;
#1812 = CARTESIAN_POINT ( 'NONE',  ( 0.000000000000000000, 1.199999999999999956, 0.000000000000000000 ) ) ;
#1813 = DIRECTION ( 'NONE',  ( -0.6427876096865369204, 0.000000000000000000, 0.7660444431189800119 ) ) ;
#1814 = PLANE ( 'NONE',  #891 ) ;
#1815 = CARTESIAN_POINT ( 'NONE',  ( 0.000000000000000000, 1.199999999999999956, 0.000000000000000000 ) ) ;
#1816 = CIRCLE ( 'NONE', #1530, 2.654832348694351030 ) ;
#1817 = ADVANCED_FACE ( 'NONE', ( #438 ), #108, .F. ) ;
#1818 = EDGE_CURVE ( 'NONE', #1252, #1125, #1901, .T. ) ;
#1819 = VERTEX_POINT ( 'NONE', #130 ) ;
#1820 = AXIS2_PLACEMENT_3D ( 'NONE', #990, #1744, #862 ) ;
#1821 = ORIENTED_EDGE ( 'NONE', *, *, #162, .T. ) ;
#1822 = FACE_OUTER_BOUND ( 'NONE', #1497, .T. ) ;
#1823 = CARTESIAN_POINT ( 'NONE',  ( 0.2889417060312441943, 0.7999999999999999334, -6.340168333399118339 ) ) ;
#1824 = LINE ( 'NONE', #1330, #384 ) ;
#1825 = LINE ( 'NONE', #1091, #9 ) ;
#1826 = EDGE_CURVE ( 'NONE', #1453, #1877, #1887, .T. ) ;
#1827 = ADVANCED_FACE ( 'NONE', ( #879 ), #1001, .F. ) ;
#1828 = CIRCLE ( 'NONE', #230, 1.750000000000000000 ) ;
#1829 = AXIS2_PLACEMENT_3D ( 'NONE', #1254, #192, #784 ) ;
#1830 = ORIENTED_EDGE ( 'NONE', *, *, #1629, .T. ) ;
#1831 = ORIENTED_EDGE ( 'NONE', *, *, #311, .T. ) ;
#1832 = DIRECTION ( 'NONE',  ( 1.000000000000000000, -0.000000000000000000, -0.000000000000000000 ) ) ;
#1833 = CARTESIAN_POINT ( 'NONE',  ( 0.000000000000000000, 0.000000000000000000, 0.000000000000000000 ) ) ;
#1834 = CARTESIAN_POINT ( 'NONE',  ( 2.143131898507868297E-16, -2.899999999999999911, -1.750000000000000000 ) ) ;
#1835 = LINE ( 'NONE', #1404, #1112 ) ;
#1836 = DIRECTION ( 'NONE',  ( 0.000000000000000000, 0.000000000000000000, -1.000000000000000000 ) ) ;
#1837 = EDGE_LOOP ( 'NONE', ( #325, #1771, #417, #312 ) ) ;
#1838 = AXIS2_PLACEMENT_3D ( 'NONE', #1344, #1608, #1931 ) ;
#1839 = ORIENTED_EDGE ( 'NONE', *, *, #1899, .T. ) ;
#1840 = ORIENTED_EDGE ( 'NONE', *, *, #703, .T. ) ;
#1841 = DIRECTION ( 'NONE',  ( -0.000000000000000000, 1.000000000000000000, -0.000000000000000000 ) ) ;
#1842 = CARTESIAN_POINT ( 'NONE',  ( 0.8660254037844381525, -2.899999999999999911, 1.500000000000000444 ) ) ;
#1843 = EDGE_CURVE ( 'NONE', #386, #1027, #1024, .T. ) ;
#1844 = VERTEX_POINT ( 'NONE', #714 ) ;
#1845 = CARTESIAN_POINT ( 'NONE',  ( -0.8660254037844390407, -2.899999999999999911, 1.500000000000000444 ) ) ;
#1846 = CARTESIAN_POINT ( 'NONE',  ( 2.351556185020884371, 0.7999999999999999334, 5.976473749953321146 ) ) ;
#1847 = CARTESIAN_POINT ( 'NONE',  ( 0.000000000000000000, 1.199999999999999956, 0.000000000000000000 ) ) ;
#1848 = EDGE_LOOP ( 'NONE', ( #1713, #1547, #1574, #282 ) ) ;
#1849 = AXIS2_PLACEMENT_3D ( 'NONE', #1126, #673, #1724 ) ;
#1850 = LINE ( 'NONE', #498, #698 ) ;
#1851 = VERTEX_POINT ( 'NONE', #595 ) ;
#1852 = LINE ( 'NONE', #222, #1734 ) ;
#1853 = DIRECTION ( 'NONE',  ( 0.3420201433256588874, 0.000000000000000000, -0.9396926207859118696 ) ) ;
#1854 = EDGE_CURVE ( 'NONE', #741, #1867, #153, .T. ) ;
#1855 = EDGE_LOOP ( 'NONE', ( #849, #1659, #1787, #1077 ) ) ;
#1856 = FACE_OUTER_BOUND ( 'NONE', #987, .T. ) ;
#1857 = LINE ( 'NONE', #970, #1896 ) ;
#1858 = EDGE_LOOP ( 'NONE', ( #1141, #790, #609, #1903 ) ) ;
#1859 = DIRECTION ( 'NONE',  ( 0.7660444431189771253, 0.000000000000000000, -0.6427876096865404731 ) ) ;
#1860 = CARTESIAN_POINT ( 'NONE',  ( 0.000000000000000000, 0.000000000000000000, 0.000000000000000000 ) ) ;
#1861 = ORIENTED_EDGE ( 'NONE', *, *, #1393, .T. ) ;
#1862 = SURFACE_STYLE_FILL_AREA ( #682 ) ;
#1863 = CARTESIAN_POINT ( 'NONE',  ( -1.985374379175191883, 1.199999999999999956, 5.939145044917966132 ) ) ;
#1864 = VECTOR ( 'NONE', #1878, 1000.000000000000000 ) ;
#1865 = CIRCLE ( 'NONE', #1708, 8.000000000000000000 ) ;
#1866 = VECTOR ( 'NONE', #413, 1000.000000000000114 ) ;
#1867 = VERTEX_POINT ( 'NONE', #268 ) ;
#1868 = CARTESIAN_POINT ( 'NONE',  ( -3.799207111050955543, 0.7999999999999999334, 4.891928228904545151 ) ) ;
#1869 = FACE_OUTER_BOUND ( 'NONE', #1487, .T. ) ;
#1870 = VERTEX_POINT ( 'NONE', #1190 ) ;
#1871 = ADVANCED_FACE ( 'NONE', ( #1610 ), #727, .T. ) ;
#1872 = AXIS2_PLACEMENT_3D ( 'NONE', #966, #530, #1399 ) ;
#1873 = DIRECTION ( 'NONE',  ( 0.000000000000000000, 1.000000000000000000, 0.000000000000000000 ) ) ;
#1874 = DIRECTION ( 'NONE',  ( -1.000000000000000000, 0.000000000000000000, 0.000000000000000000 ) ) ;
#1875 = EDGE_CURVE ( 'NONE', #1322, #1791, #1474, .T. ) ;
#1876 = EDGE_LOOP ( 'NONE', ( #748, #1626, #769, #901 ) ) ;
#1877 = VERTEX_POINT ( 'NONE', #890 ) ;
#1878 = DIRECTION ( 'NONE',  ( 0.000000000000000000, 1.000000000000000000, 0.000000000000000000 ) ) ;
#1879 = CYLINDRICAL_SURFACE ( 'NONE', #1820, 0.5999999999999998668 ) ;
#1880 = EDGE_CURVE ( 'NONE', #1756, #1263, #612, .T. ) ;
#1881 = FACE_OUTER_BOUND ( 'NONE', #736, .T. ) ;
#1882 = DIRECTION ( 'NONE',  ( -0.8660254037844409281, 0.000000000000000000, -0.4999999999999961142 ) ) ;
#1883 = ORIENTED_EDGE ( 'NONE', *, *, #1415, .F. ) ;
#1884 = EDGE_LOOP ( 'NONE', ( #616, #648, #857, #10, #1681, #1633, #1352, #1680, #1533, #1913, #204, #1314, #1541, #1114, #1066, #1477, #1383, #1046, #120, #144, #1730, #1231, #716, #495, #1356, #1614, #1464, #658, #161, #1741, #1522, #253, #1883, #1281, #1054, #993 ) ) ;
#1885 = CARTESIAN_POINT ( 'NONE',  ( -6.000000000000000000, 0.7999999999999999334, -1.154700538379252350 ) ) ;
#1886 = DIRECTION ( 'NONE',  ( -0.000000000000000000, 1.000000000000000000, -0.000000000000000000 ) ) ;
#1887 = CIRCLE ( 'NONE', #1334, 8.000000000000000000 ) ;
#1888 = FACE_OUTER_BOUND ( 'NONE', #1153, .T. ) ;
#1889 = DIRECTION ( 'NONE',  ( 0.4999999999999999445, -0.000000000000000000, 0.8660254037844387076 ) ) ;
#1890 = FACE_OUTER_BOUND ( 'NONE', #870, .T. ) ;
#1891 = VERTEX_POINT ( 'NONE', #737 ) ;
#1892 = EDGE_LOOP ( 'NONE', ( #449, #1159, #1831, #358 ) ) ;
#1893 = EDGE_CURVE ( 'NONE', #1703, #1807, #1923, .T. ) ;
#1894 = CARTESIAN_POINT ( 'NONE',  ( 2.351556185020884371, 0.7999999999999999334, 5.976473749953321146 ) ) ;
#1895 = DIRECTION ( 'NONE',  ( -0.5000000000000002220, 0.000000000000000000, 0.8660254037844384856 ) ) ;
#1896 = VECTOR ( 'NONE', #674, 1000.000000000000000 ) ;
#1897 = STYLED_ITEM ( 'NONE', ( #1483 ), #405 ) ;
#1898 = CARTESIAN_POINT ( 'NONE',  ( 6.685220383092297602, 1.199999999999999956, -4.394067412942964879 ) ) ;
#1899 = EDGE_CURVE ( 'NONE', #588, #1844, #585, .T. ) ;
#1900 = EDGE_CURVE ( 'NONE', #1095, #960, #1799, .T. ) ;
#1901 = LINE ( 'NONE', #564, #1643 ) ;
#1902 = ORIENTED_EDGE ( 'NONE', *, *, #874, .F. ) ;
#1903 = ORIENTED_EDGE ( 'NONE', *, *, #725, .F. ) ;
#1904 = CARTESIAN_POINT ( 'NONE',  ( 0.000000000000000000, 1.199999999999999956, 0.000000000000000000 ) ) ;
#1905 = LINE ( 'NONE', #719, #959 ) ;
#1906 = DIRECTION ( 'NONE',  ( 0.000000000000000000, 0.000000000000000000, 1.000000000000000000 ) ) ;
#1907 = CARTESIAN_POINT ( 'NONE',  ( 0.4546072919177358007, 0.7999999999999999334, 0.08015953119190680209 ) ) ;
#1908 = CIRCLE ( 'NONE', #635, 2.654832348694351030 ) ;
#1909 = ADVANCED_FACE ( 'NONE', ( #1944 ), #606, .F. ) ;
#1910 = APPLICATION_PROTOCOL_DEFINITION ( 'draft international standard', 'automotive_design', 1998, #906 ) ;
#1911 = DIRECTION ( 'NONE',  ( -0.1736481776669185628, 0.000000000000000000, 0.9848077530122101297 ) ) ;
#1912 = VERTEX_POINT ( 'NONE', #407 ) ;
#1913 = ORIENTED_EDGE ( 'NONE', *, *, #74, .F. ) ;
#1914 = CARTESIAN_POINT ( 'NONE',  ( -5.283661508988076960, 1.199999999999999956, 3.122824367120710320 ) ) ;
#1915 = CARTESIAN_POINT ( 'NONE',  ( 5.708203932499394284, 1.199999999999999956, 5.605034153776271566 ) ) ;
#1916 = EDGE_CURVE ( 'NONE', #1912, #1027, #1622, .T. ) ;
#1917 = VECTOR ( 'NONE', #1358, 1000.000000000000000 ) ;
#1918 = CARTESIAN_POINT ( 'NONE',  ( 4.351556185020815093, 1.199999999999999956, -4.821773211574112317 ) ) ;
#1919 = CARTESIAN_POINT ( 'NONE',  ( 0.000000000000000000, -2.899999999999999911, 0.000000000000000000 ) ) ;
#1920 = CIRCLE ( 'NONE', #456, 8.000000000000000000 ) ;
#1921 = EDGE_CURVE ( 'NONE', #974, #576, #277, .T. ) ;
#1922 = ORIENTED_EDGE ( 'NONE', *, *, #637, .T. ) ;
#1923 = LINE ( 'NONE', #1788, #1679 ) ;
#1924 = ORIENTED_EDGE ( 'NONE', *, *, #1183, .F. ) ;
#1925 = ORIENTED_EDGE ( 'NONE', *, *, #520, .F. ) ;
#1926 = LINE ( 'NONE', #111, #330 ) ;
#1927 = DIRECTION ( 'NONE',  ( 0.4999999999999996669, 0.000000000000000000, 0.8660254037844388186 ) ) ;
#1928 = CARTESIAN_POINT ( 'NONE',  ( 0.6631030293135234954, -2.899999999999999467, -1.148528137423856732 ) ) ;
#1929 = CARTESIAN_POINT ( 'NONE',  ( 0.8755788882309153420, 1.199999999999999956, -7.951940744905255265 ) ) ;
#1930 = VECTOR ( 'NONE', #756, 999.9999999999998863 ) ;
#1931 = DIRECTION ( 'NONE',  ( -0.5000000000000002220, 0.000000000000000000, 0.8660254037844384856 ) ) ;
#1932 = VERTEX_POINT ( 'NONE', #1470 ) ;
#1933 = CARTESIAN_POINT ( 'NONE',  ( 6.487693860267877533, 0.7999999999999999334, -1.047216816013464280 ) ) ;
#1934 = ORIENTED_EDGE ( 'NONE', *, *, #932, .T. ) ;
#1935 = ORIENTED_EDGE ( 'NONE', *, *, #1900, .T. ) ;
#1936 = LINE ( 'NONE', #156, #939 ) ;
#1937 = PLANE ( 'NONE',  #1321 ) ;
#1938 = EDGE_CURVE ( 'NONE', #30, #1565, #266, .T. ) ;
#1939 = LINE ( 'NONE', #602, #1229 ) ;
#1940 = DIRECTION ( 'NONE',  ( 0.3420201433256630508, 0.000000000000000000, -0.9396926207859104263 ) ) ;
#1941 = EDGE_CURVE ( 'NONE', #305, #1013, #747, .T. ) ;
#1942 = VECTOR ( 'NONE', #1193, 1000.000000000000000 ) ;
#1943 = ORIENTED_EDGE ( 'NONE', *, *, #1183, .T. ) ;
#1944 = FACE_OUTER_BOUND ( 'NONE', #213, .T. ) ;
ENDSEC;
END-ISO-10303-21;
