ISO-10303-21;
HEADER;
FILE_DESCRIPTION (( 'STEP AP214' ),
    '1' );
FILE_NAME ('轮子1.9-2.9.STEP',
    '2023-09-19T11:53:55',
    ( '' ),
    ( '' ),
    'SwSTEP 2.0',
    'SolidWorks 2022',
    '' );
FILE_SCHEMA (( 'AUTOMOTIVE_DESIGN' ));
ENDSEC;

DATA;
#1 = CARTESIAN_POINT ( 'NONE',  ( 0.000000000000000000, 1.199999999999999956, 4.854832348694350763 ) ) ;
#2 = DIRECTION ( 'NONE',  ( 0.000000000000000000, 0.000000000000000000, -1.000000000000000000 ) ) ;
#3 = PLANE ( 'NONE',  #1735 ) ;
#4 = EDGE_CURVE ( 'NONE', #1530, #1289, #1749, .T. ) ;
#5 = DIRECTION ( 'NONE',  ( -0.8660254037844387076, 0.000000000000000000, -0.4999999999999998890 ) ) ;
#6 = PLANE ( 'NONE',  #1354 ) ;
#7 = DIRECTION ( 'NONE',  ( 0.000000000000000000, 0.000000000000000000, 1.000000000000000000 ) ) ;
#8 = ORIENTED_EDGE ( 'NONE', *, *, #1881, .T. ) ;
#9 = EDGE_CURVE ( 'NONE', #1729, #740, #1766, .T. ) ;
#10 = DIRECTION ( 'NONE',  ( 0.3420201433256588874, 0.000000000000000000, -0.9396926207859118696 ) ) ;
#11 = DIRECTION ( 'NONE',  ( -0.8660254037844363761, 0.000000000000000000, 0.5000000000000039968 ) ) ;
#12 = ORIENTED_EDGE ( 'NONE', *, *, #1149, .T. ) ;
#13 = VECTOR ( 'NONE', #1889, 1000.000000000000000 ) ;
#14 = LINE ( 'NONE', #494, #2142 ) ;
#15 = DIRECTION ( 'NONE',  ( -0.9848077530122086864, 0.000000000000000000, -0.1736481776669273613 ) ) ;
#16 = CARTESIAN_POINT ( 'NONE',  ( -7.708203932499369415, 1.199999999999999956, 2.140932538638538940 ) ) ;
#17 = DIRECTION ( 'NONE',  ( 0.4999999999999999445, 0.000000000000000000, -0.8660254037844387076 ) ) ;
#18 = AXIS2_PLACEMENT_3D ( 'NONE', #509, #346, #1687 ) ;
#19 = VERTEX_POINT ( 'NONE', #884 ) ;
#20 = CARTESIAN_POINT ( 'NONE',  ( 0.000000000000000000, -2.899999999999999911, 0.000000000000000000 ) ) ;
#21 = DIRECTION ( 'NONE',  ( 0.8660254037844389297, 0.000000000000000000, -0.4999999999999995559 ) ) ;
#22 = CARTESIAN_POINT ( 'NONE',  ( 7.961155196513401755, 1.199999999999999956, -0.7874058274026424220 ) ) ;
#23 = VERTEX_POINT ( 'NONE', #262 ) ;
#24 = EDGE_CURVE ( 'NONE', #604, #2006, #1199, .T. ) ;
#25 = DIRECTION ( 'NONE',  ( 0.5000000000000001110, -0.000000000000000000, -0.8660254037844387076 ) ) ;
#26 = CIRCLE ( 'NONE', #331, 2.654832348694351030 ) ;
#27 = CARTESIAN_POINT ( 'NONE',  ( -0.5484827557301445999, -7.900000000000000355, 0.9500000000000005107 ) ) ;
#28 = VECTOR ( 'NONE', #97, 1000.000000000000000 ) ;
#29 = AXIS2_PLACEMENT_3D ( 'NONE', #1757, #116, #1424 ) ;
#30 = DIRECTION ( 'NONE',  ( 9.103828801926283631E-15, -0.000000000000000000, 1.000000000000000000 ) ) ;
#31 = CARTESIAN_POINT ( 'NONE',  ( 7.961155196513403531, 0.7999999999999999334, -0.7874058274026422000 ) ) ;
#32 = ORIENTED_EDGE ( 'NONE', *, *, #263, .F. ) ;
#33 = DIRECTION ( 'NONE',  ( 0.3420201433256675472, 0.000000000000000000, -0.9396926207859088720 ) ) ;
#34 = ADVANCED_FACE ( 'NONE', ( #217 ), #871, .T. ) ;
#35 = AXIS2_PLACEMENT_3D ( 'NONE', #359, #204, #856 ) ;
#36 = LINE ( 'NONE', #886, #243 ) ;
#37 = ORIENTED_EDGE ( 'NONE', *, *, #1419, .T. ) ;
#38 = DIRECTION ( 'NONE',  ( 0.000000000000000000, 1.000000000000000000, 0.000000000000000000 ) ) ;
#39 = ORIENTED_EDGE ( 'NONE', *, *, #1598, .F. ) ;
#40 = VECTOR ( 'NONE', #602, 1000.000000000000000 ) ;
#41 = DIRECTION ( 'NONE',  ( -0.3420201433256630508, 0.000000000000000000, 0.9396926207859104263 ) ) ;
#42 = ADVANCED_FACE ( 'NONE', ( #1546, #398 ), #384, .T. ) ;
#43 = ADVANCED_FACE ( 'NONE', ( #556 ), #1063, .F. ) ;
#44 = LINE ( 'NONE', #61, #967 ) ;
#45 = ORIENTED_EDGE ( 'NONE', *, *, #736, .T. ) ;
#46 = DIRECTION ( 'NONE',  ( -0.000000000000000000, -1.000000000000000000, -0.000000000000000000 ) ) ;
#47 = DIRECTION ( 'NONE',  ( 0.000000000000000000, -0.000000000000000000, 1.000000000000000000 ) ) ;
#48 = EDGE_LOOP ( 'NONE', ( #319, #1165, #1712, #221 ) ) ;
#49 = DIRECTION ( 'NONE',  ( 0.8660254037844363761, 0.000000000000000000, -0.5000000000000039968 ) ) ;
#50 = ORIENTED_EDGE ( 'NONE', *, *, #1181, .F. ) ;
#51 = CARTESIAN_POINT ( 'NONE',  ( -0.9361374556340830155, -2.899999999999999911, -1.478562363973513927 ) ) ;
#52 = AXIS2_PLACEMENT_3D ( 'NONE', #1141, #823, #1299 ) ;
#53 = EDGE_CURVE ( 'NONE', #538, #1004, #1942, .T. ) ;
#54 = CYLINDRICAL_SURFACE ( 'NONE', #1385, 1.750000000000000000 ) ;
#55 = CARTESIAN_POINT ( 'NONE',  ( 0.05483234869434706893, 0.7999999999999999334, -0.1506506398933815938 ) ) ;
#56 = CARTESIAN_POINT ( 'NONE',  ( -0.8124038404635959276, -2.899999999999999911, -1.550000000000000266 ) ) ;
#57 = CARTESIAN_POINT ( 'NONE',  ( -3.166435318698758827, 1.199999999999999956, -7.346678662667716964 ) ) ;
#58 = ORIENTED_EDGE ( 'NONE', *, *, #2024, .T. ) ;
#59 = VERTEX_POINT ( 'NONE', #1777 ) ;
#60 = DIRECTION ( 'NONE',  ( -0.000000000000000000, 1.000000000000000000, -0.000000000000000000 ) ) ;
#61 = CARTESIAN_POINT ( 'NONE',  ( 3.251231938101386262E-16, -12.93153950114235506, -2.654832348694351030 ) ) ;
#62 = DIRECTION ( 'NONE',  ( 0.000000000000000000, 1.000000000000000000, 0.000000000000000000 ) ) ;
#63 = EDGE_CURVE ( 'NONE', #634, #1205, #1107, .T. ) ;
#64 = EDGE_LOOP ( 'NONE', ( #235, #1854, #196, #1355 ) ) ;
#65 = VECTOR ( 'NONE', #548, 1000.000000000000000 ) ;
#66 = AXIS2_PLACEMENT_3D ( 'NONE', #485, #1352, #1146 ) ;
#67 = CARTESIAN_POINT ( 'NONE',  ( -3.799207111050955543, 0.7999999999999999334, 4.891928228904545151 ) ) ;
#68 = CARTESIAN_POINT ( 'NONE',  ( 0.000000000000000000, 0.000000000000000000, 0.000000000000000000 ) ) ;
#69 = EDGE_LOOP ( 'NONE', ( #599, #1790, #1635, #257 ) ) ;
#70 = ORIENTED_EDGE ( 'NONE', *, *, #652, .F. ) ;
#71 = ORIENTED_EDGE ( 'NONE', *, *, #1130, .T. ) ;
#72 = AXIS2_PLACEMENT_3D ( 'NONE', #1348, #324, #201 ) ;
#73 = DIRECTION ( 'NONE',  ( 0.000000000000000000, 1.000000000000000000, 0.000000000000000000 ) ) ;
#74 = DIRECTION ( 'NONE',  ( 0.6427876096865404731, 0.000000000000000000, 0.7660444431189771253 ) ) ;
#75 = ORIENTED_EDGE ( 'NONE', *, *, #867, .T. ) ;
#76 = PLANE ( 'NONE',  #1426 ) ;
#77 = DIRECTION ( 'NONE',  ( 0.000000000000000000, 0.000000000000000000, 1.000000000000000000 ) ) ;
#78 = EDGE_CURVE ( 'NONE', #1550, #930, #1208, .T. ) ;
#79 = ORIENTED_EDGE ( 'NONE', *, *, #1220, .T. ) ;
#80 = ORIENTED_EDGE ( 'NONE', *, *, #2133, .T. ) ;
#81 = ORIENTED_EDGE ( 'NONE', *, *, #1911, .T. ) ;
#82 = DIRECTION ( 'NONE',  ( 0.000000000000000000, -0.000000000000000000, -1.000000000000000000 ) ) ;
#83 = DIRECTION ( 'NONE',  ( 0.4999999999999998335, 0.000000000000000000, -0.8660254037844387076 ) ) ;
#84 = PRESENTATION_STYLE_ASSIGNMENT (( #2073 ) ) ;
#85 = EDGE_LOOP ( 'NONE', ( #1054, #1484, #1904, #620 ) ) ;
#86 = CARTESIAN_POINT ( 'NONE',  ( -3.799207111050955543, 0.7999999999999999334, 4.891928228904545151 ) ) ;
#87 = CARTESIAN_POINT ( 'NONE',  ( 6.351556185020884371, 0.7999999999999999334, 5.976473749953301606 ) ) ;
#88 = ORIENTED_EDGE ( 'NONE', *, *, #1059, .T. ) ;
#89 = ORIENTED_EDGE ( 'NONE', *, *, #213, .F. ) ;
#90 = ORIENTED_EDGE ( 'NONE', *, *, #348, .F. ) ;
#91 = EDGE_LOOP ( 'NONE', ( #1980, #441, #499, #586, #222, #2058 ) ) ;
#92 = CARTESIAN_POINT ( 'NONE',  ( -1.342339375865880147, -2.899999999999999911, 0.7749999999999998002 ) ) ;
#93 = ORIENTED_EDGE ( 'NONE', *, *, #1046, .F. ) ;
#94 = DIRECTION ( 'NONE',  ( 0.6427876096865300370, 0.000000000000000000, -0.7660444431189858960 ) ) ;
#95 = DIRECTION ( 'NONE',  ( 0.9848077530122086864, 0.000000000000000000, 0.1736481776669273613 ) ) ;
#96 = LINE ( 'NONE', #1899, #1698 ) ;
#97 = DIRECTION ( 'NONE',  ( 0.9848077530122062440, 0.000000000000000000, -0.1736481776669404620 ) ) ;
#98 = CIRCLE ( 'NONE', #812, 1.750000000000000000 ) ;
#99 = VERTEX_POINT ( 'NONE', #593 ) ;
#100 = EDGE_LOOP ( 'NONE', ( #1088, #1089, #402, #1113 ) ) ;
#101 = EDGE_CURVE ( 'NONE', #972, #2148, #1960, .T. ) ;
#102 = CARTESIAN_POINT ( 'NONE',  ( 4.351556185020815093, 0.7999999999999999334, -4.821773211574112317 ) ) ;
#103 = EDGE_LOOP ( 'NONE', ( #253, #2019, #1925, #1975 ) ) ;
#104 = ADVANCED_FACE ( 'NONE', ( #1452 ), #1268, .T. ) ;
#105 = EDGE_CURVE ( 'NONE', #1530, #19, #1921, .T. ) ;
#106 = CARTESIAN_POINT ( 'NONE',  ( 0.000000000000000000, 0.7999999999999999334, 0.000000000000000000 ) ) ;
#107 = LINE ( 'NONE', #1912, #834 ) ;
#108 = DIRECTION ( 'NONE',  ( -0.5000000000000000000, 0.000000000000000000, 0.8660254037844385966 ) ) ;
#109 = EDGE_LOOP ( 'NONE', ( #1080, #45, #1133, #2063 ) ) ;
#110 = ORIENTED_EDGE ( 'NONE', *, *, #1957, .F. ) ;
#111 = DIRECTION ( 'NONE',  ( 1.000000000000000000, 0.000000000000000000, -9.883648675902361594E-17 ) ) ;
#112 = ORIENTED_EDGE ( 'NONE', *, *, #188, .T. ) ;
#113 = EDGE_CURVE ( 'NONE', #471, #1743, #1609, .T. ) ;
#114 = SHAPE_DEFINITION_REPRESENTATION ( #1015, #2050 ) ;
#115 = CIRCLE ( 'NONE', #2092, 2.654832348694351030 ) ;
#116 = DIRECTION ( 'NONE',  ( -1.000000000000000000, 0.000000000000000000, 0.000000000000000000 ) ) ;
#117 = CIRCLE ( 'NONE', #394, 1.750000000000000000 ) ;
#118 = DIRECTION ( 'NONE',  ( -0.8660254037844408170, 0.000000000000000000, -0.4999999999999961142 ) ) ;
#119 = PLANE ( 'NONE',  #1382 ) ;
#120 = VERTEX_POINT ( 'NONE', #630 ) ;
#121 = DIRECTION ( 'NONE',  ( -0.9848077530122070211, 0.000000000000000000, 0.1736481776669361321 ) ) ;
#122 = ADVANCED_FACE ( 'NONE', ( #1949 ), #1795, .T. ) ;
#123 = ORIENTED_EDGE ( 'NONE', *, *, #1170, .T. ) ;
#124 = ORIENTED_EDGE ( 'NONE', *, *, #318, .F. ) ;
#125 = DIRECTION ( 'NONE',  ( 0.8660254037844432595, 0.000000000000000000, 0.4999999999999919509 ) ) ;
#126 = FACE_OUTER_BOUND ( 'NONE', #343, .T. ) ;
#127 = ADVANCED_FACE ( 'NONE', ( #298 ), #433, .T. ) ;
#128 = CARTESIAN_POINT ( 'NONE',  ( 0.000000000000000000, -12.93153950114235506, 0.000000000000000000 ) ) ;
#129 = ORIENTED_EDGE ( 'NONE', *, *, #1611, .F. ) ;
#130 = AXIS2_PLACEMENT_3D ( 'NONE', #796, #144, #328 ) ;
#131 = DIRECTION ( 'NONE',  ( 0.9848077530122062440, 0.000000000000000000, -0.1736481776669404620 ) ) ;
#132 = EDGE_LOOP ( 'NONE', ( #185, #1534, #1213, #655 ) ) ;
#133 = AXIS2_PLACEMENT_3D ( 'NONE', #68, #715, #47 ) ;
#134 = ORIENTED_EDGE ( 'NONE', *, *, #956, .F. ) ;
#135 = CIRCLE ( 'NONE', #1106, 8.000000000000000000 ) ;
#136 = CARTESIAN_POINT ( 'NONE',  ( -1.748541296097678277, -2.899999999999999911, -0.07143763602648661726 ) ) ;
#137 = VECTOR ( 'NONE', #828, 1000.000000000000000 ) ;
#138 = PLANE ( 'NONE',  #244 ) ;
#139 = DIRECTION ( 'NONE',  ( -0.7660444431189714631, 0.000000000000000000, 0.6427876096865471345 ) ) ;
#140 = FACE_OUTER_BOUND ( 'NONE', #966, .T. ) ;
#141 = ORIENTED_EDGE ( 'NONE', *, *, #323, .T. ) ;
#142 = AXIS2_PLACEMENT_3D ( 'NONE', #316, #1950, #979 ) ;
#143 = ADVANCED_FACE ( 'NONE', ( #1121 ), #273, .F. ) ;
#144 = DIRECTION ( 'NONE',  ( 0.000000000000000000, -1.000000000000000000, 0.000000000000000000 ) ) ;
#145 = ORIENTED_EDGE ( 'NONE', *, *, #1182, .T. ) ;
#146 = CARTESIAN_POINT ( 'NONE',  ( -0.5484827557301448220, -3.499999999999999556, -0.9500000000000001776 ) ) ;
#147 = CARTESIAN_POINT ( 'NONE',  ( 0.000000000000000000, -2.899999999999999911, 0.000000000000000000 ) ) ;
#148 = DIRECTION ( 'NONE',  ( 0.000000000000000000, -1.000000000000000000, 0.000000000000000000 ) ) ;
#149 = AXIS2_PLACEMENT_3D ( 'NONE', #190, #1173, #1223 ) ;
#150 = CARTESIAN_POINT ( 'NONE',  ( -7.211730137151334041, 0.7999999999999999334, 3.462794886923453053 ) ) ;
#151 = ORIENTED_EDGE ( 'NONE', *, *, #1626, .T. ) ;
#152 = LINE ( 'NONE', #1164, #2035 ) ;
#153 = EDGE_LOOP ( 'NONE', ( #625, #1954, #233, #1435, #1136, #234 ) ) ;
#154 = DIRECTION ( 'NONE',  ( -1.000000000000000000, -0.000000000000000000, 9.883648675902361594E-17 ) ) ;
#155 = DIRECTION ( 'NONE',  ( -0.8660254037844363761, 0.000000000000000000, 0.5000000000000039968 ) ) ;
#156 = DIRECTION ( 'NONE',  ( 0.4999999999999998335, 0.000000000000000000, 0.8660254037844387076 ) ) ;
#157 = ORIENTED_EDGE ( 'NONE', *, *, #1386, .F. ) ;
#158 = FACE_OUTER_BOUND ( 'NONE', #272, .T. ) ;
#159 = CARTESIAN_POINT ( 'NONE',  ( 5.697832172998507083, 1.199999999999999956, 3.217343966278387146 ) ) ;
#160 = EDGE_CURVE ( 'NONE', #940, #1126, #2143, .T. ) ;
#161 = VECTOR ( 'NONE', #1180, 1000.000000000000000 ) ;
#162 = CARTESIAN_POINT ( 'NONE',  ( 0.8749999999999995559, -2.900990137367855937, 1.515544456622767822 ) ) ;
#163 = VECTOR ( 'NONE', #108, 1000.000000000000227 ) ;
#164 = COLOUR_RGB ( '',0.8431372549019607865, 0.8156862745098039102, 0.7529411764705882248 ) ;
#165 = ADVANCED_FACE ( 'NONE', ( #1621 ), #138, .F. ) ;
#166 = CARTESIAN_POINT ( 'NONE',  ( 0.000000000000000000, 0.000000000000000000, 0.000000000000000000 ) ) ;
#167 = VECTOR ( 'NONE', #25, 999.9999999999998863 ) ;
#168 = DIRECTION ( 'NONE',  ( 0.000000000000000000, 0.000000000000000000, -1.000000000000000000 ) ) ;
#169 = LINE ( 'NONE', #2147, #1984 ) ;
#170 = VERTEX_POINT ( 'NONE', #1590 ) ;
#171 = VECTOR ( 'NONE', #466, 1000.000000000000000 ) ;
#172 = LINE ( 'NONE', #825, #1341 ) ;
#173 = CARTESIAN_POINT ( 'NONE',  ( -1.750000000000000000, -2.900305353333383795, -0.02380995045860213877 ) ) ;
#174 = ORIENTED_EDGE ( 'NONE', *, *, #1797, .T. ) ;
#175 = DIRECTION ( 'NONE',  ( 4.829470157119430162E-15, 0.000000000000000000, 1.000000000000000000 ) ) ;
#176 = DIRECTION ( 'NONE',  ( 0.8660254037844387076, 0.000000000000000000, 0.4999999999999999445 ) ) ;
#177 = CARTESIAN_POINT ( 'NONE',  ( 0.8755788882309144538, 1.199999999999999956, -7.951940744905255265 ) ) ;
#178 = CARTESIAN_POINT ( 'NONE',  ( 0.000000000000000000, -2.899999999999999911, 1.750000000000000000 ) ) ;
#179 = ORIENTED_EDGE ( 'NONE', *, *, #1957, .T. ) ;
#180 = EDGE_CURVE ( 'NONE', #2148, #907, #135, .T. ) ;
#181 = FACE_OUTER_BOUND ( 'NONE', #805, .T. ) ;
#182 = DIRECTION ( 'NONE',  ( 0.3420201433256757073, 0.000000000000000000, 0.9396926207859057634 ) ) ;
#183 = ORIENTED_EDGE ( 'NONE', *, *, #868, .F. ) ;
#184 = CARTESIAN_POINT ( 'NONE',  ( 0.8956200219599986800, -2.900305353333383795, -1.503639481393466371 ) ) ;
#185 = ORIENTED_EDGE ( 'NONE', *, *, #1362, .T. ) ;
#186 = CARTESIAN_POINT ( 'NONE',  ( -1.985374379175191883, 0.7999999999999999334, 5.939145044917966132 ) ) ;
#187 = DIRECTION ( 'NONE',  ( -0.8660254037844385966, 0.000000000000000000, -0.4999999999999998890 ) ) ;
#188 = EDGE_CURVE ( 'NONE', #19, #403, #442, .T. ) ;
#189 = DIRECTION ( 'NONE',  ( 0.000000000000000000, -1.000000000000000000, 0.000000000000000000 ) ) ;
#190 = CARTESIAN_POINT ( 'NONE',  ( -5.283661508988076960, 0.7999999999999999334, 3.122824367120710320 ) ) ;
#191 = EDGE_LOOP ( 'NONE', ( #1705, #1331, #1414, #206 ) ) ;
#192 = ADVANCED_FACE ( 'NONE', ( #937 ), #1600, .F. ) ;
#193 = ADVANCED_FACE ( 'NONE', ( #2011 ), #642, .T. ) ;
#194 = PLANE ( 'NONE',  #1499 ) ;
#195 = DIRECTION ( 'NONE',  ( 9.103828801926283631E-15, 0.000000000000000000, 1.000000000000000000 ) ) ;
#196 = ORIENTED_EDGE ( 'NONE', *, *, #2059, .F. ) ;
#197 = EDGE_CURVE ( 'NONE', #489, #1079, #1652, .T. ) ;
#198 = ORIENTED_EDGE ( 'NONE', *, *, #53, .T. ) ;
#199 = LINE ( 'NONE', #1166, #1989 ) ;
#200 = ORIENTED_EDGE ( 'NONE', *, *, #1981, .T. ) ;
#201 = DIRECTION ( 'NONE',  ( 0.000000000000000000, 0.000000000000000000, 1.000000000000000000 ) ) ;
#202 = AXIS2_PLACEMENT_3D ( 'NONE', #1255, #270, #121 ) ;
#203 = LINE ( 'NONE', #994, #1154 ) ;
#204 = DIRECTION ( 'NONE',  ( 0.000000000000000000, 1.000000000000000000, 0.000000000000000000 ) ) ;
#205 = CARTESIAN_POINT ( 'NONE',  ( -3.799207111050955543, 0.7999999999999999334, 4.891928228904545151 ) ) ;
#206 = ORIENTED_EDGE ( 'NONE', *, *, #312, .F. ) ;
#207 = LINE ( 'NONE', #1368, #1055 ) ;
#208 = CARTESIAN_POINT ( 'NONE',  ( 2.143131898507868297E-16, -2.899999999999999911, -1.750000000000000000 ) ) ;
#209 = ORIENTED_EDGE ( 'NONE', *, *, #520, .T. ) ;
#210 = DIRECTION ( 'NONE',  ( -0.000000000000000000, -1.000000000000000000, -0.000000000000000000 ) ) ;
#211 = VERTEX_POINT ( 'NONE', #1675 ) ;
#212 = AXIS2_PLACEMENT_3D ( 'NONE', #413, #1409, #254 ) ;
#213 = EDGE_CURVE ( 'NONE', #717, #1119, #521, .T. ) ;
#214 = CARTESIAN_POINT ( 'NONE',  ( -3.799207111050955543, 1.199999999999999956, 4.891928228904545151 ) ) ;
#215 = ADVANCED_FACE ( 'NONE', ( #1804 ), #1010, .F. ) ;
#216 = CARTESIAN_POINT ( 'NONE',  ( 1.748541296097678499, -2.899999999999999911, 0.07143763602648531275 ) ) ;
#217 = FACE_OUTER_BOUND ( 'NONE', #69, .T. ) ;
#218 = PLANE ( 'NONE',  #1438 ) ;
#219 = CARTESIAN_POINT ( 'NONE',  ( 6.487693860267890855, 0.7999999999999999334, 1.047216816013384788 ) ) ;
#220 = ORIENTED_EDGE ( 'NONE', *, *, #1457, .T. ) ;
#221 = ORIENTED_EDGE ( 'NONE', *, *, #1995, .F. ) ;
#222 = ORIENTED_EDGE ( 'NONE', *, *, #1858, .F. ) ;
#223 = DIRECTION ( 'NONE',  ( 0.000000000000000000, 0.000000000000000000, 1.000000000000000000 ) ) ;
#224 = AXIS2_PLACEMENT_3D ( 'NONE', #1198, #2013, #1723 ) ;
#225 = MANIFOLD_SOLID_BREP ( '圆角3', #1305 ) ;
#226 = VECTOR ( 'NONE', #690, 1000.000000000000000 ) ;
#227 = CARTESIAN_POINT ( 'NONE',  ( 4.351556185020815093, 0.7999999999999999334, -4.821773211574112317 ) ) ;
#228 = CARTESIAN_POINT ( 'NONE',  ( 0.8755788882309153420, 1.199999999999999956, -7.951940744905255265 ) ) ;
#229 = ORIENTED_EDGE ( 'NONE', *, *, #641, .T. ) ;
#230 = DIRECTION ( 'NONE',  ( 0.000000000000000000, 0.000000000000000000, -1.000000000000000000 ) ) ;
#231 = AXIS2_PLACEMENT_3D ( 'NONE', #1193, #1855, #49 ) ;
#232 = FACE_OUTER_BOUND ( 'NONE', #1856, .T. ) ;
#233 = ORIENTED_EDGE ( 'NONE', *, *, #477, .F. ) ;
#234 = ORIENTED_EDGE ( 'NONE', *, *, #393, .F. ) ;
#235 = ORIENTED_EDGE ( 'NONE', *, *, #2071, .T. ) ;
#236 = CARTESIAN_POINT ( 'NONE',  ( -1.985374379175191883, 0.7999999999999999334, 5.939145044917966132 ) ) ;
#237 =( BOUNDED_CURVE ( )  B_SPLINE_CURVE ( 3, ( #353, #1215, #1390, #1547 ),
 .UNSPECIFIED., .F., .F. ) 
 B_SPLINE_CURVE_WITH_KNOTS ( ( 4, 4 ),
 ( 3.141592653589793116, 4.654931465259240397 ),
 .UNSPECIFIED. ) 
 CURVE ( )  GEOMETRIC_REPRESENTATION_ITEM ( )  RATIONAL_B_SPLINE_CURVE ( ( 1.000000000000000000, 0.8180843359977530982, 0.8180843359977530982, 1.000000000000000000 ) ) 
 REPRESENTATION_ITEM ( '' )  );
#238 = VECTOR ( 'NONE', #1576, 1000.000000000000227 ) ;
#239 = EDGE_CURVE ( 'NONE', #2111, #2078, #2144, .T. ) ;
#240 = DIRECTION ( 'NONE',  ( 0.000000000000000000, 1.000000000000000000, 0.000000000000000000 ) ) ;
#241 = CARTESIAN_POINT ( 'NONE',  ( 0.000000000000000000, 0.8000000000000003775, 0.000000000000000000 ) ) ;
#242 = ORIENTED_EDGE ( 'NONE', *, *, #665, .T. ) ;
#243 = VECTOR ( 'NONE', #1176, 1000.000000000000000 ) ;
#244 = AXIS2_PLACEMENT_3D ( 'NONE', #2102, #1768, #773 ) ;
#245 = DIRECTION ( 'NONE',  ( 0.000000000000000000, 1.000000000000000000, 0.000000000000000000 ) ) ;
#246 = CARTESIAN_POINT ( 'NONE',  ( 2.351556185020884371, 1.199999999999999956, 5.976473749953321146 ) ) ;
#247 = ORIENTED_EDGE ( 'NONE', *, *, #1930, .T. ) ;
#248 = ORIENTED_EDGE ( 'NONE', *, *, #1260, .T. ) ;
#249 = VECTOR ( 'NONE', #1234, 1000.000000000000000 ) ;
#250 = CARTESIAN_POINT ( 'NONE',  ( -0.8750000000000001110, -2.900990137367855937, -1.515544456622767600 ) ) ;
#251 = DIRECTION ( 'NONE',  ( 0.000000000000000000, 1.000000000000000000, 0.000000000000000000 ) ) ;
#252 = ORIENTED_EDGE ( 'NONE', *, *, #1638, .F. ) ;
#253 = ORIENTED_EDGE ( 'NONE', *, *, #1658, .T. ) ;
#254 = DIRECTION ( 'NONE',  ( 0.000000000000000000, 0.000000000000000000, 1.000000000000000000 ) ) ;
#255 = LINE ( 'NONE', #286, #1825 ) ;
#256 = ORIENTED_EDGE ( 'NONE', *, *, #1362, .F. ) ;
#257 = ORIENTED_EDGE ( 'NONE', *, *, #681, .T. ) ;
#258 = ORIENTED_EDGE ( 'NONE', *, *, #1785, .T. ) ;
#259 = DIRECTION ( 'NONE',  ( 9.883648675902361594E-17, 0.000000000000000000, 1.000000000000000000 ) ) ;
#260 = MECHANICAL_DESIGN_GEOMETRIC_PRESENTATION_REPRESENTATION (  '', ( #317 ), #1011 ) ;
#261 = CARTESIAN_POINT ( 'NONE',  ( 0.2889417060312441943, 1.199999999999999956, -6.340168333399118339 ) ) ;
#262 = CARTESIAN_POINT ( 'NONE',  ( -3.166435318698658019, 1.199999999999999956, 7.346678662667757820 ) ) ;
#263 = EDGE_CURVE ( 'NONE', #729, #314, #992, .T. ) ;
#264 = DIRECTION ( 'NONE',  ( -0.000000000000000000, -1.000000000000000000, -0.000000000000000000 ) ) ;
#265 = DIRECTION ( 'NONE',  ( 0.000000000000000000, 0.000000000000000000, 1.000000000000000000 ) ) ;
#266 = ORIENTED_EDGE ( 'NONE', *, *, #1703, .F. ) ;
#267 = ORIENTED_EDGE ( 'NONE', *, *, #1232, .T. ) ;
#268 = ADVANCED_FACE ( 'NONE', ( #335 ), #1317, .T. ) ;
#269 = EDGE_CURVE ( 'NONE', #2064, #2105, #819, .T. ) ;
#270 = DIRECTION ( 'NONE',  ( -0.1736481776669361599, 0.000000000000000000, -0.9848077530122071321 ) ) ;
#271 = ORIENTED_EDGE ( 'NONE', *, *, #1030, .T. ) ;
#272 = EDGE_LOOP ( 'NONE', ( #700, #50, #2014, #550, #258, #984 ) ) ;
#273 = CYLINDRICAL_SURFACE ( 'NONE', #29, 0.5999999999999998668 ) ;
#274 = DIRECTION ( 'NONE',  ( 0.000000000000000000, 1.000000000000000000, 0.000000000000000000 ) ) ;
#275 = CARTESIAN_POINT ( 'NONE',  ( -6.000000000000000000, 1.199999999999999956, -1.154700538379252350 ) ) ;
#276 = AXIS2_PLACEMENT_3D ( 'NONE', #1697, #1564, #223 ) ;
#277 = ORIENTED_EDGE ( 'NONE', *, *, #239, .T. ) ;
#278 = EDGE_LOOP ( 'NONE', ( #551, #1056, #545, #865 ) ) ;
#279 = CARTESIAN_POINT ( 'NONE',  ( 6.487693860267890855, 0.7999999999999999334, 1.047216816013384788 ) ) ;
#280 = EDGE_CURVE ( 'NONE', #1916, #863, #986, .T. ) ;
#281 = AXIS2_PLACEMENT_3D ( 'NONE', #968, #1756, #1460 ) ;
#282 = EDGE_CURVE ( 'NONE', #1947, #330, #1326, .T. ) ;
#283 = ORIENTED_EDGE ( 'NONE', *, *, #361, .T. ) ;
#284 = DIRECTION ( 'NONE',  ( -0.000000000000000000, 1.000000000000000000, -0.000000000000000000 ) ) ;
#285 = DIRECTION ( 'NONE',  ( -0.8660254037844409281, 0.000000000000000000, -0.4999999999999961142 ) ) ;
#286 = CARTESIAN_POINT ( 'NONE',  ( 1.096965511460288756, -3.499999999999999556, 2.216604151201382265E-16 ) ) ;
#287 = ORIENTED_EDGE ( 'NONE', *, *, #1936, .F. ) ;
#288 = EDGE_CURVE ( 'NONE', #925, #365, #1001, .T. ) ;
#289 = CIRCLE ( 'NONE', #1604, 4.854832348694350763 ) ;
#290 = CARTESIAN_POINT ( 'NONE',  ( 2.351556185020803103, 0.7999999999999999334, -5.976473749953345127 ) ) ;
#291 = CIRCLE ( 'NONE', #772, 1.750000000000000000 ) ;
#292 = LINE ( 'NONE', #1786, #695 ) ;
#293 = DIRECTION ( 'NONE',  ( -0.000000000000000000, 1.000000000000000000, -0.000000000000000000 ) ) ;
#294 = ORIENTED_EDGE ( 'NONE', *, *, #1023, .F. ) ;
#295 = CARTESIAN_POINT ( 'NONE',  ( 6.487693860267889967, 1.199999999999999956, 1.047216816013384788 ) ) ;
#296 = CARTESIAN_POINT ( 'NONE',  ( 6.685220383092353558, 0.7999999999999999334, 4.394067412942879614 ) ) ;
#297 = CIRCLE ( 'NONE', #1610, 1.750000000000000000 ) ;
#298 = FACE_OUTER_BOUND ( 'NONE', #1539, .T. ) ;
#299 = ADVANCED_FACE ( 'NONE', ( #671 ), #1472, .F. ) ;
#300 = CARTESIAN_POINT ( 'NONE',  ( -3.469828777112403007, 0.7999999999999999334, -7.708248906701753889 ) ) ;
#301 = DIRECTION ( 'NONE',  ( -0.000000000000000000, -1.000000000000000000, -0.000000000000000000 ) ) ;
#302 = ORIENTED_EDGE ( 'NONE', *, *, #280, .F. ) ;
#303 = VECTOR ( 'NONE', #1819, 1000.000000000000000 ) ;
#304 = DIRECTION ( 'NONE',  ( -0.7660444431189741277, 0.000000000000000000, 0.6427876096865441369 ) ) ;
#305 = ORIENTED_EDGE ( 'NONE', *, *, #1895, .F. ) ;
#306 = AXIS2_PLACEMENT_3D ( 'NONE', #2134, #176, #1986 ) ;
#307 = FACE_OUTER_BOUND ( 'NONE', #533, .T. ) ;
#308 = VECTOR ( 'NONE', #251, 1000.000000000000000 ) ;
#309 = DIRECTION ( 'NONE',  ( -0.8660254037844389297, 0.000000000000000000, 0.4999999999999995559 ) ) ;
#310 = LINE ( 'NONE', #793, #2021 ) ;
#311 = ORIENTED_EDGE ( 'NONE', *, *, #958, .F. ) ;
#312 = EDGE_CURVE ( 'NONE', #1992, #1126, #855, .T. ) ;
#313 = CARTESIAN_POINT ( 'NONE',  ( 0.000000000000000000, 1.199999999999999956, -8.000000000000000000 ) ) ;
#314 = VERTEX_POINT ( 'NONE', #1022 ) ;
#315 = LINE ( 'NONE', #1641, #789 ) ;
#316 = CARTESIAN_POINT ( 'NONE',  ( 0.000000000000000000, 0.7999999999999999334, 0.000000000000000000 ) ) ;
#317 = STYLED_ITEM ( 'NONE', ( #84 ), #2050 ) ;
#318 = EDGE_CURVE ( 'NONE', #1179, #1174, #203, .T. ) ;
#319 = ORIENTED_EDGE ( 'NONE', *, *, #640, .T. ) ;
#320 = CYLINDRICAL_SURFACE ( 'NONE', #683, 0.5999999999999999778 ) ;
#321 = PLANE ( 'NONE',  #231 ) ;
#322 = ORIENTED_EDGE ( 'NONE', *, *, #1181, .T. ) ;
#323 = EDGE_CURVE ( 'NONE', #1868, #404, #1137, .T. ) ;
#324 = DIRECTION ( 'NONE',  ( 0.000000000000000000, 1.000000000000000000, 0.000000000000000000 ) ) ;
#325 = FACE_OUTER_BOUND ( 'NONE', #1670, .T. ) ;
#326 = CARTESIAN_POINT ( 'NONE',  ( 6.685220383092298491, 1.199999999999999956, -4.394067412942966655 ) ) ;
#327 = ORIENTED_EDGE ( 'NONE', *, *, #753, .F. ) ;
#328 = DIRECTION ( 'NONE',  ( 0.000000000000000000, 0.000000000000000000, -1.000000000000000000 ) ) ;
#329 = CARTESIAN_POINT ( 'NONE',  ( 0.9160122821899442380, -2.899999999999999911, -1.491304422828278797 ) ) ;
#330 = VERTEX_POINT ( 'NONE', #22 ) ;
#331 = AXIS2_PLACEMENT_3D ( 'NONE', #2070, #1718, #1047 ) ;
#332 = CARTESIAN_POINT ( 'NONE',  ( 1.096965511460288756, -7.900000000000000355, 2.216604151201382265E-16 ) ) ;
#333 = CIRCLE ( 'NONE', #446, 8.000000000000000000 ) ;
#334 = AXIS2_PLACEMENT_3D ( 'NONE', #2093, #1281, #1114 ) ;
#335 = FACE_OUTER_BOUND ( 'NONE', #692, .T. ) ;
#336 = AXIS2_PLACEMENT_3D ( 'NONE', #755, #83, #396 ) ;
#337 = LINE ( 'NONE', #227, #2048 ) ;
#338 = DIRECTION ( 'NONE',  ( 0.9396926207859120916, 0.000000000000000000, 0.3420201433256588319 ) ) ;
#339 = VERTEX_POINT ( 'NONE', #1983 ) ;
#340 = CARTESIAN_POINT ( 'NONE',  ( 5.697832172998464451, 0.7999999999999999334, -3.217343966278456424 ) ) ;
#341 = VERTEX_POINT ( 'NONE', #1993 ) ;
#342 = CARTESIAN_POINT ( 'NONE',  ( -5.283661508988117816, 1.199999999999999956, -3.122824367120635269 ) ) ;
#343 = EDGE_LOOP ( 'NONE', ( #597, #1206, #749, #70 ) ) ;
#344 = CARTESIAN_POINT ( 'NONE',  ( 0.000000000000000000, 1.199999999999999956, 0.000000000000000000 ) ) ;
#345 = EDGE_CURVE ( 'NONE', #732, #1519, #838, .T. ) ;
#346 = DIRECTION ( 'NONE',  ( 1.000000000000000000, 0.000000000000000000, 0.000000000000000000 ) ) ;
#347 = EDGE_CURVE ( 'NONE', #1360, #925, #2032, .T. ) ;
#348 = EDGE_CURVE ( 'NONE', #1101, #99, #297, .T. ) ;
#349 = DIRECTION ( 'NONE',  ( 0.000000000000000000, 1.000000000000000000, 0.000000000000000000 ) ) ;
#350 = CARTESIAN_POINT ( 'NONE',  ( -4.589068798320347753, 0.7999999999999999334, 7.062055379169541069 ) ) ;
#351 = ORIENTED_EDGE ( 'NONE', *, *, #1867, .T. ) ;
#352 = VECTOR ( 'NONE', #644, 1000.000000000000000 ) ;
#353 = CARTESIAN_POINT ( 'NONE',  ( -0.5484827557301448220, -3.499999999999999556, -0.9500000000000001776 ) ) ;
#354 = DIRECTION ( 'NONE',  ( -1.000000000000000000, 0.000000000000000000, 9.103828801926283631E-15 ) ) ;
#355 = CARTESIAN_POINT ( 'NONE',  ( 0.4546072919177354121, 0.7999999999999999334, -0.08015953119190567799 ) ) ;
#356 = ORIENTED_EDGE ( 'NONE', *, *, #1851, .T. ) ;
#357 = LINE ( 'NONE', #1009, #167 ) ;
#358 = CARTESIAN_POINT ( 'NONE',  ( -7.211730137151334930, 1.199999999999999956, 3.462794886923454829 ) ) ;
#359 = CARTESIAN_POINT ( 'NONE',  ( 0.000000000000000000, 1.199999999999999956, 0.000000000000000000 ) ) ;
#360 = ORIENTED_EDGE ( 'NONE', *, *, #833, .T. ) ;
#361 = EDGE_CURVE ( 'NONE', #1497, #677, #678, .T. ) ;
#362 = CARTESIAN_POINT ( 'NONE',  ( 1.759392532196807357, 1.199999999999999956, -1.476305624862432220 ) ) ;
#363 = CARTESIAN_POINT ( 'NONE',  ( 0.5484827557301445999, -3.499999999999999556, -0.9500000000000002887 ) ) ;
#364 = EDGE_CURVE ( 'NONE', #931, #1032, #537, .T. ) ;
#365 = VERTEX_POINT ( 'NONE', #1671 ) ;
#366 = ORIENTED_EDGE ( 'NONE', *, *, #639, .F. ) ;
#367 = DIRECTION ( 'NONE',  ( 0.000000000000000000, -1.000000000000000000, 0.000000000000000000 ) ) ;
#368 = PRODUCT_DEFINITION_CONTEXT ( 'detailed design', #1272, 'design' ) ;
#369 = ORIENTED_EDGE ( 'NONE', *, *, #450, .T. ) ;
#370 = CARTESIAN_POINT ( 'NONE',  ( 9.797174393178825657E-16, 0.7999999999999999334, 8.000000000000000000 ) ) ;
#371 = VECTOR ( 'NONE', #590, 1000.000000000000114 ) ;
#372 = CARTESIAN_POINT ( 'NONE',  ( 0.8755788882310159282, 0.7999999999999999334, 7.951940744905242830 ) ) ;
#373 = DIRECTION ( 'NONE',  ( 0.000000000000000000, 1.000000000000000000, 0.000000000000000000 ) ) ;
#374 = VECTOR ( 'NONE', #1374, 999.9999999999998863 ) ;
#375 = LINE ( 'NONE', #1713, #705 ) ;
#376 = LINE ( 'NONE', #1877, #1279 ) ;
#377 = ORIENTED_EDGE ( 'NONE', *, *, #2088, .T. ) ;
#378 = ORIENTED_EDGE ( 'NONE', *, *, #1598, .T. ) ;
#379 = AXIS2_PLACEMENT_3D ( 'NONE', #1269, #274, #746 ) ;
#380 = VECTOR ( 'NONE', #285, 1000.000000000000227 ) ;
#381 = CARTESIAN_POINT ( 'NONE',  ( -1.985374379175267823, 0.7999999999999999334, -5.939145044917935046 ) ) ;
#382 = CARTESIAN_POINT ( 'NONE',  ( 2.351556185020857725, 1.199999999999999956, -2.140816492654077972E-14 ) ) ;
#383 = DIRECTION ( 'NONE',  ( -0.000000000000000000, -1.000000000000000000, -0.000000000000000000 ) ) ;
#384 = PLANE ( 'NONE',  #542 ) ;
#385 = LINE ( 'NONE', #1225, #13 ) ;
#386 = ADVANCED_FACE ( 'NONE', ( #1810 ), #1833, .T. ) ;
#387 = DIRECTION ( 'NONE',  ( -0.9848077530122086864, 0.000000000000000000, -0.1736481776669273613 ) ) ;
#388 = ORIENTED_EDGE ( 'NONE', *, *, #1321, .T. ) ;
#389 = ORIENTED_EDGE ( 'NONE', *, *, #997, .T. ) ;
#390 = ORIENTED_EDGE ( 'NONE', *, *, #798, .F. ) ;
#391 = DIRECTION ( 'NONE',  ( 0.000000000000000000, 0.000000000000000000, 1.000000000000000000 ) ) ;
#392 = AXIS2_PLACEMENT_3D ( 'NONE', #1319, #156, #2136 ) ;
#393 = EDGE_CURVE ( 'NONE', #1032, #538, #1922, .T. ) ;
#394 = AXIS2_PLACEMENT_3D ( 'NONE', #860, #399, #1526 ) ;
#395 = B_SPLINE_CURVE_WITH_KNOTS ( 'NONE', 3,
 ( #2016, #862, #1853, #1400 ),
 .UNSPECIFIED., .F., .F.,
 ( 4, 4 ),
 ( 0.000000000000000000, 7.145938727791188271E-05 ),
 .UNSPECIFIED. ) ;
#396 = DIRECTION ( 'NONE',  ( -0.8660254037844387076, 0.000000000000000000, -0.4999999999999998335 ) ) ;
#397 = FACE_OUTER_BOUND ( 'NONE', #191, .T. ) ;
#398 = FACE_BOUND ( 'NONE', #587, .T. ) ;
#399 = DIRECTION ( 'NONE',  ( 0.000000000000000000, -1.000000000000000000, 0.000000000000000000 ) ) ;
#400 = VECTOR ( 'NONE', #210, 1000.000000000000000 ) ;
#401 = CARTESIAN_POINT ( 'NONE',  ( 2.351556185020782230, 0.7999999999999999334, -8.285874826711847163 ) ) ;
#402 = ORIENTED_EDGE ( 'NONE', *, *, #1864, .F. ) ;
#403 = VERTEX_POINT ( 'NONE', #1496 ) ;
#404 = VERTEX_POINT ( 'NONE', #1359 ) ;
#405 = CARTESIAN_POINT ( 'NONE',  ( -0.8750000000000001110, -2.900990137367855937, -1.515544456622767600 ) ) ;
#406 = EDGE_CURVE ( 'NONE', #1100, #471, #1694, .T. ) ;
#407 = VECTOR ( 'NONE', #1857, 1000.000000000000000 ) ;
#408 = PLANE ( 'NONE',  #451 ) ;
#409 = SURFACE_STYLE_FILL_AREA ( #600 ) ;
#410 = ORIENTED_EDGE ( 'NONE', *, *, #1415, .F. ) ;
#411 = VECTOR ( 'NONE', #1581, 1000.000000000000000 ) ;
#412 = STYLED_ITEM ( 'NONE', ( #1837 ), #225 ) ;
#413 = CARTESIAN_POINT ( 'NONE',  ( 0.000000000000000000, 0.000000000000000000, 0.000000000000000000 ) ) ;
#414 = DIRECTION ( 'NONE',  ( 0.000000000000000000, 1.000000000000000000, 0.000000000000000000 ) ) ;
#415 = ORIENTED_EDGE ( 'NONE', *, *, #1480, .F. ) ;
#416 = ORIENTED_EDGE ( 'NONE', *, *, #1709, .T. ) ;
#417 = ORIENTED_EDGE ( 'NONE', *, *, #1658, .F. ) ;
#418 = CIRCLE ( 'NONE', #589, 8.000000000000000000 ) ;
#419 = CARTESIAN_POINT ( 'NONE',  ( 0.8755788882310165944, 1.199999999999999956, 7.951940744905244607 ) ) ;
#420 = ADVANCED_FACE ( 'NONE', ( #1646 ), #321, .T. ) ;
#421 = DIRECTION ( 'NONE',  ( 0.000000000000000000, 1.000000000000000000, 0.000000000000000000 ) ) ;
#422 = EDGE_CURVE ( 'NONE', #1538, #1530, #528, .T. ) ;
#423 = ORIENTED_EDGE ( 'NONE', *, *, #1836, .T. ) ;
#424 = EDGE_CURVE ( 'NONE', #750, #23, #1529, .T. ) ;
#425 = CARTESIAN_POINT ( 'NONE',  ( 6.487693860267890855, 0.7999999999999999334, 1.047216816013384788 ) ) ;
#426 = DIRECTION ( 'NONE',  ( -0.8660254037844409281, 0.000000000000000000, -0.4999999999999961142 ) ) ;
#427 = VERTEX_POINT ( 'NONE', #159 ) ;
#428 = ORIENTED_EDGE ( 'NONE', *, *, #640, .F. ) ;
#429 = ORIENTED_EDGE ( 'NONE', *, *, #520, .F. ) ;
#430 = LINE ( 'NONE', #1416, #1651 ) ;
#431 = PRODUCT_DEFINITION_FORMATION_WITH_SPECIFIED_SOURCE ( '任何', '', #1676, .NOT_KNOWN. ) ;
#432 = CARTESIAN_POINT ( 'NONE',  ( 2.351556185020892809, 0.7999999999999999334, 7.646579856948465093 ) ) ;
#433 = PLANE ( 'NONE',  #615 ) ;
#434 = CARTESIAN_POINT ( 'NONE',  ( 7.961155196513414189, 0.7999999999999999334, 0.7874058274025423909 ) ) ;
#435 = CARTESIAN_POINT ( 'NONE',  ( 1.096965511460288756, -3.499999999999999556, 2.216604151201382265E-16 ) ) ;
#436 = EDGE_CURVE ( 'NONE', #863, #1939, #199, .T. ) ;
#437 = EDGE_LOOP ( 'NONE', ( #1228, #88, #1745, #1775 ) ) ;
#438 = ORIENTED_EDGE ( 'NONE', *, *, #78, .F. ) ;
#439 = EDGE_CURVE ( 'NONE', #1943, #1744, #1684, .T. ) ;
#440 = DIRECTION ( 'NONE',  ( -0.8660254037844388186, 0.000000000000000000, 0.4999999999999998335 ) ) ;
#441 = ORIENTED_EDGE ( 'NONE', *, *, #617, .F. ) ;
#442 = LINE ( 'NONE', #1441, #1383 ) ;
#443 = VECTOR ( 'NONE', #1746, 1000.000000000000000 ) ;
#444 = DIRECTION ( 'NONE',  ( -0.4999999999999997780, 0.000000000000000000, -0.8660254037844387076 ) ) ;
#445 = LINE ( 'NONE', #1427, #411 ) ;
#446 = AXIS2_PLACEMENT_3D ( 'NONE', #1065, #2055, #1516 ) ;
#447 = ORIENTED_EDGE ( 'NONE', *, *, #771, .F. ) ;
#448 = ORIENTED_EDGE ( 'NONE', *, *, #1258, .T. ) ;
#449 = CARTESIAN_POINT ( 'NONE',  ( -1.068097998000807847, -3.499999999999999556, 1.250000000000000444 ) ) ;
#450 = EDGE_CURVE ( 'NONE', #1868, #1644, #1719, .T. ) ;
#451 = AXIS2_PLACEMENT_3D ( 'NONE', #582, #1246, #1909 ) ;
#452 = CARTESIAN_POINT ( 'NONE',  ( -1.363048301789095085, -2.920265942133605908, 4.065758146820641628E-16 ) ) ;
#453 = DIRECTION ( 'NONE',  ( 0.9848077530122062440, 0.000000000000000000, -0.1736481776669404620 ) ) ;
#454 = LINE ( 'NONE', #1613, #1553 ) ;
#455 = EDGE_LOOP ( 'NONE', ( #524, #1915, #311, #1293 ) ) ;
#456 =( BOUNDED_CURVE ( )  B_SPLINE_CURVE ( 3, ( #363, #1029, #1693, #1378 ),
 .UNSPECIFIED., .F., .T. ) 
 B_SPLINE_CURVE_WITH_KNOTS ( ( 4, 4 ),
 ( 0.000000000000000000, 1.513338811669448392 ),
 .UNSPECIFIED. ) 
 CURVE ( )  GEOMETRIC_REPRESENTATION_ITEM ( )  RATIONAL_B_SPLINE_CURVE ( ( 1.000000000000000000, 0.8180843359977527651, 0.8180843359977527651, 1.000000000000000000 ) ) 
 REPRESENTATION_ITEM ( '' )  );
#457 = CARTESIAN_POINT ( 'NONE',  ( -0.5484827557301445999, -3.164336076989803015, 0.9500000000000007327 ) ) ;
#458 = ADVANCED_FACE ( 'NONE', ( #2018 ), #1844, .T. ) ;
#459 = DIRECTION ( 'NONE',  ( 0.000000000000000000, -0.000000000000000000, -1.000000000000000000 ) ) ;
#460 = CARTESIAN_POINT ( 'NONE',  ( 5.697832172998464451, 1.199999999999999956, -3.217343966278456424 ) ) ;
#461 = CARTESIAN_POINT ( 'NONE',  ( -0.8749999999999997780, -2.900990137367855937, 1.515544456622767600 ) ) ;
#462 = ORIENTED_EDGE ( 'NONE', *, *, #347, .F. ) ;
#463 = PLANE ( 'NONE',  #782 ) ;
#464 = CARTESIAN_POINT ( 'NONE',  ( 4.351556185020880818, 0.7999999999999999334, 4.821773211574059026 ) ) ;
#465 = DIRECTION ( 'NONE',  ( -0.000000000000000000, 1.000000000000000000, 0.000000000000000000 ) ) ;
#466 = DIRECTION ( 'NONE',  ( 0.000000000000000000, 1.000000000000000000, 0.000000000000000000 ) ) ;
#467 = PLANE ( 'NONE',  #1566 ) ;
#468 = ORIENTED_EDGE ( 'NONE', *, *, #450, .F. ) ;
#469 = CIRCLE ( 'NONE', #276, 8.000000000000000000 ) ;
#470 = CARTESIAN_POINT ( 'NONE',  ( -1.985374379175191883, 0.7999999999999999334, 5.939145044917966132 ) ) ;
#471 = VERTEX_POINT ( 'NONE', #1052 ) ;
#472 = DIRECTION ( 'NONE',  ( 0.3420201433256588874, 0.000000000000000000, -0.9396926207859118696 ) ) ;
#473 = EDGE_CURVE ( 'NONE', #634, #1880, #375, .T. ) ;
#474 = SURFACE_STYLE_USAGE ( .BOTH. , #1183 ) ;
#475 = VECTOR ( 'NONE', #245, 1000.000000000000000 ) ;
#476 = CARTESIAN_POINT ( 'NONE',  ( -7.557977594194635884, 0.7999999999999999334, -3.523847655601768825 ) ) ;
#477 = EDGE_CURVE ( 'NONE', #1289, #1403, #237, .T. ) ;
#478 = DIRECTION ( 'NONE',  ( 0.000000000000000000, -0.000000000000000000, 1.000000000000000000 ) ) ;
#479 = VERTEX_POINT ( 'NONE', #67 ) ;
#480 = EDGE_CURVE ( 'NONE', #1360, #921, #1515, .T. ) ;
#481 = VECTOR ( 'NONE', #1131, 1000.000000000000000 ) ;
#482 = DIRECTION ( 'NONE',  ( 0.9848077530122101297, 0.000000000000000000, 0.1736481776669185628 ) ) ;
#483 = ORIENTED_EDGE ( 'NONE', *, *, #1543, .T. ) ;
#484 = CARTESIAN_POINT ( 'NONE',  ( 1.748541296097678277, -2.899999999999999911, -0.07143763602648488253 ) ) ;
#485 = CARTESIAN_POINT ( 'NONE',  ( 0.1936727294296304580, 0.7999999999999999334, -0.2308101710852887567 ) ) ;
#486 = DIRECTION ( 'NONE',  ( -0.000000000000000000, -1.000000000000000000, -0.000000000000000000 ) ) ;
#487 = VECTOR ( 'NONE', #1148, 1000.000000000000000 ) ;
#488 = CARTESIAN_POINT ( 'NONE',  ( -0.8543799780400010979, -2.900305353333390013, 1.527449431852068829 ) ) ;
#489 = VERTEX_POINT ( 'NONE', #2029 ) ;
#490 = ADVANCED_FACE ( 'NONE', ( #1876 ), #194, .T. ) ;
#491 = LINE ( 'NONE', #1151, #303 ) ;
#492 = DIRECTION ( 'NONE',  ( -0.3420201433256713219, 0.000000000000000000, -0.9396926207859074287 ) ) ;
#493 = ADVANCED_FACE ( 'NONE', ( #847 ), #218, .F. ) ;
#494 = CARTESIAN_POINT ( 'NONE',  ( 7.961155196513403531, 1.199999999999999956, -0.7874058274026433102 ) ) ;
#495 = VECTOR ( 'NONE', #1507, 999.9999999999998863 ) ;
#496 = SURFACE_STYLE_FILL_AREA ( #1510 ) ;
#497 = DIRECTION ( 'NONE',  ( 0.000000000000000000, -1.000000000000000000, 0.000000000000000000 ) ) ;
#498 = CARTESIAN_POINT ( 'NONE',  ( -0.9999999999999991118, 1.199999999999999956, -1.732050807568876527 ) ) ;
#499 = ORIENTED_EDGE ( 'NONE', *, *, #2044, .F. ) ;
#500 = CARTESIAN_POINT ( 'NONE',  ( 0.2889417060312441943, 0.7999999999999999334, -6.340168333399118339 ) ) ;
#501 = ORIENTED_EDGE ( 'NONE', *, *, #1858, .T. ) ;
#502 = CARTESIAN_POINT ( 'NONE',  ( -1.749513656040351695, -2.899999999999999911, -0.04763769514091190788 ) ) ;
#503 = ORIENTED_EDGE ( 'NONE', *, *, #1186, .T. ) ;
#504 = VECTOR ( 'NONE', #1266, 1000.000000000000000 ) ;
#505 = DIRECTION ( 'NONE',  ( -0.000000000000000000, 1.000000000000000000, -0.000000000000000000 ) ) ;
#506 = EDGE_CURVE ( 'NONE', #1468, #1320, #1681, .T. ) ;
#507 = AXIS2_PLACEMENT_3D ( 'NONE', #2030, #1391, #77 ) ;
#508 = VECTOR ( 'NONE', #2124, 1000.000000000000000 ) ;
#509 = CARTESIAN_POINT ( 'NONE',  ( -6.000000000000000000, 0.7999999999999999334, 1.154700538379251684 ) ) ;
#510 = AXIS2_PLACEMENT_3D ( 'NONE', #554, #1736, #74 ) ;
#511 = DIRECTION ( 'NONE',  ( 0.000000000000000000, 0.000000000000000000, -1.000000000000000000 ) ) ;
#512 = CARTESIAN_POINT ( 'NONE',  ( 5.945454896225562775E-16, 0.8000000000000003775, -4.854832348694350763 ) ) ;
#513 = ORIENTED_EDGE ( 'NONE', *, *, #1420, .F. ) ;
#514 = CARTESIAN_POINT ( 'NONE',  ( 4.351556185020815093, 0.7999999999999999334, -4.821773211574112317 ) ) ;
#515 = CARTESIAN_POINT ( 'NONE',  ( 5.708203932499320565, 1.199999999999999956, -5.605034153776343508 ) ) ;
#516 = ORIENTED_EDGE ( 'NONE', *, *, #932, .T. ) ;
#517 = DIRECTION ( 'NONE',  ( -0.000000000000000000, 1.000000000000000000, -0.000000000000000000 ) ) ;
#518 = EDGE_LOOP ( 'NONE', ( #1919, #1224, #1552, #1192, #1493, #1340, #448, #1685, #739, #322, #468, #141, #123 ) ) ;
#519 = CARTESIAN_POINT ( 'NONE',  ( 5.708203932499394284, 0.7999999999999999334, 5.605034153776270678 ) ) ;
#520 = EDGE_CURVE ( 'NONE', #1032, #931, #291, .T. ) ;
#521 = LINE ( 'NONE', #1968, #1620 ) ;
#522 = CARTESIAN_POINT ( 'NONE',  ( 3.251231938101386262E-16, 1.199999999999999956, -2.654832348694351030 ) ) ;
#523 =( LENGTH_UNIT ( ) NAMED_UNIT ( * ) SI_UNIT ( .MILLI., .METRE. ) );
#524 = ORIENTED_EDGE ( 'NONE', *, *, #506, .T. ) ;
#525 = VECTOR ( 'NONE', #1874, 1000.000000000000114 ) ;
#526 = CARTESIAN_POINT ( 'NONE',  ( -7.211730137151382891, 0.7999999999999999334, -3.462794886923352244 ) ) ;
#527 = ORIENTED_EDGE ( 'NONE', *, *, #639, .T. ) ;
#528 = LINE ( 'NONE', #667, #2101 ) ;
#529 = ORIENTED_EDGE ( 'NONE', *, *, #436, .T. ) ;
#530 = CARTESIAN_POINT ( 'NONE',  ( -0.8749999999999997780, -2.900990137367855937, 1.515544456622767600 ) ) ;
#531 = FACE_OUTER_BOUND ( 'NONE', #518, .T. ) ;
#532 = CARTESIAN_POINT ( 'NONE',  ( 5.697832172998465339, 1.199999999999999956, -3.217343966278456868 ) ) ;
#533 = EDGE_LOOP ( 'NONE', ( #2139, #1917, #560, #81 ) ) ;
#534 = CARTESIAN_POINT ( 'NONE',  ( 0.000000000000000000, 0.8000000000000003775, 0.000000000000000000 ) ) ;
#535 = CARTESIAN_POINT ( 'NONE',  ( 0.000000000000000000, -2.899999999999999911, 0.000000000000000000 ) ) ;
#536 = ORIENTED_EDGE ( 'NONE', *, *, #1027, .T. ) ;
#537 = LINE ( 'NONE', #983, #1542 ) ;
#538 = VERTEX_POINT ( 'NONE', #885 ) ;
#539 = CARTESIAN_POINT ( 'NONE',  ( 0.000000000000000000, -12.93153950114235506, 0.000000000000000000 ) ) ;
#540 = VECTOR ( 'NONE', #1801, 1000.000000000000114 ) ;
#541 = AXIS2_PLACEMENT_3D ( 'NONE', #2104, #414, #2076 ) ;
#542 = AXIS2_PLACEMENT_3D ( 'NONE', #1050, #725, #1389 ) ;
#543 = EDGE_CURVE ( 'NONE', #1772, #1402, #1841, .T. ) ;
#544 = LINE ( 'NONE', #1187, #621 ) ;
#545 = ORIENTED_EDGE ( 'NONE', *, *, #1881, .F. ) ;
#546 = AXIS2_PLACEMENT_3D ( 'NONE', #1632, #148, #168 ) ;
#547 = CARTESIAN_POINT ( 'NONE',  ( -0.8750000000000001110, -2.900990137367855937, -1.515544456622767600 ) ) ;
#548 = DIRECTION ( 'NONE',  ( -0.3420201433256630508, 0.000000000000000000, 0.9396926207859104263 ) ) ;
#549 = EDGE_CURVE ( 'NONE', #1644, #1868, #207, .T. ) ;
#550 = ORIENTED_EDGE ( 'NONE', *, *, #697, .F. ) ;
#551 = ORIENTED_EDGE ( 'NONE', *, *, #2024, .F. ) ;
#552 = ORIENTED_EDGE ( 'NONE', *, *, #1883, .T. ) ;
#553 = CARTESIAN_POINT ( 'NONE',  ( 2.351556185020884371, 0.7999999999999999334, 5.976473749953321146 ) ) ;
#554 = CARTESIAN_POINT ( 'NONE',  ( 0.05483234869434777670, 0.7999999999999999334, 0.1506506398933845081 ) ) ;
#555 = CARTESIAN_POINT ( 'NONE',  ( 1.750000000000000000, -2.900990137367849719, 9.180180153920025737E-16 ) ) ;
#556 = FACE_OUTER_BOUND ( 'NONE', #85, .T. ) ;
#557 = CARTESIAN_POINT ( 'NONE',  ( -6.000000000000000000, 1.199999999999999956, -1.154700538379252350 ) ) ;
#558 = CARTESIAN_POINT ( 'NONE',  ( 2.351556185020892364, 1.199999999999999956, 7.646579856948464204 ) ) ;
#559 = VERTEX_POINT ( 'NONE', #675 ) ;
#560 = ORIENTED_EDGE ( 'NONE', *, *, #628, .T. ) ;
#561 = VERTEX_POINT ( 'NONE', #526 ) ;
#562 = CYLINDRICAL_SURFACE ( 'NONE', #1514, 4.854832348694350763 ) ;
#563 = ORIENTED_EDGE ( 'NONE', *, *, #1626, .F. ) ;
#564 = EDGE_CURVE ( 'NONE', #170, #1832, #117, .T. ) ;
#565 = VECTOR ( 'NONE', #33, 1000.000000000000000 ) ;
#566 = B_SPLINE_CURVE_WITH_KNOTS ( 'NONE', 3,
 ( #1623, #1464, #2127, #1806 ),
 .UNSPECIFIED., .F., .F.,
 ( 4, 4 ),
 ( 0.000000000000000000, 7.145938727791112377E-05 ),
 .UNSPECIFIED. ) ;
#567 = LINE ( 'NONE', #146, #249 ) ;
#568 = ORIENTED_EDGE ( 'NONE', *, *, #1959, .F. ) ;
#569 = FILL_AREA_STYLE_COLOUR ( '', #1325 ) ;
#570 = VERTEX_POINT ( 'NONE', #1702 ) ;
#571 = CARTESIAN_POINT ( 'NONE',  ( -1.985374379175267823, 0.7999999999999999334, -5.939145044917935046 ) ) ;
#572 = CARTESIAN_POINT ( 'NONE',  ( 4.351556185020815093, 1.199999999999999956, -4.821773211574112317 ) ) ;
#573 = ORIENTED_EDGE ( 'NONE', *, *, #1680, .T. ) ;
#574 = ORIENTED_EDGE ( 'NONE', *, *, #580, .F. ) ;
#575 = ORIENTED_EDGE ( 'NONE', *, *, #1773, .T. ) ;
#576 = EDGE_CURVE ( 'NONE', #1111, #2098, #1606, .T. ) ;
#577 = FACE_OUTER_BOUND ( 'NONE', #1333, .T. ) ;
#578 = EDGE_CURVE ( 'NONE', #707, #1436, #873, .T. ) ;
#579 = EDGE_CURVE ( 'NONE', #1933, #1939, #2054, .T. ) ;
#580 = EDGE_CURVE ( 'NONE', #170, #1403, #1097, .T. ) ;
#581 = CIRCLE ( 'NONE', #1967, 8.000000000000000000 ) ;
#582 = CARTESIAN_POINT ( 'NONE',  ( 0.000000000000000000, -7.900000000000000355, 0.000000000000000000 ) ) ;
#583 = ORIENTED_EDGE ( 'NONE', *, *, #710, .F. ) ;
#584 = LINE ( 'NONE', #1282, #475 ) ;
#585 = CARTESIAN_POINT ( 'NONE',  ( 2.143131898507868297E-16, -2.899999999999999911, -1.750000000000000000 ) ) ;
#586 = ORIENTED_EDGE ( 'NONE', *, *, #1737, .F. ) ;
#587 = EDGE_LOOP ( 'NONE', ( #1370, #58 ) ) ;
#588 = ORIENTED_EDGE ( 'NONE', *, *, #1812, .T. ) ;
#589 = AXIS2_PLACEMENT_3D ( 'NONE', #970, #1978, #1805 ) ;
#590 = DIRECTION ( 'NONE',  ( 0.4999999999999997780, -0.000000000000000000, 0.8660254037844387076 ) ) ;
#591 = EDGE_CURVE ( 'NONE', #1468, #962, #385, .T. ) ;
#592 = CARTESIAN_POINT ( 'NONE',  ( 0.000000000000000000, -2.899999999999999911, 0.000000000000000000 ) ) ;
#593 = CARTESIAN_POINT ( 'NONE',  ( -0.8124038404635950394, -2.899999999999999911, 1.550000000000000488 ) ) ;
#594 = CARTESIAN_POINT ( 'NONE',  ( -4.440676641945078273, 0.7999999999999999334, -6.654351280303994365 ) ) ;
#595 = CARTESIAN_POINT ( 'NONE',  ( 0.000000000000000000, 1.199999999999999956, 0.000000000000000000 ) ) ;
#596 = ORIENTED_EDGE ( 'NONE', *, *, #1637, .F. ) ;
#597 = ORIENTED_EDGE ( 'NONE', *, *, #269, .T. ) ;
#598 = FACE_OUTER_BOUND ( 'NONE', #132, .T. ) ;
#599 = ORIENTED_EDGE ( 'NONE', *, *, #1000, .T. ) ;
#600 = FILL_AREA_STYLE ('',( #569 ) ) ;
#601 = CARTESIAN_POINT ( 'NONE',  ( 0.3515561850208568373, 0.7999999999999999334, -0.2029710580570696643 ) ) ;
#602 = DIRECTION ( 'NONE',  ( -0.000000000000000000, -1.000000000000000000, -0.000000000000000000 ) ) ;
#603 = CARTESIAN_POINT ( 'NONE',  ( -5.283661508988076960, 0.7999999999999999334, 3.122824367120710320 ) ) ;
#604 = VERTEX_POINT ( 'NONE', #1535 ) ;
#605 = ORIENTED_EDGE ( 'NONE', *, *, #1312, .F. ) ;
#606 = VECTOR ( 'NONE', #11, 999.9999999999998863 ) ;
#607 = FACE_OUTER_BOUND ( 'NONE', #437, .T. ) ;
#608 = VERTEX_POINT ( 'NONE', #1064 ) ;
#609 = CARTESIAN_POINT ( 'NONE',  ( -1.616580753730952225, -3.499999999999999556, -0.3000000000000000444 ) ) ;
#610 = ADVANCED_FACE ( 'NONE', ( #181 ), #835, .F. ) ;
#611 = VECTOR ( 'NONE', #1058, 1000.000000000000000 ) ;
#612 = LINE ( 'NONE', #1758, #40 ) ;
#613 = CARTESIAN_POINT ( 'NONE',  ( -6.000000000000000000, 0.7999999999999999334, -1.154700538379252350 ) ) ;
#614 = VECTOR ( 'NONE', #1779, 1000.000000000000227 ) ;
#615 = AXIS2_PLACEMENT_3D ( 'NONE', #1929, #1944, #459 ) ;
#616 = ORIENTED_EDGE ( 'NONE', *, *, #1258, .F. ) ;
#617 = EDGE_CURVE ( 'NONE', #1715, #2078, #107, .T. ) ;
#618 = CARTESIAN_POINT ( 'NONE',  ( 1.078803393300728164, 0.7999999999999999334, 8.510295483664112481 ) ) ;
#619 = ORIENTED_EDGE ( 'NONE', *, *, #1461, .F. ) ;
#620 = ORIENTED_EDGE ( 'NONE', *, *, #1321, .F. ) ;
#621 = VECTOR ( 'NONE', #349, 1000.000000000000000 ) ;
#622 = DIRECTION ( 'NONE',  ( 0.000000000000000000, 0.000000000000000000, 1.000000000000000000 ) ) ;
#623 = CARTESIAN_POINT ( 'NONE',  ( -3.166435318698658019, 0.7999999999999999334, 7.346678662667757820 ) ) ;
#624 = DIRECTION ( 'NONE',  ( -0.000000000000000000, -1.000000000000000000, -0.000000000000000000 ) ) ;
#625 = ORIENTED_EDGE ( 'NONE', *, *, #364, .F. ) ;
#626 = DIRECTION ( 'NONE',  ( -0.3420201433256630508, 0.000000000000000000, 0.9396926207859104263 ) ) ;
#627 = DIRECTION ( 'NONE',  ( 0.000000000000000000, -1.000000000000000000, 0.000000000000000000 ) ) ;
#628 = EDGE_CURVE ( 'NONE', #479, #604, #908, .T. ) ;
#629 = VECTOR ( 'NONE', #17, 999.9999999999998863 ) ;
#630 = CARTESIAN_POINT ( 'NONE',  ( 0.8124038404635950394, -2.899999999999999911, 1.550000000000000488 ) ) ;
#631 = DIRECTION ( 'NONE',  ( 0.000000000000000000, 1.000000000000000000, 0.000000000000000000 ) ) ;
#632 = FACE_OUTER_BOUND ( 'NONE', #1239, .T. ) ;
#633 = ORIENTED_EDGE ( 'NONE', *, *, #2083, .T. ) ;
#634 = VERTEX_POINT ( 'NONE', #927 ) ;
#635 = CARTESIAN_POINT ( 'NONE',  ( 0.2889417060312441943, 0.7999999999999999334, -6.340168333399118339 ) ) ;
#636 = VERTEX_POINT ( 'NONE', #1580 ) ;
#637 = EDGE_CURVE ( 'NONE', #314, #729, #1592, .T. ) ;
#638 = CYLINDRICAL_SURFACE ( 'NONE', #891, 2.654832348694351030 ) ;
#639 = EDGE_CURVE ( 'NONE', #1729, #1551, #764, .T. ) ;
#640 = EDGE_CURVE ( 'NONE', #211, #1943, #1098, .T. ) ;
#641 = EDGE_CURVE ( 'NONE', #1395, #729, #2103, .T. ) ;
#642 = PLANE ( 'NONE',  #1451 ) ;
#643 = CYLINDRICAL_SURFACE ( 'NONE', #929, 8.000000000000000000 ) ;
#644 = DIRECTION ( 'NONE',  ( -0.000000000000000000, 1.000000000000000000, -0.000000000000000000 ) ) ;
#645 = EDGE_LOOP ( 'NONE', ( #1807, #795 ) ) ;
#646 = AXIS2_PLACEMENT_3D ( 'NONE', #449, #1276, #440 ) ;
#647 = VECTOR ( 'NONE', #1814, 1000.000000000000114 ) ;
#648 = DIRECTION ( 'NONE',  ( 0.000000000000000000, 1.000000000000000000, 0.000000000000000000 ) ) ;
#649 = CARTESIAN_POINT ( 'NONE',  ( 4.351556185020815093, 1.199999999999999956, -4.821773211574112317 ) ) ;
#650 = VECTOR ( 'NONE', #94, 999.9999999999998863 ) ;
#651 = DIRECTION ( 'NONE',  ( 0.000000000000000000, 0.000000000000000000, 1.000000000000000000 ) ) ;
#652 = EDGE_CURVE ( 'NONE', #2064, #907, #612, .T. ) ;
#653 = CARTESIAN_POINT ( 'NONE',  ( 2.351556185020788448, 0.7999999999999999334, -7.646579856948495291 ) ) ;
#654 = CARTESIAN_POINT ( 'NONE',  ( -7.999999999999998224, 0.7999999999999999334, 2.309401076758502036 ) ) ;
#655 = ORIENTED_EDGE ( 'NONE', *, *, #578, .T. ) ;
#656 = ADVANCED_FACE ( 'NONE', ( #2095 ), #76, .F. ) ;
#657 = DIRECTION ( 'NONE',  ( -0.1736481776669185628, 0.000000000000000000, 0.9848077530122101297 ) ) ;
#658 = CARTESIAN_POINT ( 'NONE',  ( -1.782548876856999698, 1.199999999999999956, 0.6487947323006038047 ) ) ;
#659 = CARTESIAN_POINT ( 'NONE',  ( 0.9361374556340820163, -2.899999999999999911, 1.478562363973515037 ) ) ;
#660 = DIRECTION ( 'NONE',  ( -0.8660254037844363761, 0.000000000000000000, 0.5000000000000039968 ) ) ;
#661 = CIRCLE ( 'NONE', #1145, 8.000000000000000000 ) ;
#662 = LINE ( 'NONE', #498, #525 ) ;
#663 = ORIENTED_EDGE ( 'NONE', *, *, #881, .T. ) ;
#664 = AXIS2_PLACEMENT_3D ( 'NONE', #534, #46, #1200 ) ;
#665 = EDGE_CURVE ( 'NONE', #1614, #2105, #584, .T. ) ;
#666 = DIRECTION ( 'NONE',  ( -0.000000000000000000, -1.000000000000000000, -0.000000000000000000 ) ) ;
#667 = CARTESIAN_POINT ( 'NONE',  ( -1.096965511460289200, -7.900000000000000355, -1.103143919893859257E-16 ) ) ;
#668 = ORIENTED_EDGE ( 'NONE', *, *, #2059, .T. ) ;
#669 = DIRECTION ( 'NONE',  ( -0.000000000000000000, 1.000000000000000000, -0.000000000000000000 ) ) ;
#670 =( BOUNDED_CURVE ( )  B_SPLINE_CURVE ( 3, ( #980, #1643, #810, #1483 ),
 .UNSPECIFIED., .F., .F. ) 
 B_SPLINE_CURVE_WITH_KNOTS ( ( 4, 4 ),
 ( 1.628253841920345391, 3.141592653589793116 ),
 .UNSPECIFIED. ) 
 CURVE ( )  GEOMETRIC_REPRESENTATION_ITEM ( )  RATIONAL_B_SPLINE_CURVE ( ( 1.000000000000000000, 0.8180843359977529872, 0.8180843359977529872, 1.000000000000000000 ) ) 
 REPRESENTATION_ITEM ( '' )  );
#671 = FACE_OUTER_BOUND ( 'NONE', #1657, .T. ) ;
#672 = DIRECTION ( 'NONE',  ( 0.000000000000000000, 1.000000000000000000, 0.000000000000000000 ) ) ;
#673 = LINE ( 'NONE', #1502, #1090 ) ;
#674 = ORIENTED_EDGE ( 'NONE', *, *, #947, .F. ) ;
#675 = CARTESIAN_POINT ( 'NONE',  ( 1.750000000000000000, -2.900990137367849719, 9.180180153920025737E-16 ) ) ;
#676 = LINE ( 'NONE', #1636, #1762 ) ;
#677 = VERTEX_POINT ( 'NONE', #434 ) ;
#678 = LINE ( 'NONE', #1007, #400 ) ;
#679 = ORIENTED_EDGE ( 'NONE', *, *, #1543, .F. ) ;
#680 = AXIS2_PLACEMENT_3D ( 'NONE', #1982, #657, #482 ) ;
#681 = EDGE_CURVE ( 'NONE', #839, #732, #96, .T. ) ;
#682 = CARTESIAN_POINT ( 'NONE',  ( 0.8543799780400014310, -2.900305353333390013, -1.527449431852068384 ) ) ;
#683 = AXIS2_PLACEMENT_3D ( 'NONE', #1645, #1322, #21 ) ;
#684 = PRESENTATION_LAYER_ASSIGNMENT (  '', '', ( #412 ) ) ;
#685 = EDGE_CURVE ( 'NONE', #1439, #717, #1038, .T. ) ;
#686 = DIRECTION ( 'NONE',  ( -0.000000000000000000, 1.000000000000000000, -0.000000000000000000 ) ) ;
#687 = VECTOR ( 'NONE', #698, 1000.000000000000227 ) ;
#688 = CARTESIAN_POINT ( 'NONE',  ( -6.000000000000000000, 0.7999999999999999334, 1.154700538379251684 ) ) ;
#689 = ORIENTED_EDGE ( 'NONE', *, *, #1823, .T. ) ;
#690 = DIRECTION ( 'NONE',  ( -0.000000000000000000, -1.000000000000000000, -0.000000000000000000 ) ) ;
#691 = LINE ( 'NONE', #208, #1938 ) ;
#692 = EDGE_LOOP ( 'NONE', ( #360, #2120, #1093, #552, #378 ) ) ;
#693 = CARTESIAN_POINT ( 'NONE',  ( -3.166435318698658019, 1.199999999999999956, 7.346678662667757820 ) ) ;
#694 = ORIENTED_EDGE ( 'NONE', *, *, #1797, .F. ) ;
#695 = VECTOR ( 'NONE', #660, 999.9999999999998863 ) ;
#696 = DIRECTION ( 'NONE',  ( -0.000000000000000000, 1.000000000000000000, -0.000000000000000000 ) ) ;
#697 = EDGE_CURVE ( 'NONE', #403, #1910, #1237, .T. ) ;
#698 = DIRECTION ( 'NONE',  ( -0.4999999999999997780, 0.000000000000000000, -0.8660254037844387076 ) ) ;
#699 = CARTESIAN_POINT ( 'NONE',  ( -0.5484827557301445999, -3.499999999999999556, 0.9500000000000005107 ) ) ;
#700 = ORIENTED_EDGE ( 'NONE', *, *, #549, .F. ) ;
#701 = CARTESIAN_POINT ( 'NONE',  ( 0.000000000000000000, -2.899999999999999911, 0.000000000000000000 ) ) ;
#702 = CARTESIAN_POINT ( 'NONE',  ( 0.000000000000000000, -12.93153950114235506, 0.000000000000000000 ) ) ;
#703 = ADVANCED_FACE ( 'NONE', ( #1741 ), #2075, .F. ) ;
#704 = ORIENTED_EDGE ( 'NONE', *, *, #1709, .F. ) ;
#705 = VECTOR ( 'NONE', #1505, 1000.000000000000000 ) ;
#706 = DIRECTION ( 'NONE',  ( 0.000000000000000000, 1.000000000000000000, 0.000000000000000000 ) ) ;
#707 = VERTEX_POINT ( 'NONE', #425 ) ;
#708 = DIRECTION ( 'NONE',  ( -0.5000000000000001110, 0.000000000000000000, 0.8660254037844387076 ) ) ;
#709 = ADVANCED_FACE ( 'NONE', ( #1085 ), #938, .T. ) ;
#710 = EDGE_CURVE ( 'NONE', #1179, #1084, #758, .T. ) ;
#711 = DIRECTION ( 'NONE',  ( -0.000000000000000000, 1.000000000000000000, -0.000000000000000000 ) ) ;
#712 = DIRECTION ( 'NONE',  ( 0.000000000000000000, 1.000000000000000000, 0.000000000000000000 ) ) ;
#713 = DIRECTION ( 'NONE',  ( 0.000000000000000000, 1.000000000000000000, 0.000000000000000000 ) ) ;
#714 = DIRECTION ( 'NONE',  ( -0.3420201433256757073, 0.000000000000000000, -0.9396926207859057634 ) ) ;
#715 = DIRECTION ( 'NONE',  ( 0.000000000000000000, 1.000000000000000000, 0.000000000000000000 ) ) ;
#716 = ORIENTED_EDGE ( 'NONE', *, *, #1182, .F. ) ;
#717 = VERTEX_POINT ( 'NONE', #1769 ) ;
#718 = ORIENTED_EDGE ( 'NONE', *, *, #579, .T. ) ;
#719 = LINE ( 'NONE', #381, #407 ) ;
#720 = VECTOR ( 'NONE', #1330, 1000.000000000000114 ) ;
#721 = AXIS2_PLACEMENT_3D ( 'NONE', #702, #1201, #1866 ) ;
#722 = VECTOR ( 'NONE', #791, 1000.000000000000114 ) ;
#723 = DIRECTION ( 'NONE',  ( 0.000000000000000000, 1.000000000000000000, 0.000000000000000000 ) ) ;
#724 = DIRECTION ( 'NONE',  ( 0.000000000000000000, 0.000000000000000000, 1.000000000000000000 ) ) ;
#725 = DIRECTION ( 'NONE',  ( -0.000000000000000000, 1.000000000000000000, 0.000000000000000000 ) ) ;
#726 = AXIS2_PLACEMENT_3D ( 'NONE', #1387, #497, #869 ) ;
#727 = DIRECTION ( 'NONE',  ( -0.8660254037844387076, 0.000000000000000000, -0.4999999999999998890 ) ) ;
#728 = PLANE ( 'NONE',  #1731 ) ;
#729 = VERTEX_POINT ( 'NONE', #2085 ) ;
#730 = ORIENTED_EDGE ( 'NONE', *, *, #282, .F. ) ;
#731 = ORIENTED_EDGE ( 'NONE', *, *, #288, .T. ) ;
#732 = VERTEX_POINT ( 'NONE', #594 ) ;
#733 = LINE ( 'NONE', #1396, #443 ) ;
#734 = CARTESIAN_POINT ( 'NONE',  ( -1.985374379175267823, 0.7999999999999999334, -5.939145044917935046 ) ) ;
#735 = ORIENTED_EDGE ( 'NONE', *, *, #1046, .T. ) ;
#736 = EDGE_CURVE ( 'NONE', #1174, #1100, #1261, .T. ) ;
#737 = DIRECTION ( 'NONE',  ( -0.000000000000000000, -1.000000000000000000, -0.000000000000000000 ) ) ;
#738 = DIRECTION ( 'NONE',  ( 0.000000000000000000, -0.000000000000000000, -1.000000000000000000 ) ) ;
#739 = ORIENTED_EDGE ( 'NONE', *, *, #947, .T. ) ;
#740 = VERTEX_POINT ( 'NONE', #653 ) ;
#741 = ADVANCED_FACE ( 'NONE', ( #1961 ), #1327, .F. ) ;
#742 = DIRECTION ( 'NONE',  ( 0.000000000000000000, 1.000000000000000000, 0.000000000000000000 ) ) ;
#743 = ORIENTED_EDGE ( 'NONE', *, *, #1096, .T. ) ;
#744 = CARTESIAN_POINT ( 'NONE',  ( 7.182286570935568548, 0.7999999999999999334, -4.986447828062300580 ) ) ;
#745 = CARTESIAN_POINT ( 'NONE',  ( -0.5484827557301448220, -7.900000000000000355, -0.9500000000000001776 ) ) ;
#746 = DIRECTION ( 'NONE',  ( 0.000000000000000000, 0.000000000000000000, 1.000000000000000000 ) ) ;
#747 = DIRECTION ( 'NONE',  ( -0.3420201433256713774, 0.000000000000000000, -0.9396926207859073177 ) ) ;
#748 = ORIENTED_EDGE ( 'NONE', *, *, #1574, .F. ) ;
#749 = ORIENTED_EDGE ( 'NONE', *, *, #1030, .F. ) ;
#750 = VERTEX_POINT ( 'NONE', #623 ) ;
#751 = FACE_OUTER_BOUND ( 'NONE', #1843, .T. ) ;
#752 = EDGE_CURVE ( 'NONE', #2105, #1947, #1115, .T. ) ;
#753 = EDGE_CURVE ( 'NONE', #1068, #1724, #1306, .T. ) ;
#754 = VECTOR ( 'NONE', #154, 1000.000000000000000 ) ;
#755 = CARTESIAN_POINT ( 'NONE',  ( -6.000000000000000000, 0.7999999999999999334, -1.154700538379252350 ) ) ;
#756 = SURFACE_SIDE_STYLE ('',( #409 ) ) ;
#757 = CARTESIAN_POINT ( 'NONE',  ( 6.487693860267877533, 0.7999999999999999334, -1.047216816013464280 ) ) ;
#758 = LINE ( 'NONE', #1425, #380 ) ;
#759 = DIRECTION ( 'NONE',  ( 0.000000000000000000, 1.000000000000000000, 0.000000000000000000 ) ) ;
#760 = ORIENTED_EDGE ( 'NONE', *, *, #641, .F. ) ;
#761 = ORIENTED_EDGE ( 'NONE', *, *, #1883, .F. ) ;
#762 = DIRECTION ( 'NONE',  ( 0.6427876096865441369, 0.000000000000000000, 0.7660444431189741277 ) ) ;
#763 = DIRECTION ( 'NONE',  ( 0.000000000000000000, 1.000000000000000000, 0.000000000000000000 ) ) ;
#764 = LINE ( 'NONE', #775, #858 ) ;
#765 = CARTESIAN_POINT ( 'NONE',  ( -7.708203932499369415, 1.199999999999999956, -2.140932538638540272 ) ) ;
#766 = ORIENTED_EDGE ( 'NONE', *, *, #1256, .F. ) ;
#767 = EDGE_LOOP ( 'NONE', ( #2121, #447, #294, #663 ) ) ;
#768 = DIRECTION ( 'NONE',  ( -1.807003620809174385E-16, 0.000000000000000000, -1.000000000000000000 ) ) ;
#769 = ORIENTED_EDGE ( 'NONE', *, *, #1586, .T. ) ;
#770 = VECTOR ( 'NONE', #1292, 1000.000000000000000 ) ;
#771 = EDGE_CURVE ( 'NONE', #839, #1744, #1642, .T. ) ;
#772 = AXIS2_PLACEMENT_3D ( 'NONE', #20, #1356, #230 ) ;
#773 = DIRECTION ( 'NONE',  ( 0.9848077530122093526, 0.000000000000000000, 0.1736481776669227539 ) ) ;
#774 = ADVANCED_FACE ( 'NONE', ( #1970 ), #1778, .T. ) ;
#775 = CARTESIAN_POINT ( 'NONE',  ( 5.708203932499319677, 1.199999999999999956, -5.605034153776344397 ) ) ;
#776 = CARTESIAN_POINT ( 'NONE',  ( 1.096965511460288756, -7.900000000000000355, 2.216604151201382265E-16 ) ) ;
#777 = ORIENTED_EDGE ( 'NONE', *, *, #840, .F. ) ;
#778 = AXIS2_PLACEMENT_3D ( 'NONE', #1323, #517, #864 ) ;
#779 = CARTESIAN_POINT ( 'NONE',  ( 5.697832172998464451, 0.7999999999999999334, -3.217343966278456424 ) ) ;
#780 = VERTEX_POINT ( 'NONE', #1612 ) ;
#781 = DIRECTION ( 'NONE',  ( 0.000000000000000000, 1.000000000000000000, 0.000000000000000000 ) ) ;
#782 = AXIS2_PLACEMENT_3D ( 'NONE', #1125, #259, #915 ) ;
#783 = PLANE ( 'NONE',  #1630 ) ;
#784 = CARTESIAN_POINT ( 'NONE',  ( 1.078803393300728164, 0.7999999999999999334, 8.510295483664112481 ) ) ;
#785 = VECTOR ( 'NONE', #1078, 1000.000000000000227 ) ;
#786 = ORIENTED_EDGE ( 'NONE', *, *, #771, .T. ) ;
#787 = PLANE ( 'NONE',  #1244 ) ;
#788 = ORIENTED_EDGE ( 'NONE', *, *, #1185, .T. ) ;
#789 = VECTOR ( 'NONE', #472, 1000.000000000000114 ) ;
#790 = DIRECTION ( 'NONE',  ( 0.000000000000000000, 0.000000000000000000, 1.000000000000000000 ) ) ;
#791 = DIRECTION ( 'NONE',  ( 0.9848077530122093526, 0.000000000000000000, 0.1736481776669228372 ) ) ;
#792 = DIRECTION ( 'NONE',  ( -0.7660444431189827874, 0.000000000000000000, -0.6427876096865337008 ) ) ;
#793 = CARTESIAN_POINT ( 'NONE',  ( -7.211730137151382891, 1.199999999999999956, -3.462794886923353133 ) ) ;
#794 = ADVANCED_FACE ( 'NONE', ( #1622 ), #6, .T. ) ;
#795 = ORIENTED_EDGE ( 'NONE', *, *, #2088, .F. ) ;
#796 = CARTESIAN_POINT ( 'NONE',  ( 0.000000000000000000, -2.899999999999999911, 0.000000000000000000 ) ) ;
#797 = ADVANCED_FACE ( 'NONE', ( #126 ), #783, .F. ) ;
#798 = EDGE_CURVE ( 'NONE', #1084, #1743, #292, .T. ) ;
#799 = PLANE ( 'NONE',  #510 ) ;
#800 = CARTESIAN_POINT ( 'NONE',  ( 0.2889417060313254626, 1.199999999999999956, 6.340168333399120115 ) ) ;
#801 = FACE_OUTER_BOUND ( 'NONE', #1031, .T. ) ;
#802 = CARTESIAN_POINT ( 'NONE',  ( 0.000000000000000000, 1.199999999999999956, 0.000000000000000000 ) ) ;
#803 = VERTEX_POINT ( 'NONE', #957 ) ;
#804 = FACE_OUTER_BOUND ( 'NONE', #48, .T. ) ;
#805 = EDGE_LOOP ( 'NONE', ( #1821, #134, #2067, #1236 ) ) ;
#806 = CARTESIAN_POINT ( 'NONE',  ( 0.2889417060312441943, 0.7999999999999999334, -6.340168333399118339 ) ) ;
#807 = ADVANCED_FACE ( 'NONE', ( #2125 ), #1453, .F. ) ;
#808 = EDGE_CURVE ( 'NONE', #561, #1379, #1987, .T. ) ;
#809 = CARTESIAN_POINT ( 'NONE',  ( -3.799207111051019492, 0.7999999999999999334, -4.891928228904490084 ) ) ;
#810 = CARTESIAN_POINT ( 'NONE',  ( 0.5484827557301441558, -3.164336076989803459, 0.9500000000000001776 ) ) ;
#811 = ORIENTED_EDGE ( 'NONE', *, *, #2010, .F. ) ;
#812 = AXIS2_PLACEMENT_3D ( 'NONE', #1478, #2141, #1144 ) ;
#813 = AXIS2_PLACEMENT_3D ( 'NONE', #128, #293, #265 ) ;
#814 = VECTOR ( 'NONE', #373, 1000.000000000000000 ) ;
#815 = DIRECTION ( 'NONE',  ( 0.8660254037844432595, 0.000000000000000000, 0.4999999999999919509 ) ) ;
#816 = CARTESIAN_POINT ( 'NONE',  ( 0.9361374556340830155, -2.899999999999999911, -1.478562363973513927 ) ) ;
#817 = CARTESIAN_POINT ( 'NONE',  ( 0.8956200219599979029, -2.900305353333390013, 1.503639481393466815 ) ) ;
#818 = VECTOR ( 'NONE', #1061, 1000.000000000000114 ) ;
#819 = LINE ( 'NONE', #1337, #647 ) ;
#820 = ADVANCED_FACE ( 'NONE', ( #325 ), #2135, .F. ) ;
#821 = VECTOR ( 'NONE', #631, 1000.000000000000000 ) ;
#822 = PLANE ( 'NONE',  #1767 ) ;
#823 = DIRECTION ( 'NONE',  ( -0.000000000000000000, -1.000000000000000000, -0.000000000000000000 ) ) ;
#824 = ORIENTED_EDGE ( 'NONE', *, *, #1087, .F. ) ;
#825 = CARTESIAN_POINT ( 'NONE',  ( 2.351556185020803103, 1.199999999999999956, -5.976473749953345127 ) ) ;
#826 = CARTESIAN_POINT ( 'NONE',  ( -1.750000000000000000, -2.900990137367855937, 4.104011484404015420E-16 ) ) ;
#827 = ORIENTED_EDGE ( 'NONE', *, *, #1520, .F. ) ;
#828 = DIRECTION ( 'NONE',  ( 0.000000000000000000, 1.000000000000000000, 0.000000000000000000 ) ) ;
#829 = DIRECTION ( 'NONE',  ( 0.000000000000000000, 1.000000000000000000, 0.000000000000000000 ) ) ;
#830 = LINE ( 'NONE', #177, #1659 ) ;
#831 = LINE ( 'NONE', #1633, #770 ) ;
#832 = EDGE_LOOP ( 'NONE', ( #1311, #377, #2045, #1167 ) ) ;
#833 = EDGE_CURVE ( 'NONE', #803, #1439, #418, .T. ) ;
#834 = VECTOR ( 'NONE', #1725, 1000.000000000000000 ) ;
#835 = PLANE ( 'NONE',  #945 ) ;
#836 = PLANE ( 'NONE',  #1935 ) ;
#837 = ORIENTED_EDGE ( 'NONE', *, *, #681, .F. ) ;
#838 = LINE ( 'NONE', #1661, #1894 ) ;
#839 = VERTEX_POINT ( 'NONE', #809 ) ;
#840 = EDGE_CURVE ( 'NONE', #1898, #1647, #1284, .T. ) ;
#841 = FACE_OUTER_BOUND ( 'NONE', #1934, .T. ) ;
#842 = DIRECTION ( 'NONE',  ( 0.000000000000000000, -0.000000000000000000, -1.000000000000000000 ) ) ;
#843 = B_SPLINE_CURVE_WITH_KNOTS ( 'NONE', 3,
 ( #461, #488, #1307, #1979 ),
 .UNSPECIFIED., .F., .F.,
 ( 4, 4 ),
 ( 0.000000000000000000, 7.145938727791227574E-05 ),
 .UNSPECIFIED. ) ;
#844 = LINE ( 'NONE', #1873, #374 ) ;
#845 = CARTESIAN_POINT ( 'NONE',  ( 0.000000000000000000, 1.199999999999999956, 0.000000000000000000 ) ) ;
#846 = EDGE_LOOP ( 'NONE', ( #1616, #906, #79 ) ) ;
#847 = FACE_OUTER_BOUND ( 'NONE', #1567, .T. ) ;
#848 = CARTESIAN_POINT ( 'NONE',  ( 5.708203932499319677, 0.7999999999999999334, -5.605034153776343508 ) ) ;
#849 = ORIENTED_EDGE ( 'NONE', *, *, #2083, .F. ) ;
#850 = DIRECTION ( 'NONE',  ( 0.000000000000000000, 1.000000000000000000, 0.000000000000000000 ) ) ;
#851 = EDGE_LOOP ( 'NONE', ( #900, #788, #1329, #2057 ) ) ;
#852 = ADVANCED_FACE ( 'NONE', ( #801 ), #643, .T. ) ;
#853 = VECTOR ( 'NONE', #742, 1000.000000000000000 ) ;
#854 = CARTESIAN_POINT ( 'NONE',  ( -0.9160122821899440160, -2.899999999999999911, 1.491304422828279019 ) ) ;
#855 = LINE ( 'NONE', #358, #880 ) ;
#856 = DIRECTION ( 'NONE',  ( 0.000000000000000000, 0.000000000000000000, 1.000000000000000000 ) ) ;
#857 =( NAMED_UNIT ( * ) SI_UNIT ( $, .STERADIAN. ) SOLID_ANGLE_UNIT ( ) );
#858 = VECTOR ( 'NONE', #1443, 1000.000000000000000 ) ;
#859 = EDGE_LOOP ( 'NONE', ( #198, #936, #513, #981, #1562, #1668 ) ) ;
#860 = CARTESIAN_POINT ( 'NONE',  ( 0.000000000000000000, -2.899999999999999911, 0.000000000000000000 ) ) ;
#861 = ADVANCED_FACE ( 'NONE', ( #1815 ), #822, .F. ) ;
#862 = CARTESIAN_POINT ( 'NONE',  ( 0.8335013738504070124, -2.899999999999999911, 1.538942117969190893 ) ) ;
#863 = VERTEX_POINT ( 'NONE', #1677 ) ;
#864 = DIRECTION ( 'NONE',  ( 0.000000000000000000, 0.000000000000000000, 1.000000000000000000 ) ) ;
#865 = ORIENTED_EDGE ( 'NONE', *, *, #1410, .F. ) ;
#866 = DIRECTION ( 'NONE',  ( 0.000000000000000000, 1.000000000000000000, 0.000000000000000000 ) ) ;
#867 = EDGE_CURVE ( 'NONE', #803, #2097, #830, .T. ) ;
#868 = EDGE_CURVE ( 'NONE', #1647, #1898, #1870, .T. ) ;
#869 = DIRECTION ( 'NONE',  ( 0.000000000000000000, 0.000000000000000000, -1.000000000000000000 ) ) ;
#870 = DIRECTION ( 'NONE',  ( 0.7660444431189771253, 0.000000000000000000, -0.6427876096865404731 ) ) ;
#871 = PLANE ( 'NONE',  #1999 ) ;
#872 = AXIS2_PLACEMENT_3D ( 'NONE', #1474, #1667, #1492 ) ;
#873 = LINE ( 'NONE', #1865, #1782 ) ;
#874 = DIRECTION ( 'NONE',  ( -0.000000000000000000, 1.000000000000000000, -0.000000000000000000 ) ) ;
#875 = ORIENTED_EDGE ( 'NONE', *, *, #637, .F. ) ;
#876 = ORIENTED_EDGE ( 'NONE', *, *, #1304, .T. ) ;
#877 = ORIENTED_EDGE ( 'NONE', *, *, #280, .T. ) ;
#878 = LINE ( 'NONE', #1540, #1203 ) ;
#879 = EDGE_CURVE ( 'NONE', #341, #1880, #1037, .T. ) ;
#880 = VECTOR ( 'NONE', #1848, 1000.000000000000000 ) ;
#881 = EDGE_CURVE ( 'NONE', #1379, #1943, #544, .T. ) ;
#882 = LINE ( 'NONE', #1511, #1076 ) ;
#883 = PLANE ( 'NONE',  #149 ) ;
#884 = CARTESIAN_POINT ( 'NONE',  ( 0.5484827557301445999, -7.900000000000000355, -0.9500000000000002887 ) ) ;
#885 = CARTESIAN_POINT ( 'NONE',  ( -1.750000000000000000, -2.900990137367855937, 4.104011484404015420E-16 ) ) ;
#886 = CARTESIAN_POINT ( 'NONE',  ( -6.000000000000000000, 1.199999999999999956, 1.154700538379251684 ) ) ;
#887 = EDGE_LOOP ( 'NONE', ( #760, #934, #1850, #1142, #1456, #766, #1639, #1043, #1274, #1572, #529, #1020, #2109, #1466, #889, #1229, #1926, #2028, #151, #1594 ) ) ;
#888 = ORIENTED_EDGE ( 'NONE', *, *, #1134, .T. ) ;
#889 = ORIENTED_EDGE ( 'NONE', *, *, #345, .T. ) ;
#890 = DIRECTION ( 'NONE',  ( 0.000000000000000000, 0.000000000000000000, 1.000000000000000000 ) ) ;
#891 = AXIS2_PLACEMENT_3D ( 'NONE', #1966, #505, #998 ) ;
#892 = VECTOR ( 'NONE', #747, 1000.000000000000114 ) ;
#893 = VECTOR ( 'NONE', #1128, 1000.000000000000000 ) ;
#894 = LINE ( 'NONE', #2062, #1830 ) ;
#895 = EDGE_CURVE ( 'NONE', #1468, #23, #1350, .T. ) ;
#896 = VERTEX_POINT ( 'NONE', #688 ) ;
#897 = CIRCLE ( 'NONE', #1485, 1.750000000000000000 ) ;
#898 = CARTESIAN_POINT ( 'NONE',  ( 0.5484827557301445999, -3.499999999999999556, -0.9500000000000002887 ) ) ;
#899 = CARTESIAN_POINT ( 'NONE',  ( -3.799207111051019492, 1.199999999999999956, -4.891928228904490084 ) ) ;
#900 = ORIENTED_EDGE ( 'NONE', *, *, #197, .F. ) ;
#901 = EDGE_LOOP ( 'NONE', ( #2077, #2100, #462, #876, #849, #390, #583, #351, #827, #256, #1401, #2047, #730, #1124, #1517, #1597, #1469, #596, #989, #80, #716, #619, #1690, #12, #1008, #1525, #428, #1834, #1039, #1218, #1025, #1965, #266, #1972, #2140, #1057 ) ) ;
#902 = ORIENTED_EDGE ( 'NONE', *, *, #1638, .T. ) ;
#903 = CYLINDRICAL_SURFACE ( 'NONE', #1727, 0.5999999999999999778 ) ;
#904 = ORIENTED_EDGE ( 'NONE', *, *, #580, .T. ) ;
#905 = CARTESIAN_POINT ( 'NONE',  ( 6.685220383092352670, 1.199999999999999956, 4.394067412942879614 ) ) ;
#906 = ORIENTED_EDGE ( 'NONE', *, *, #910, .T. ) ;
#907 = VERTEX_POINT ( 'NONE', #1859 ) ;
#908 = LINE ( 'NONE', #86, #2150 ) ;
#909 = DIRECTION ( 'NONE',  ( -0.000000000000000000, 1.000000000000000000, -0.000000000000000000 ) ) ;
#910 = EDGE_CURVE ( 'NONE', #1832, #1398, #1522, .T. ) ;
#911 = ORIENTED_EDGE ( 'NONE', *, *, #180, .T. ) ;
#912 = ORIENTED_EDGE ( 'NONE', *, *, #393, .T. ) ;
#913 = EDGE_LOOP ( 'NONE', ( #302, #588, #718, #1780 ) ) ;
#914 = CIRCLE ( 'NONE', #52, 2.654832348694351030 ) ;
#915 = DIRECTION ( 'NONE',  ( 1.000000000000000000, 0.000000000000000000, -9.883648675902361594E-17 ) ) ;
#916 = LINE ( 'NONE', #1296, #2112 ) ;
#917 = CARTESIAN_POINT ( 'NONE',  ( -0.5484827557301448220, -7.900000000000000355, -0.9500000000000001776 ) ) ;
#918 = CARTESIAN_POINT ( 'NONE',  ( 0.3747125296810087658, 1.199999999999999956, -2.125100357163015374 ) ) ;
#919 = FACE_OUTER_BOUND ( 'NONE', #1783, .T. ) ;
#920 = ORIENTED_EDGE ( 'NONE', *, *, #697, .T. ) ;
#921 = VERTEX_POINT ( 'NONE', #372 ) ;
#922 = LINE ( 'NONE', #1584, #1862 ) ;
#923 = B_SPLINE_CURVE_WITH_KNOTS ( 'NONE', 3,
 ( #250, #1242, #2060, #51 ),
 .UNSPECIFIED., .F., .F.,
 ( 4, 4 ),
 ( 0.000000000000000000, 7.145938727791231640E-05 ),
 .UNSPECIFIED. ) ;
#924 = CIRCLE ( 'NONE', #1278, 4.854832348694350763 ) ;
#925 = VERTEX_POINT ( 'NONE', #2036 ) ;
#926 = CARTESIAN_POINT ( 'NONE',  ( 0.000000000000000000, 1.199999999999999956, 0.000000000000000000 ) ) ;
#927 = CARTESIAN_POINT ( 'NONE',  ( 2.351556185020803103, 0.7999999999999999334, -5.976473749953345127 ) ) ;
#928 = CARTESIAN_POINT ( 'NONE',  ( 1.096965511460288756, -7.900000000000000355, 2.216604151201382265E-16 ) ) ;
#929 = AXIS2_PLACEMENT_3D ( 'NONE', #1482, #486, #1147 ) ;
#930 = VERTEX_POINT ( 'NONE', #2026 ) ;
#931 = VERTEX_POINT ( 'NONE', #2000 ) ;
#932 = EDGE_CURVE ( 'NONE', #2111, #1538, #1501, .T. ) ;
#933 = LINE ( 'NONE', #92, #371 ) ;
#934 = ORIENTED_EDGE ( 'NONE', *, *, #1696, .F. ) ;
#935 = EDGE_CURVE ( 'NONE', #863, #1189, #1908, .T. ) ;
#936 = ORIENTED_EDGE ( 'NONE', *, *, #1586, .F. ) ;
#937 = FACE_OUTER_BOUND ( 'NONE', #153, .T. ) ;
#938 = CYLINDRICAL_SURFACE ( 'NONE', #1872, 8.000000000000000000 ) ;
#939 = CARTESIAN_POINT ( 'NONE',  ( 5.945454896225562775E-16, -12.93153950114235506, -4.854832348694350763 ) ) ;
#940 = VERTEX_POINT ( 'NONE', #16 ) ;
#941 = CARTESIAN_POINT ( 'NONE',  ( -0.5484827557301448220, -7.900000000000000355, -0.9500000000000001776 ) ) ;
#942 = VERTEX_POINT ( 'NONE', #1838 ) ;
#943 = EDGE_LOOP ( 'NONE', ( #731, #965, #694, #536 ) ) ;
#944 = CIRCLE ( 'NONE', #1847, 8.000000000000000000 ) ;
#945 = AXIS2_PLACEMENT_3D ( 'NONE', #1923, #1591, #1399 ) ;
#946 = DIRECTION ( 'NONE',  ( -0.8660254037844432595, 0.000000000000000000, -0.4999999999999919509 ) ) ;
#947 = EDGE_CURVE ( 'NONE', #570, #559, #1227, .T. ) ;
#948 = DIRECTION ( 'NONE',  ( -0.5000000000000039968, 0.000000000000000000, -0.8660254037844363761 ) ) ;
#949 = LINE ( 'NONE', #784, #892 ) ;
#950 = VERTEX_POINT ( 'NONE', #522 ) ;
#951 = LINE ( 'NONE', #1763, #1417 ) ;
#952 = CARTESIAN_POINT ( 'NONE',  ( 4.351556185020880818, 1.199999999999999956, 4.821773211574058138 ) ) ;
#953 = ADVANCED_FACE ( 'NONE', ( #531 ), #54, .T. ) ;
#954 = EDGE_CURVE ( 'NONE', #1320, #2006, #844, .T. ) ;
#955 = DIRECTION ( 'NONE',  ( 0.000000000000000000, 1.000000000000000000, 0.000000000000000000 ) ) ;
#956 = EDGE_CURVE ( 'NONE', #1205, #1252, #337, .T. ) ;
#957 = CARTESIAN_POINT ( 'NONE',  ( 0.8755788882309151200, 0.7999999999999999334, -7.951940744905253489 ) ) ;
#958 = EDGE_CURVE ( 'NONE', #962, #479, #882, .T. ) ;
#959 = FACE_OUTER_BOUND ( 'NONE', #1014, .T. ) ;
#960 = CIRCLE ( 'NONE', #541, 2.654832348694351030 ) ;
#961 = VECTOR ( 'NONE', #1875, 1000.000000000000000 ) ;
#962 = VERTEX_POINT ( 'NONE', #1544 ) ;
#963 = EDGE_CURVE ( 'NONE', #942, #950, #44, .T. ) ;
#964 = CARTESIAN_POINT ( 'NONE',  ( 0.000000000000000000, 1.199999999999999956, 0.000000000000000000 ) ) ;
#965 = ORIENTED_EDGE ( 'NONE', *, *, #1130, .F. ) ;
#966 = EDGE_LOOP ( 'NONE', ( #39, #503, #145, #1091 ) ) ;
#967 = VECTOR ( 'NONE', #2012, 1000.000000000000000 ) ;
#968 = CARTESIAN_POINT ( 'NONE',  ( -1.985374379175191883, 0.7999999999999999334, 5.939145044917966132 ) ) ;
#969 = CARTESIAN_POINT ( 'NONE',  ( 6.487693860267877533, 1.199999999999999956, -1.047216816013464280 ) ) ;
#970 = CARTESIAN_POINT ( 'NONE',  ( 0.000000000000000000, 0.7999999999999999334, 0.000000000000000000 ) ) ;
#971 = LINE ( 'NONE', #654, #487 ) ;
#972 = VERTEX_POINT ( 'NONE', #1849 ) ;
#973 = EDGE_CURVE ( 'NONE', #2064, #1551, #2145, .T. ) ;
#974 = LINE ( 'NONE', #1143, #1901 ) ;
#975 = ORIENTED_EDGE ( 'NONE', *, *, #1260, .F. ) ;
#976 = ADVANCED_FACE ( 'NONE', ( #1524 ), #1365, .T. ) ;
#977 = CARTESIAN_POINT ( 'NONE',  ( 4.351556185020815093, 0.7999999999999999334, -4.821773211574112317 ) ) ;
#978 =( LENGTH_UNIT ( ) NAMED_UNIT ( * ) SI_UNIT ( .MILLI., .METRE. ) );
#979 = DIRECTION ( 'NONE',  ( 0.000000000000000000, -0.000000000000000000, 1.000000000000000000 ) ) ;
#980 = CARTESIAN_POINT ( 'NONE',  ( 0.8749999999999995559, -2.900990137367855937, 1.515544456622767822 ) ) ;
#981 = ORIENTED_EDGE ( 'NONE', *, *, #1347, .F. ) ;
#982 = LINE ( 'NONE', #1831, #540 ) ;
#983 = CARTESIAN_POINT ( 'NONE',  ( -1.342339375865880147, -2.899999999999999911, -0.7750000000000000222 ) ) ;
#984 = ORIENTED_EDGE ( 'NONE', *, *, #323, .F. ) ;
#985 = CARTESIAN_POINT ( 'NONE',  ( 1.750000000000000000, -2.900305353333390013, -0.02380995045860122283 ) ) ;
#986 = LINE ( 'NONE', #1490, #1280 ) ;
#987 = CARTESIAN_POINT ( 'NONE',  ( -3.799207111051019492, 0.7999999999999999334, -4.891928228904490084 ) ) ;
#988 = CARTESIAN_POINT ( 'NONE',  ( 0.000000000000000000, -12.93153950114235506, 4.854832348694350763 ) ) ;
#989 = ORIENTED_EDGE ( 'NONE', *, *, #879, .F. ) ;
#990 = CIRCLE ( 'NONE', #1449, 8.000000000000000000 ) ;
#991 = VECTOR ( 'NONE', #1842, 1000.000000000000114 ) ;
#992 = CIRCLE ( 'NONE', #1587, 8.000000000000000000 ) ;
#993 = DIRECTION ( 'NONE',  ( 0.6427876096865440259, 0.000000000000000000, 0.7660444431189740166 ) ) ;
#994 = CARTESIAN_POINT ( 'NONE',  ( 5.708203932499394284, 1.199999999999999956, 5.605034153776271566 ) ) ;
#995 = UNCERTAINTY_MEASURE_WITH_UNIT (LENGTH_MEASURE( 1.000000000000000082E-05 ), #523, 'distance_accuracy_value', 'NONE');
#996 = ORIENTED_EDGE ( 'NONE', *, *, #1220, .F. ) ;
#997 = EDGE_CURVE ( 'NONE', #972, #1947, #1617, .T. ) ;
#998 = DIRECTION ( 'NONE',  ( 0.000000000000000000, 0.000000000000000000, 1.000000000000000000 ) ) ;
#999 = CIRCLE ( 'NONE', #72, 8.000000000000000000 ) ;
#1000 = EDGE_CURVE ( 'NONE', #732, #561, #2004, .T. ) ;
#1001 = LINE ( 'NONE', #800, #1817 ) ;
#1002 = DIRECTION ( 'NONE',  ( 0.6427876096865299260, 0.000000000000000000, -0.7660444431189857850 ) ) ;
#1003 = PLANE ( 'NONE',  #1051 ) ;
#1004 = VERTEX_POINT ( 'NONE', #1421 ) ;
#1005 = DIRECTION ( 'NONE',  ( -0.6427876096865369204, 0.000000000000000000, 0.7660444431189800119 ) ) ;
#1006 = VERTEX_POINT ( 'NONE', #261 ) ;
#1007 = CARTESIAN_POINT ( 'NONE',  ( 7.961155196513414189, 1.199999999999999956, 0.7874058274025435011 ) ) ;
#1008 = ORIENTED_EDGE ( 'NONE', *, *, #1418, .F. ) ;
#1009 = CARTESIAN_POINT ( 'NONE',  ( 1.342339375865879481, -2.899999999999999911, 0.7749999999999999112 ) ) ;
#1010 = PLANE ( 'NONE',  #306 ) ;
#1011 =( GEOMETRIC_REPRESENTATION_CONTEXT ( 3 ) GLOBAL_UNCERTAINTY_ASSIGNED_CONTEXT ( ( #2069 ) ) GLOBAL_UNIT_ASSIGNED_CONTEXT ( ( #1267, #1423, #1235 ) ) REPRESENTATION_CONTEXT ( 'NONE', 'WORKASPACE' ) );
#1012 = CARTESIAN_POINT ( 'NONE',  ( 1.749513656040351695, -2.899999999999999911, 0.04763769514091148460 ) ) ;
#1013 = DIRECTION ( 'NONE',  ( -0.6427876096865404731, 0.000000000000000000, -0.7660444431189771253 ) ) ;
#1014 = EDGE_LOOP ( 'NONE', ( #8, #1503 ) ) ;
#1015 = PRODUCT_DEFINITION_SHAPE ( 'NONE', 'NONE',  #1721 ) ;
#1016 = CARTESIAN_POINT ( 'NONE',  ( 0.8755788882310155952, 1.199999999999999956, 7.951940744905242830 ) ) ;
#1017 = FACE_BOUND ( 'NONE', #1300, .T. ) ;
#1018 = VERTEX_POINT ( 'NONE', #905 ) ;
#1019 = CARTESIAN_POINT ( 'NONE',  ( 0.000000000000000000, -2.899999999999999911, 0.000000000000000000 ) ) ;
#1020 = ORIENTED_EDGE ( 'NONE', *, *, #1406, .F. ) ;
#1021 = CARTESIAN_POINT ( 'NONE',  ( 1.750000000000000000, -2.900990137367849719, 9.180180153920025737E-16 ) ) ;
#1022 = CARTESIAN_POINT ( 'NONE',  ( 0.000000000000000000, 0.000000000000000000, -8.000000000000000000 ) ) ;
#1023 = EDGE_CURVE ( 'NONE', #1379, #839, #1920, .T. ) ;
#1024 = DIRECTION ( 'NONE',  ( 0.7660444431189858960, 0.000000000000000000, 0.6427876096865300370 ) ) ;
#1025 = ORIENTED_EDGE ( 'NONE', *, *, #2071, .F. ) ;
#1026 = ADVANCED_FACE ( 'NONE', ( #1094 ), #1127, .F. ) ;
#1027 = EDGE_CURVE ( 'NONE', #59, #925, #894, .T. ) ;
#1028 = DIRECTION ( 'NONE',  ( 0.6427876096865471345, -0.000000000000000000, 0.7660444431189714631 ) ) ;
#1029 = CARTESIAN_POINT ( 'NONE',  ( 0.5484827557301447110, -3.164336076989803015, -0.9500000000000001776 ) ) ;
#1030 = EDGE_CURVE ( 'NONE', #907, #1614, #2084, .T. ) ;
#1031 = EDGE_LOOP ( 'NONE', ( #704, #229, #1372, #563, #1394, #75, #1571, #743, #1074, #527, #2017, #1075, #2031, #2002, #129, #283, #2079, #1448, #1990, #1195, #305, #1241, #1607, #1625 ) ) ;
#1032 = VERTEX_POINT ( 'NONE', #136 ) ;
#1033 = CARTESIAN_POINT ( 'NONE',  ( 0.000000000000000000, -2.899999999999999911, 0.000000000000000000 ) ) ;
#1034 = ORIENTED_EDGE ( 'NONE', *, *, #1316, .F. ) ;
#1035 = VECTOR ( 'NONE', #1733, 1000.000000000000000 ) ;
#1036 = CARTESIAN_POINT ( 'NONE',  ( -1.985374379175268267, 1.199999999999999956, -5.939145044917934158 ) ) ;
#1037 = LINE ( 'NONE', #382, #1210 ) ;
#1038 = CIRCLE ( 'NONE', #379, 8.000000000000000000 ) ;
#1039 = ORIENTED_EDGE ( 'NONE', *, *, #579, .F. ) ;
#1040 = AXIS2_PLACEMENT_3D ( 'NONE', #1569, #1931, #444 ) ;
#1041 = DIRECTION ( 'NONE',  ( 0.5000000000000083267, 0.000000000000000000, 0.8660254037844339337 ) ) ;
#1042 = CYLINDRICAL_SURFACE ( 'NONE', #721, 2.654832348694351030 ) ;
#1043 = ORIENTED_EDGE ( 'NONE', *, *, #160, .F. ) ;
#1044 = ORIENTED_EDGE ( 'NONE', *, *, #2094, .T. ) ;
#1045 = ORIENTED_EDGE ( 'NONE', *, *, #348, .T. ) ;
#1046 = EDGE_CURVE ( 'NONE', #608, #339, #897, .T. ) ;
#1047 = DIRECTION ( 'NONE',  ( 0.000000000000000000, 0.000000000000000000, 1.000000000000000000 ) ) ;
#1048 = DIRECTION ( 'NONE',  ( 0.000000000000000000, 0.000000000000000000, 1.000000000000000000 ) ) ;
#1049 = DIRECTION ( 'NONE',  ( 0.000000000000000000, 0.000000000000000000, 1.000000000000000000 ) ) ;
#1050 = CARTESIAN_POINT ( 'NONE',  ( 0.1936727294296314572, 0.7999999999999999334, 0.2308101710852910604 ) ) ;
#1051 = AXIS2_PLACEMENT_3D ( 'NONE', #1962, #338, #1787 ) ;
#1052 = CARTESIAN_POINT ( 'NONE',  ( 2.351556185020884371, 0.7999999999999999334, 5.976473749953321146 ) ) ;
#1053 = DIRECTION ( 'NONE',  ( 0.3420201433256757073, 0.000000000000000000, 0.9396926207859057634 ) ) ;
#1054 = ORIENTED_EDGE ( 'NONE', *, *, #1574, .T. ) ;
#1055 = VECTOR ( 'NONE', #2015, 1000.000000000000114 ) ;
#1056 = ORIENTED_EDGE ( 'NONE', *, *, #963, .T. ) ;
#1057 = ORIENTED_EDGE ( 'NONE', *, *, #895, .T. ) ;
#1058 = DIRECTION ( 'NONE',  ( 4.773959005888172335E-15, 0.000000000000000000, 1.000000000000000000 ) ) ;
#1059 = EDGE_CURVE ( 'NONE', #1289, #403, #567, .T. ) ;
#1060 = AXIS2_PLACEMENT_3D ( 'NONE', #1033, #2007, #1178 ) ;
#1061 = DIRECTION ( 'NONE',  ( -0.6427876096865337008, 0.000000000000000000, 0.7660444431189827874 ) ) ;
#1062 = PLANE ( 'NONE',  #224 ) ;
#1063 = PLANE ( 'NONE',  #334 ) ;
#1064 = CARTESIAN_POINT ( 'NONE',  ( -0.9361374556340827935, -2.899999999999999911, 1.478562363973514149 ) ) ;
#1065 = CARTESIAN_POINT ( 'NONE',  ( 0.000000000000000000, 0.7999999999999999334, 0.000000000000000000 ) ) ;
#1066 = EDGE_LOOP ( 'NONE', ( #1230, #2008, #904, #1150, #429, #912, #1701, #93, #1903, #1662, #90, #200, #2149 ) ) ;
#1067 = VERTEX_POINT ( 'NONE', #1565 ) ;
#1068 = VERTEX_POINT ( 'NONE', #432 ) ;
#1069 = CARTESIAN_POINT ( 'NONE',  ( -3.799207111051019492, 1.199999999999999956, -4.891928228904490084 ) ) ;
#1070 = CIRCLE ( 'NONE', #130, 1.750000000000000000 ) ;
#1071 = CIRCLE ( 'NONE', #507, 8.000000000000000000 ) ;
#1072 = ADVANCED_FACE ( 'NONE', ( #1896 ), #1073, .F. ) ;
#1073 = PLANE ( 'NONE',  #281 ) ;
#1074 = ORIENTED_EDGE ( 'NONE', *, *, #9, .F. ) ;
#1075 = ORIENTED_EDGE ( 'NONE', *, *, #652, .T. ) ;
#1076 = VECTOR ( 'NONE', #1353, 1000.000000000000114 ) ;
#1077 = DIRECTION ( 'NONE',  ( 0.4999999999999995559, 0.000000000000000000, 0.8660254037844389297 ) ) ;
#1078 = DIRECTION ( 'NONE',  ( 0.8660254037844339337, 0.000000000000000000, -0.5000000000000081046 ) ) ;
#1079 = VERTEX_POINT ( 'NONE', #296 ) ;
#1080 = ORIENTED_EDGE ( 'NONE', *, *, #1895, .T. ) ;
#1081 = EDGE_LOOP ( 'NONE', ( #735, #1263 ) ) ;
#1082 = CARTESIAN_POINT ( 'NONE',  ( -5.283661508988117816, 0.7999999999999999334, -3.122824367120635269 ) ) ;
#1083 = CARTESIAN_POINT ( 'NONE',  ( -7.211730137151334041, 1.199999999999999956, 3.462794886923452609 ) ) ;
#1084 = VERTEX_POINT ( 'NONE', #952 ) ;
#1085 = FACE_OUTER_BOUND ( 'NONE', #887, .T. ) ;
#1086 = DIRECTION ( 'NONE',  ( 0.4999999999999961142, 0.000000000000000000, -0.8660254037844409281 ) ) ;
#1087 = EDGE_CURVE ( 'NONE', #1772, #717, #2123, .T. ) ;
#1088 = ORIENTED_EDGE ( 'NONE', *, *, #347, .T. ) ;
#1089 = ORIENTED_EDGE ( 'NONE', *, *, #1027, .F. ) ;
#1090 = VECTOR ( 'NONE', #1375, 1000.000000000000000 ) ;
#1091 = ORIENTED_EDGE ( 'NONE', *, *, #867, .F. ) ;
#1092 = LINE ( 'NONE', #102, #238 ) ;
#1093 = ORIENTED_EDGE ( 'NONE', *, *, #213, .T. ) ;
#1094 = FACE_OUTER_BOUND ( 'NONE', #913, .T. ) ;
#1095 = CARTESIAN_POINT ( 'NONE',  ( 0.1936727294296314572, 0.7999999999999999334, 0.2308101710852910604 ) ) ;
#1096 = EDGE_CURVE ( 'NONE', #341, #740, #916, .T. ) ;
#1097 = B_SPLINE_CURVE_WITH_KNOTS ( 'NONE', 3,
 ( #56, #1377, #2042, #547 ),
 .UNSPECIFIED., .F., .F.,
 ( 4, 4 ),
 ( 0.000000000000000000, 7.145938727791158456E-05 ),
 .UNSPECIFIED. ) ;
#1098 = LINE ( 'NONE', #918, #1314 ) ;
#1099 = LINE ( 'NONE', #603, #1450 ) ;
#1100 = VERTEX_POINT ( 'NONE', #464 ) ;
#1101 = VERTEX_POINT ( 'NONE', #1792 ) ;
#1102 = ADVANCED_FACE ( 'NONE', ( #307 ), #799, .T. ) ;
#1103 = CARTESIAN_POINT ( 'NONE',  ( -0.6815241508945473203, -2.920265942133605908, 1.180434455934594284 ) ) ;
#1104 = AXIS2_PLACEMENT_3D ( 'NONE', #1669, #304, #993 ) ;
#1105 = AXIS2_PLACEMENT_3D ( 'NONE', #595, #1454, #1445 ) ;
#1106 = AXIS2_PLACEMENT_3D ( 'NONE', #106, #763, #1432 ) ;
#1107 = LINE ( 'NONE', #290, #1826 ) ;
#1108 = DIRECTION ( 'NONE',  ( 0.000000000000000000, 0.000000000000000000, -1.000000000000000000 ) ) ;
#1109 = FACE_OUTER_BOUND ( 'NONE', #1706, .T. ) ;
#1110 = VECTOR ( 'NONE', #2072, 1000.000000000000000 ) ;
#1111 = VERTEX_POINT ( 'NONE', #1222 ) ;
#1112 = CARTESIAN_POINT ( 'NONE',  ( 7.961155196513417742, 1.199999999999999956, 0.7874058274025416138 ) ) ;
#1113 = ORIENTED_EDGE ( 'NONE', *, *, #480, .F. ) ;
#1114 = DIRECTION ( 'NONE',  ( -1.000000000000000000, 0.000000000000000000, 0.000000000000000000 ) ) ;
#1115 = LINE ( 'NONE', #460, #1771 ) ;
#1116 = CARTESIAN_POINT ( 'NONE',  ( -1.985374379175191883, 1.199999999999999956, 5.939145044917966132 ) ) ;
#1117 = ORIENTED_EDGE ( 'NONE', *, *, #628, .F. ) ;
#1118 = CYLINDRICAL_SURFACE ( 'NONE', #646, 0.6000000000000000888 ) ;
#1119 = VERTEX_POINT ( 'NONE', #734 ) ;
#1120 = ADVANCED_FACE ( 'NONE', ( #1397 ), #408, .T. ) ;
#1121 = FACE_OUTER_BOUND ( 'NONE', #91, .T. ) ;
#1122 = CARTESIAN_POINT ( 'NONE',  ( 7.182286570935568548, 0.7999999999999999334, -4.986447828062300580 ) ) ;
#1123 = LINE ( 'NONE', #178, #1884 ) ;
#1124 = ORIENTED_EDGE ( 'NONE', *, *, #752, .F. ) ;
#1125 = CARTESIAN_POINT ( 'NONE',  ( -0.5484827557301448220, -7.900000000000000355, -0.9500000000000001776 ) ) ;
#1126 = VERTEX_POINT ( 'NONE', #1083 ) ;
#1127 = PLANE ( 'NONE',  #336 ) ;
#1128 = DIRECTION ( 'NONE',  ( 0.000000000000000000, 1.000000000000000000, 0.000000000000000000 ) ) ;
#1129 = AXIS2_PLACEMENT_3D ( 'NONE', #344, #73, #391 ) ;
#1130 = EDGE_CURVE ( 'NONE', #1358, #365, #1747, .T. ) ;
#1131 = DIRECTION ( 'NONE',  ( 0.9848077530122101297, 0.000000000000000000, 0.1736481776669185628 ) ) ;
#1132 = FACE_OUTER_BOUND ( 'NONE', #64, .T. ) ;
#1133 = ORIENTED_EDGE ( 'NONE', *, *, #406, .T. ) ;
#1134 = EDGE_CURVE ( 'NONE', #1067, #570, #357, .T. ) ;
#1135 = LINE ( 'NONE', #500, #1824 ) ;
#1136 = ORIENTED_EDGE ( 'NONE', *, *, #53, .F. ) ;
#1137 = B_SPLINE_CURVE_WITH_KNOTS ( 'NONE', 3,
 ( #816, #329, #184, #1487 ),
 .UNSPECIFIED., .F., .F.,
 ( 4, 4 ),
 ( 0.000000000000000000, 7.145938727791234350E-05 ),
 .UNSPECIFIED. ) ;
#1138 = LINE ( 'NONE', #1498, #754 ) ;
#1139 = DIRECTION ( 'NONE',  ( 0.6427876096865470235, 0.000000000000000000, 0.7660444431189714631 ) ) ;
#1140 = CARTESIAN_POINT ( 'NONE',  ( 0.000000000000000000, -2.899999999999999911, 0.000000000000000000 ) ) ;
#1141 = CARTESIAN_POINT ( 'NONE',  ( 0.000000000000000000, 0.8000000000000003775, 0.000000000000000000 ) ) ;
#1142 = ORIENTED_EDGE ( 'NONE', *, *, #895, .F. ) ;
#1143 = CARTESIAN_POINT ( 'NONE',  ( -6.000000000000000000, 0.7999999999999999334, 1.154700538379251684 ) ) ;
#1144 = DIRECTION ( 'NONE',  ( 0.000000000000000000, 0.000000000000000000, -1.000000000000000000 ) ) ;
#1145 = AXIS2_PLACEMENT_3D ( 'NONE', #1339, #712, #1678 ) ;
#1146 = DIRECTION ( 'NONE',  ( -0.9848077530122062440, 0.000000000000000000, 0.1736481776669404620 ) ) ;
#1147 = DIRECTION ( 'NONE',  ( 0.000000000000000000, 0.000000000000000000, -1.000000000000000000 ) ) ;
#1148 = DIRECTION ( 'NONE',  ( 0.8660254037844387076, 0.000000000000000000, -0.4999999999999998890 ) ) ;
#1149 = EDGE_CURVE ( 'NONE', #1772, #1519, #999, .T. ) ;
#1150 = ORIENTED_EDGE ( 'NONE', *, *, #1351, .T. ) ;
#1151 = CARTESIAN_POINT ( 'NONE',  ( -1.096965511460289200, -7.900000000000000355, -1.103143919893859257E-16 ) ) ;
#1152 = CARTESIAN_POINT ( 'NONE',  ( -1.748541296097678277, -2.899999999999999911, -0.07143763602648661726 ) ) ;
#1153 = ORIENTED_EDGE ( 'NONE', *, *, #113, .T. ) ;
#1154 = VECTOR ( 'NONE', #1820, 1000.000000000000000 ) ;
#1155 = ADVANCED_FACE ( 'NONE', ( #841 ), #3, .F. ) ;
#1156 = DIRECTION ( 'NONE',  ( 0.000000000000000000, 1.000000000000000000, 0.000000000000000000 ) ) ;
#1157 =( NAMED_UNIT ( * ) PLANE_ANGLE_UNIT ( ) SI_UNIT ( $, .RADIAN. ) );
#1158 = CARTESIAN_POINT ( 'NONE',  ( 1.750000000000000000, -2.900305353333383795, 0.02380995045860258286 ) ) ;
#1159 = PLANE ( 'NONE',  #392 ) ;
#1160 = ORIENTED_EDGE ( 'NONE', *, *, #113, .F. ) ;
#1161 = AXIS2_PLACEMENT_3D ( 'NONE', #1774, #111, #768 ) ;
#1162 = CIRCLE ( 'NONE', #1105, 8.000000000000000000 ) ;
#1163 = AXIS2_PLACEMENT_3D ( 'NONE', #926, #955, #1462 ) ;
#1164 = CARTESIAN_POINT ( 'NONE',  ( 0.5484827557301440448, -7.900000000000000355, 0.9500000000000005107 ) ) ;
#1165 = ORIENTED_EDGE ( 'NONE', *, *, #881, .F. ) ;
#1166 = CARTESIAN_POINT ( 'NONE',  ( -7.708203932499369415, 1.199999999999999956, -2.140932538638539828 ) ) ;
#1167 = ORIENTED_EDGE ( 'NONE', *, *, #78, .T. ) ;
#1168 = DIRECTION ( 'NONE',  ( 0.000000000000000000, 1.000000000000000000, 0.000000000000000000 ) ) ;
#1169 = VECTOR ( 'NONE', #2009, 1000.000000000000000 ) ;
#1170 = EDGE_CURVE ( 'NONE', #404, #1398, #1720, .T. ) ;
#1171 = DIRECTION ( 'NONE',  ( 0.4999999999999999445, 0.000000000000000000, -0.8660254037844387076 ) ) ;
#1172 = DIRECTION ( 'NONE',  ( 0.000000000000000000, 0.000000000000000000, 1.000000000000000000 ) ) ;
#1173 = DIRECTION ( 'NONE',  ( -0.1736481776669320243, 0.000000000000000000, -0.9848077530122077983 ) ) ;
#1174 = VERTEX_POINT ( 'NONE', #519 ) ;
#1175 = DIRECTION ( 'NONE',  ( 0.000000000000000000, 1.000000000000000000, 0.000000000000000000 ) ) ;
#1176 = DIRECTION ( 'NONE',  ( 0.000000000000000000, 0.000000000000000000, -1.000000000000000000 ) ) ;
#1177 = ORIENTED_EDGE ( 'NONE', *, *, #101, .F. ) ;
#1178 = DIRECTION ( 'NONE',  ( 0.000000000000000000, 0.000000000000000000, -1.000000000000000000 ) ) ;
#1179 = VERTEX_POINT ( 'NONE', #1302 ) ;
#1180 = DIRECTION ( 'NONE',  ( 0.000000000000000000, 1.000000000000000000, 0.000000000000000000 ) ) ;
#1181 = EDGE_CURVE ( 'NONE', #559, #1644, #1902, .T. ) ;
#1182 = EDGE_CURVE ( 'NONE', #1006, #2097, #315, .T. ) ;
#1183 = SURFACE_SIDE_STYLE ('',( #496 ) ) ;
#1184 =( GEOMETRIC_REPRESENTATION_CONTEXT ( 3 ) GLOBAL_UNCERTAINTY_ASSIGNED_CONTEXT ( ( #995 ) ) GLOBAL_UNIT_ASSIGNED_CONTEXT ( ( #523, #1188, #857 ) ) REPRESENTATION_CONTEXT ( 'NONE', 'WORKASPACE' ) );
#1185 = EDGE_CURVE ( 'NONE', #489, #427, #1673, .T. ) ;
#1186 = EDGE_CURVE ( 'NONE', #1608, #1006, #1663, .T. ) ;
#1187 = CARTESIAN_POINT ( 'NONE',  ( -5.283661508988117816, 0.7999999999999999334, -3.122824367120635269 ) ) ;
#1188 =( NAMED_UNIT ( * ) PLANE_ANGLE_UNIT ( ) SI_UNIT ( $, .RADIAN. ) );
#1189 = VERTEX_POINT ( 'NONE', #1813 ) ;
#1190 = DIRECTION ( 'NONE',  ( 0.000000000000000000, -0.000000000000000000, -1.000000000000000000 ) ) ;
#1191 = FACE_OUTER_BOUND ( 'NONE', #1557, .T. ) ;
#1192 = ORIENTED_EDGE ( 'NONE', *, *, #1981, .F. ) ;
#1193 = CARTESIAN_POINT ( 'NONE',  ( 0.3515561850208578920, 0.7999999999999999334, 0.2029710580570712186 ) ) ;
#1194 = UNCERTAINTY_MEASURE_WITH_UNIT (LENGTH_MEASURE( 1.000000000000000082E-05 ), #978, 'distance_accuracy_value', 'NONE');
#1195 = ORIENTED_EDGE ( 'NONE', *, *, #318, .T. ) ;
#1196 = FACE_OUTER_BOUND ( 'NONE', #832, .T. ) ;
#1197 = DIRECTION ( 'NONE',  ( 0.000000000000000000, 0.000000000000000000, 1.000000000000000000 ) ) ;
#1198 = CARTESIAN_POINT ( 'NONE',  ( 0.2889417060313254626, 0.7999999999999999334, 6.340168333399120115 ) ) ;
#1199 = LINE ( 'NONE', #1861, #814 ) ;
#1200 = DIRECTION ( 'NONE',  ( 0.000000000000000000, 0.000000000000000000, 1.000000000000000000 ) ) ;
#1201 = DIRECTION ( 'NONE',  ( -0.000000000000000000, 1.000000000000000000, -0.000000000000000000 ) ) ;
#1202 = ADVANCED_FACE ( 'NONE', ( #2131 ), #638, .T. ) ;
#1203 = VECTOR ( 'NONE', #60, 1000.000000000000000 ) ;
#1204 = EDGE_LOOP ( 'NONE', ( #996, #1459, #1428, #1897, #1840, #574 ) ) ;
#1205 = VERTEX_POINT ( 'NONE', #977 ) ;
#1206 = ORIENTED_EDGE ( 'NONE', *, *, #665, .F. ) ;
#1207 = VECTOR ( 'NONE', #41, 1000.000000000000000 ) ;
#1208 = CIRCLE ( 'NONE', #2041, 4.854832348694350763 ) ;
#1209 = LINE ( 'NONE', #1404, #853 ) ;
#1210 = VECTOR ( 'NONE', #30, 1000.000000000000000 ) ;
#1211 = CARTESIAN_POINT ( 'NONE',  ( -0.5484827557301445999, -7.900000000000000355, 0.9500000000000005107 ) ) ;
#1212 = PLANE ( 'NONE',  #1264 ) ;
#1213 = ORIENTED_EDGE ( 'NONE', *, *, #1680, .F. ) ;
#1214 = AXIS2_PLACEMENT_3D ( 'NONE', #300, #139, #1463 ) ;
#1215 = CARTESIAN_POINT ( 'NONE',  ( -0.5484827557301448220, -3.164336076989803459, -0.9499999999999999556 ) ) ;
#1216 = PLANE ( 'NONE',  #1653 ) ;
#1217 = ORIENTED_EDGE ( 'NONE', *, *, #406, .F. ) ;
#1218 = ORIENTED_EDGE ( 'NONE', *, *, #1740, .F. ) ;
#1219 = EDGE_LOOP ( 'NONE', ( #2074, #416, #1429, #174, #902 ) ) ;
#1220 = EDGE_CURVE ( 'NONE', #1398, #170, #1138, .T. ) ;
#1221 = DIRECTION ( 'NONE',  ( 0.8660254037844385966, 0.000000000000000000, 0.5000000000000000000 ) ) ;
#1222 = CARTESIAN_POINT ( 'NONE',  ( 0.000000000000000000, 0.8000000000000003775, 4.854832348694350763 ) ) ;
#1223 = DIRECTION ( 'NONE',  ( -0.9848077530122077983, 0.000000000000000000, 0.1736481776669320243 ) ) ;
#1224 = ORIENTED_EDGE ( 'NONE', *, *, #1752, .T. ) ;
#1225 = CARTESIAN_POINT ( 'NONE',  ( -4.440676641944987679, 1.199999999999999956, 6.654351280304055649 ) ) ;
#1226 = CARTESIAN_POINT ( 'NONE',  ( 0.8749999999999995559, -2.900990137367855937, 1.515544456622767822 ) ) ;
#1227 = B_SPLINE_CURVE_WITH_KNOTS ( 'NONE', 3,
 ( #216, #1012, #1158, #1532 ),
 .UNSPECIFIED., .F., .F.,
 ( 4, 4 ),
 ( 0.000000000000000000, 7.145938727790998536E-05 ),
 .UNSPECIFIED. ) ;
#1228 = ORIENTED_EDGE ( 'NONE', *, *, #4, .T. ) ;
#1229 = ORIENTED_EDGE ( 'NONE', *, *, #1149, .F. ) ;
#1230 = ORIENTED_EDGE ( 'NONE', *, *, #1752, .F. ) ;
#1231 = CARTESIAN_POINT ( 'NONE',  ( -6.000000000000000000, 1.199999999999999956, 1.154700538379251684 ) ) ;
#1232 = EDGE_CURVE ( 'NONE', #120, #1101, #98, .T. ) ;
#1233 = VECTOR ( 'NONE', #492, 1000.000000000000227 ) ;
#1234 = DIRECTION ( 'NONE',  ( 1.000000000000000000, 0.000000000000000000, -9.883648675902361594E-17 ) ) ;
#1235 =( NAMED_UNIT ( * ) SI_UNIT ( $, .STERADIAN. ) SOLID_ANGLE_UNIT ( ) );
#1236 = ORIENTED_EDGE ( 'NONE', *, *, #473, .T. ) ;
#1237 = LINE ( 'NONE', #898, #1315 ) ;
#1238 = CARTESIAN_POINT ( 'NONE',  ( 0.9361374556340830155, -2.899999999999999911, -1.478562363973513927 ) ) ;
#1239 = EDGE_LOOP ( 'NONE', ( #837, #786, #1672, #1683 ) ) ;
#1240 = ORIENTED_EDGE ( 'NONE', *, *, #197, .T. ) ;
#1241 = ORIENTED_EDGE ( 'NONE', *, *, #753, .T. ) ;
#1242 = CARTESIAN_POINT ( 'NONE',  ( -0.8956200219599987911, -2.900305353333390013, -1.503639481393466371 ) ) ;
#1243 = EDGE_LOOP ( 'NONE', ( #1628, #1573, #573, #1240 ) ) ;
#1244 = AXIS2_PLACEMENT_3D ( 'NONE', #279, #1953, #626 ) ;
#1245 = VECTOR ( 'NONE', #1303, 1000.000000000000000 ) ;
#1246 = DIRECTION ( 'NONE',  ( 0.000000000000000000, -1.000000000000000000, 0.000000000000000000 ) ) ;
#1247 = DIRECTION ( 'NONE',  ( 1.000000000000000000, 0.000000000000000000, 0.000000000000000000 ) ) ;
#1248 = DIRECTION ( 'NONE',  ( 0.000000000000000000, 0.000000000000000000, 1.000000000000000000 ) ) ;
#1249 = AXIS2_PLACEMENT_3D ( 'NONE', #1722, #1956, #2051 ) ;
#1250 = DIRECTION ( 'NONE',  ( -0.3420201433256803147, 0.000000000000000000, -0.9396926207859042091 ) ) ;
#1251 = CARTESIAN_POINT ( 'NONE',  ( -1.985374379175267823, 0.7999999999999999334, -5.939145044917935046 ) ) ;
#1252 = VERTEX_POINT ( 'NONE', #649 ) ;
#1253 = EDGE_LOOP ( 'NONE', ( #483, #2046, #388, #516, #1891, #1829 ) ) ;
#1254 = ORIENTED_EDGE ( 'NONE', *, *, #1634, .T. ) ;
#1255 = CARTESIAN_POINT ( 'NONE',  ( 8.762009945474403594, 0.7999999999999999334, 0.6461935275322104877 ) ) ;
#1256 = EDGE_CURVE ( 'NONE', #1992, #962, #581, .T. ) ;
#1257 = CARTESIAN_POINT ( 'NONE',  ( 6.487693860267877533, 0.7999999999999999334, -1.047216816013464280 ) ) ;
#1258 = EDGE_CURVE ( 'NONE', #1728, #1067, #1941, .T. ) ;
#1259 = CARTESIAN_POINT ( 'NONE',  ( -1.096965511460289422, -3.164336076989803459, 4.065758146820641628E-16 ) ) ;
#1260 = EDGE_CURVE ( 'NONE', #896, #1916, #1324, .T. ) ;
#1261 = LINE ( 'NONE', #1601, #1489 ) ;
#1262 = CARTESIAN_POINT ( 'NONE',  ( 0.000000000000000000, 0.7999999999999999334, 0.000000000000000000 ) ) ;
#1263 = ORIENTED_EDGE ( 'NONE', *, *, #1494, .T. ) ;
#1264 = AXIS2_PLACEMENT_3D ( 'NONE', #205, #870, #1013 ) ;
#1265 = EDGE_LOOP ( 'NONE', ( #1963, #179, #2068, #1413 ) ) ;
#1266 = DIRECTION ( 'NONE',  ( 0.000000000000000000, 1.000000000000000000, 0.000000000000000000 ) ) ;
#1267 =( LENGTH_UNIT ( ) NAMED_UNIT ( * ) SI_UNIT ( .MILLI., .METRE. ) );
#1268 = PLANE ( 'NONE',  #1554 ) ;
#1269 = CARTESIAN_POINT ( 'NONE',  ( 0.000000000000000000, 0.7999999999999999334, 0.000000000000000000 ) ) ;
#1270 = CARTESIAN_POINT ( 'NONE',  ( 1.096965511460288756, -7.900000000000000355, 2.216604151201382265E-16 ) ) ;
#1271 = ORIENTED_EDGE ( 'NONE', *, *, #101, .T. ) ;
#1272 = APPLICATION_CONTEXT ( 'automotive_design' ) ;
#1273 = EDGE_LOOP ( 'NONE', ( #1892, #157, #89, #824 ) ) ;
#1274 = ORIENTED_EDGE ( 'NONE', *, *, #1568, .T. ) ;
#1275 = EDGE_CURVE ( 'NONE', #2148, #330, #14, .T. ) ;
#1276 = DIRECTION ( 'NONE',  ( -0.4999999999999998335, 0.000000000000000000, -0.8660254037844388186 ) ) ;
#1277 = ORIENTED_EDGE ( 'NONE', *, *, #798, .T. ) ;
#1278 = AXIS2_PLACEMENT_3D ( 'NONE', #2020, #866, #1384 ) ;
#1279 = VECTOR ( 'NONE', #387, 999.9999999999998863 ) ;
#1280 = VECTOR ( 'NONE', #5, 1000.000000000000000 ) ;
#1281 = DIRECTION ( 'NONE',  ( -0.000000000000000000, 0.000000000000000000, -1.000000000000000000 ) ) ;
#1282 = CARTESIAN_POINT ( 'NONE',  ( 5.697832172998464451, 0.7999999999999999334, -3.217343966278456424 ) ) ;
#1283 = LINE ( 'NONE', #939, #1481 ) ;
#1284 = CIRCLE ( 'NONE', #546, 1.750000000000000000 ) ;
#1285 = EDGE_LOOP ( 'NONE', ( #911, #271, #1603, #1271 ) ) ;
#1286 = DIRECTION ( 'NONE',  ( 0.9396926207859075397, 0.000000000000000000, -0.3420201433256713774 ) ) ;
#1287 = EDGE_CURVE ( 'NONE', #1799, #1910, #1822, .T. ) ;
#1288 = ORIENTED_EDGE ( 'NONE', *, *, #1419, .F. ) ;
#1289 = VERTEX_POINT ( 'NONE', #1835 ) ;
#1290 = CARTESIAN_POINT ( 'NONE',  ( 2.351556185020884371, 0.7999999999999999334, 5.976473749953321146 ) ) ;
#1291 = CARTESIAN_POINT ( 'NONE',  ( 2.351556185020892809, 1.199999999999999956, 7.646579856948465093 ) ) ;
#1292 = DIRECTION ( 'NONE',  ( 9.159339953157543036E-15, 0.000000000000000000, 1.000000000000000000 ) ) ;
#1293 = ORIENTED_EDGE ( 'NONE', *, *, #591, .F. ) ;
#1294 = CARTESIAN_POINT ( 'NONE',  ( -0.5484827557301445999, -3.499999999999999556, 0.9500000000000005107 ) ) ;
#1295 = PRESENTATION_LAYER_ASSIGNMENT (  '', '', ( #317 ) ) ;
#1296 = CARTESIAN_POINT ( 'NONE',  ( 2.351556185020788003, 1.199999999999999956, -7.646579856948495291 ) ) ;
#1297 = CARTESIAN_POINT ( 'NONE',  ( 0.000000000000000000, 1.199999999999999956, 0.000000000000000000 ) ) ;
#1298 = DIRECTION ( 'NONE',  ( 0.3420201433256757073, 0.000000000000000000, 0.9396926207859057634 ) ) ;
#1299 = DIRECTION ( 'NONE',  ( 0.000000000000000000, 0.000000000000000000, 1.000000000000000000 ) ) ;
#1300 = EDGE_LOOP ( 'NONE', ( #777, #183 ) ) ;
#1301 = CARTESIAN_POINT ( 'NONE',  ( 0.000000000000000000, 1.199999999999999956, 0.000000000000000000 ) ) ;
#1302 = CARTESIAN_POINT ( 'NONE',  ( 5.708203932499396949, 1.199999999999999956, 5.605034153776272454 ) ) ;
#1303 = DIRECTION ( 'NONE',  ( 0.6427876096865441369, 0.000000000000000000, 0.7660444431189741277 ) ) ;
#1304 = EDGE_CURVE ( 'NONE', #1360, #1724, #2107, .T. ) ;
#1305 = CLOSED_SHELL ( 'NONE', ( #1202, #1800, #953, #852, #1734, #127, #794, #490, #1392, #709, #1588, #1776, #386, #193, #774, #1026, #1958, #299, #1102, #2116, #2122, #2132, #34, #1973, #1640, #861, #268, #2023, #741, #656, #122, #493, #1738, #610, #458, #165, #797, #1541, #976, #1575, #1504, #1471, #420, #1155, #1808, #807, #104, #1072, #1444, #2119, #1364, #1794, #42, #2025, #820, #1955, #43, #703, #215, #1477, #1120, #192, #1523, #1431, #1650, #143, #1342 ) ) ;
#1306 = LINE ( 'NONE', #1291, #171 ) ;
#1307 = CARTESIAN_POINT ( 'NONE',  ( -0.8335013738504073455, -2.899999999999999467, 1.538942117969191115 ) ) ;
#1308 = ORIENTED_EDGE ( 'NONE', *, *, #1312, .T. ) ;
#1309 = AXIS2_PLACEMENT_3D ( 'NONE', #1827, #1666, #1172 ) ;
#1310 = DIRECTION ( 'NONE',  ( 0.000000000000000000, -0.000000000000000000, 1.000000000000000000 ) ) ;
#1311 = ORIENTED_EDGE ( 'NONE', *, *, #1930, .F. ) ;
#1312 = EDGE_CURVE ( 'NONE', #930, #1550, #924, .T. ) ;
#1313 = CARTESIAN_POINT ( 'NONE',  ( 0.000000000000000000, 0.7999999999999999334, 0.000000000000000000 ) ) ;
#1314 = VECTOR ( 'NONE', #1433, 1000.000000000000000 ) ;
#1315 = VECTOR ( 'NONE', #1077, 1000.000000000000114 ) ;
#1316 = EDGE_CURVE ( 'NONE', #950, #1869, #26, .T. ) ;
#1317 = PLANE ( 'NONE',  #66 ) ;
#1318 = DIRECTION ( 'NONE',  ( 0.000000000000000000, -1.000000000000000000, 0.000000000000000000 ) ) ;
#1319 = CARTESIAN_POINT ( 'NONE',  ( -7.999999999999998224, 0.7999999999999999334, 2.309401076758502036 ) ) ;
#1320 = VERTEX_POINT ( 'NONE', #214 ) ;
#1321 = EDGE_CURVE ( 'NONE', #2137, #2111, #733, .T. ) ;
#1322 = DIRECTION ( 'NONE',  ( 0.4999999999999996114, 0.000000000000000000, 0.8660254037844390407 ) ) ;
#1323 = CARTESIAN_POINT ( 'NONE',  ( 0.000000000000000000, -2.899999999999999911, 0.000000000000000000 ) ) ;
#1324 = LINE ( 'NONE', #1976, #1585 ) ;
#1325 = COLOUR_RGB ( '',0.8431372549019607865, 0.8156862745098039102, 0.7529411764705882248 ) ;
#1326 = LINE ( 'NONE', #969, #1334 ) ;
#1327 = PLANE ( 'NONE',  #1214 ) ;
#1328 = DIRECTION ( 'NONE',  ( 0.000000000000000000, 1.000000000000000000, 0.000000000000000000 ) ) ;
#1329 = ORIENTED_EDGE ( 'NONE', *, *, #1520, .T. ) ;
#1330 = DIRECTION ( 'NONE',  ( -0.4999999999999997780, 0.000000000000000000, -0.8660254037844387076 ) ) ;
#1331 = ORIENTED_EDGE ( 'NONE', *, *, #24, .T. ) ;
#1332 = DIRECTION ( 'NONE',  ( 0.4999999999999998890, 0.000000000000000000, -0.8660254037844387076 ) ) ;
#1333 = EDGE_LOOP ( 'NONE', ( #209, #1695 ) ) ;
#1334 = VECTOR ( 'NONE', #1631, 1000.000000000000114 ) ;
#1335 = PRODUCT_RELATED_PRODUCT_CATEGORY ( 'part', '', ( #1676 ) ) ;
#1336 = CARTESIAN_POINT ( 'NONE',  ( 2.351556185020884371, 0.7999999999999999334, 5.976473749953321146 ) ) ;
#1337 = CARTESIAN_POINT ( 'NONE',  ( 1.759392532196835779, 1.199999999999999956, 1.476305624862403798 ) ) ;
#1338 = CARTESIAN_POINT ( 'NONE',  ( 0.000000000000000000, 1.199999999999999956, 0.000000000000000000 ) ) ;
#1339 = CARTESIAN_POINT ( 'NONE',  ( 0.000000000000000000, 0.7999999999999999334, 0.000000000000000000 ) ) ;
#1340 = ORIENTED_EDGE ( 'NONE', *, *, #1737, .T. ) ;
#1341 = VECTOR ( 'NONE', #815, 1000.000000000000000 ) ;
#1342 = ADVANCED_FACE ( 'NONE', ( #1521 ), #903, .F. ) ;
#1343 = AXIS2_PLACEMENT_3D ( 'NONE', #609, #1171, #187 ) ;
#1344 = FACE_OUTER_BOUND ( 'NONE', #851, .T. ) ;
#1345 = CARTESIAN_POINT ( 'NONE',  ( 4.351556185020880818, 0.7999999999999999334, 4.821773211574059026 ) ) ;
#1346 = ORIENTED_EDGE ( 'NONE', *, *, #1287, .T. ) ;
#1347 = EDGE_CURVE ( 'NONE', #608, #780, #1422, .T. ) ;
#1348 = CARTESIAN_POINT ( 'NONE',  ( 0.000000000000000000, 1.199999999999999956, 0.000000000000000000 ) ) ;
#1349 = EDGE_CURVE ( 'NONE', #1079, #1018, #1209, .T. ) ;
#1350 = CIRCLE ( 'NONE', #1624, 8.000000000000000000 ) ;
#1351 = EDGE_CURVE ( 'NONE', #1403, #931, #923, .T. ) ;
#1352 = DIRECTION ( 'NONE',  ( 0.000000000000000000, 1.000000000000000000, 0.000000000000000000 ) ) ;
#1353 = DIRECTION ( 'NONE',  ( 0.3420201433256674917, 0.000000000000000000, -0.9396926207859088720 ) ) ;
#1354 = AXIS2_PLACEMENT_3D ( 'NONE', #1140, #1318, #2114 ) ;
#1355 = ORIENTED_EDGE ( 'NONE', *, *, #1568, .F. ) ;
#1356 = DIRECTION ( 'NONE',  ( 0.000000000000000000, -1.000000000000000000, 0.000000000000000000 ) ) ;
#1357 = PLANE ( 'NONE',  #133 ) ;
#1358 = VERTEX_POINT ( 'NONE', #236 ) ;
#1359 = CARTESIAN_POINT ( 'NONE',  ( 0.8750000000000000000, -2.900990137367849719, -1.515544456622767600 ) ) ;
#1360 = VERTEX_POINT ( 'NONE', #419 ) ;
#1361 = CARTESIAN_POINT ( 'NONE',  ( 6.487693860267890855, 1.199999999999999956, 1.047216816013384788 ) ) ;
#1362 = EDGE_CURVE ( 'NONE', #1436, #427, #1373, .T. ) ;
#1363 = AXIS2_PLACEMENT_3D ( 'NONE', #1440, #1599, #1247 ) ;
#1364 = ADVANCED_FACE ( 'NONE', ( #1196 ), #562, .F. ) ;
#1365 = PLANE ( 'NONE',  #1249 ) ;
#1366 = DIRECTION ( 'NONE',  ( 0.9396926207859088720, 0.000000000000000000, 0.3420201433256675472 ) ) ;
#1367 = DIRECTION ( 'NONE',  ( 0.000000000000000000, 1.000000000000000000, 0.000000000000000000 ) ) ;
#1368 = CARTESIAN_POINT ( 'NONE',  ( 1.342339375865880147, -2.899999999999999911, -0.7749999999999992450 ) ) ;
#1369 = LINE ( 'NONE', #2066, #991 ) ;
#1370 = ORIENTED_EDGE ( 'NONE', *, *, #1959, .T. ) ;
#1371 = DIRECTION ( 'NONE',  ( 0.000000000000000000, 1.000000000000000000, 0.000000000000000000 ) ) ;
#1372 = ORIENTED_EDGE ( 'NONE', *, *, #263, .T. ) ;
#1373 = LINE ( 'NONE', #1361, #1207 ) ;
#1374 = DIRECTION ( 'NONE',  ( -0.6427876096865405842, 0.000000000000000000, -0.7660444431189771253 ) ) ;
#1375 = DIRECTION ( 'NONE',  ( 4.773959005888172335E-15, 0.000000000000000000, 1.000000000000000000 ) ) ;
#1376 = DIRECTION ( 'NONE',  ( -0.6427876096865299260, 0.000000000000000000, 0.7660444431189857850 ) ) ;
#1377 = CARTESIAN_POINT ( 'NONE',  ( -0.8335013738504077896, -2.899999999999999911, -1.538942117969190670 ) ) ;
#1378 = CARTESIAN_POINT ( 'NONE',  ( 0.8750000000000000000, -2.900990137367849719, -1.515544456622767600 ) ) ;
#1379 = VERTEX_POINT ( 'NONE', #1082 ) ;
#1380 = EDGE_LOOP ( 'NONE', ( #277, #769, #417, #1465 ) ) ;
#1381 = ORIENTED_EDGE ( 'NONE', *, *, #1461, .T. ) ;
#1382 = AXIS2_PLACEMENT_3D ( 'NONE', #776, #1828, #1798 ) ;
#1383 = VECTOR ( 'NONE', #284, 1000.000000000000000 ) ;
#1384 = DIRECTION ( 'NONE',  ( 0.000000000000000000, 0.000000000000000000, 1.000000000000000000 ) ) ;
#1385 = AXIS2_PLACEMENT_3D ( 'NONE', #1710, #711, #1197 ) ;
#1386 = EDGE_CURVE ( 'NONE', #1119, #1402, #719, .T. ) ;
#1387 = CARTESIAN_POINT ( 'NONE',  ( 0.000000000000000000, 0.000000000000000000, 0.000000000000000000 ) ) ;
#1388 = PLANE ( 'NONE',  #2126 ) ;
#1389 = DIRECTION ( 'NONE',  ( 0.9848077530122086864, 0.000000000000000000, 0.1736481776669273613 ) ) ;
#1390 = CARTESIAN_POINT ( 'NONE',  ( -0.6815241508945475424, -2.920265942133605908, -1.180434455934594062 ) ) ;
#1391 = DIRECTION ( 'NONE',  ( 0.000000000000000000, 1.000000000000000000, 0.000000000000000000 ) ) ;
#1392 = ADVANCED_FACE ( 'NONE', ( #577 ), #1882, .T. ) ;
#1393 = VERTEX_POINT ( 'NONE', #1231 ) ;
#1394 = ORIENTED_EDGE ( 'NONE', *, *, #833, .F. ) ;
#1395 = VERTEX_POINT ( 'NONE', #370 ) ;
#1396 = CARTESIAN_POINT ( 'NONE',  ( 0.5484827557301440448, -7.900000000000000355, 0.9500000000000005107 ) ) ;
#1397 = FACE_OUTER_BOUND ( 'NONE', #1253, .T. ) ;
#1398 = VERTEX_POINT ( 'NONE', #1893 ) ;
#1399 = DIRECTION ( 'NONE',  ( 0.8660254037844432595, 0.000000000000000000, 0.4999999999999919509 ) ) ;
#1400 = CARTESIAN_POINT ( 'NONE',  ( 0.8749999999999995559, -2.900990137367855937, 1.515544456622767822 ) ) ;
#1401 = ORIENTED_EDGE ( 'NONE', *, *, #1773, .F. ) ;
#1402 = VERTEX_POINT ( 'NONE', #1036 ) ;
#1403 = VERTEX_POINT ( 'NONE', #405 ) ;
#1404 = CARTESIAN_POINT ( 'NONE',  ( 6.685220383092354446, 1.199999999999999956, 4.394067412942880502 ) ) ;
#1405 = CARTESIAN_POINT ( 'NONE',  ( -3.166435318698757495, 1.199999999999999956, -7.346678662667716964 ) ) ;
#1406 = EDGE_CURVE ( 'NONE', #211, #1939, #469, .T. ) ;
#1407 = CARTESIAN_POINT ( 'NONE',  ( 0.000000000000000000, 0.7999999999999999334, 0.000000000000000000 ) ) ;
#1408 = APPLICATION_CONTEXT ( 'automotive_design' ) ;
#1409 = DIRECTION ( 'NONE',  ( 0.000000000000000000, 1.000000000000000000, 0.000000000000000000 ) ) ;
#1410 = EDGE_CURVE ( 'NONE', #636, #1869, #878, .T. ) ;
#1411 = LINE ( 'NONE', #1116, #614 ) ;
#1412 = ORIENTED_EDGE ( 'NONE', *, *, #24, .F. ) ;
#1413 = ORIENTED_EDGE ( 'NONE', *, *, #1480, .T. ) ;
#1414 = ORIENTED_EDGE ( 'NONE', *, *, #1703, .T. ) ;
#1415 = EDGE_CURVE ( 'NONE', #471, #1068, #2049, .T. ) ;
#1416 = CARTESIAN_POINT ( 'NONE',  ( -1.985374379175267823, 1.199999999999999956, -5.939145044917935046 ) ) ;
#1417 = VECTOR ( 'NONE', #1605, 1000.000000000000000 ) ;
#1418 = EDGE_CURVE ( 'NONE', #1744, #1519, #1555, .T. ) ;
#1419 = EDGE_CURVE ( 'NONE', #1100, #1084, #1918, .T. ) ;
#1420 = EDGE_CURVE ( 'NONE', #780, #2078, #2081, .T. ) ;
#1421 = CARTESIAN_POINT ( 'NONE',  ( -1.096965511460289200, -3.499999999999999556, -1.103143919893859257E-16 ) ) ;
#1422 = B_SPLINE_CURVE_WITH_KNOTS ( 'NONE', 3,
 ( #1871, #854, #2034, #530 ),
 .UNSPECIFIED., .F., .F.,
 ( 4, 4 ),
 ( 0.000000000000000000, 7.145938727791224863E-05 ),
 .UNSPECIFIED. ) ;
#1423 =( NAMED_UNIT ( * ) PLANE_ANGLE_UNIT ( ) SI_UNIT ( $, .RADIAN. ) );
#1424 = DIRECTION ( 'NONE',  ( 0.000000000000000000, 0.000000000000000000, 1.000000000000000000 ) ) ;
#1425 = CARTESIAN_POINT ( 'NONE',  ( -0.9999999999999928946, 1.199999999999999956, 1.732050807568882744 ) ) ;
#1426 = AXIS2_PLACEMENT_3D ( 'NONE', #571, #1558, #453 ) ;
#1427 = CARTESIAN_POINT ( 'NONE',  ( 0.000000000000000000, -2.899999999999999911, 1.550000000000000488 ) ) ;
#1428 = ORIENTED_EDGE ( 'NONE', *, *, #1785, .F. ) ;
#1429 = ORIENTED_EDGE ( 'NONE', *, *, #1864, .T. ) ;
#1430 = FACE_OUTER_BOUND ( 'NONE', #1204, .T. ) ;
#1431 = ADVANCED_FACE ( 'NONE', ( #2108 ), #1118, .F. ) ;
#1432 = DIRECTION ( 'NONE',  ( 0.000000000000000000, 0.000000000000000000, 1.000000000000000000 ) ) ;
#1433 = DIRECTION ( 'NONE',  ( 0.9848077530122101297, -0.000000000000000000, 0.1736481776669185628 ) ) ;
#1434 = CARTESIAN_POINT ( 'NONE',  ( 6.487693860267877533, 1.199999999999999956, -1.047216816013464280 ) ) ;
#1435 = ORIENTED_EDGE ( 'NONE', *, *, #2091, .F. ) ;
#1436 = VERTEX_POINT ( 'NONE', #295 ) ;
#1437 = CARTESIAN_POINT ( 'NONE',  ( -1.096965511460289200, -7.900000000000000355, -1.103143919893859257E-16 ) ) ;
#1438 = AXIS2_PLACEMENT_3D ( 'NONE', #514, #1041, #1852 ) ;
#1439 = VERTEX_POINT ( 'NONE', #1458 ) ;
#1440 = CARTESIAN_POINT ( 'NONE',  ( 0.000000000000000000, 0.000000000000000000, 0.000000000000000000 ) ) ;
#1441 = CARTESIAN_POINT ( 'NONE',  ( 0.5484827557301445999, -7.900000000000000355, -0.9500000000000002887 ) ) ;
#1442 = VECTOR ( 'NONE', #706, 1000.000000000000000 ) ;
#1443 = DIRECTION ( 'NONE',  ( 0.000000000000000000, 1.000000000000000000, 0.000000000000000000 ) ) ;
#1444 = ADVANCED_FACE ( 'NONE', ( #1615 ), #1755, .F. ) ;
#1445 = DIRECTION ( 'NONE',  ( 0.000000000000000000, 0.000000000000000000, 1.000000000000000000 ) ) ;
#1446 = ORIENTED_EDGE ( 'NONE', *, *, #549, .T. ) ;
#1447 = DIRECTION ( 'NONE',  ( -0.9396926207859058744, 0.000000000000000000, 0.3420201433256757628 ) ) ;
#1448 = ORIENTED_EDGE ( 'NONE', *, *, #1349, .T. ) ;
#1449 = AXIS2_PLACEMENT_3D ( 'NONE', #964, #2138, #1495 ) ;
#1450 = VECTOR ( 'NONE', #1932, 1000.000000000000114 ) ;
#1451 = AXIS2_PLACEMENT_3D ( 'NONE', #147, #1998, #842 ) ;
#1452 = FACE_OUTER_BOUND ( 'NONE', #1219, .T. ) ;
#1453 = PLANE ( 'NONE',  #1913 ) ;
#1454 = DIRECTION ( 'NONE',  ( 0.000000000000000000, 1.000000000000000000, 0.000000000000000000 ) ) ;
#1455 = AXIS2_PLACEMENT_3D ( 'NONE', #1688, #189, #511 ) ;
#1456 = ORIENTED_EDGE ( 'NONE', *, *, #591, .T. ) ;
#1457 = EDGE_CURVE ( 'NONE', #479, #1320, #951, .T. ) ;
#1458 = CARTESIAN_POINT ( 'NONE',  ( 0.000000000000000000, 0.7999999999999999334, -8.000000000000000000 ) ) ;
#1459 = ORIENTED_EDGE ( 'NONE', *, *, #1170, .F. ) ;
#1460 = DIRECTION ( 'NONE',  ( -0.6427876096865369204, 0.000000000000000000, 0.7660444431189800119 ) ) ;
#1461 = EDGE_CURVE ( 'NONE', #1402, #1006, #430, .T. ) ;
#1462 = DIRECTION ( 'NONE',  ( 0.000000000000000000, 0.000000000000000000, 1.000000000000000000 ) ) ;
#1463 = DIRECTION ( 'NONE',  ( 0.6427876096865471345, 0.000000000000000000, 0.7660444431189714631 ) ) ;
#1464 = CARTESIAN_POINT ( 'NONE',  ( -1.750000000000000000, -2.900305353333390013, 0.02380995045860244755 ) ) ;
#1465 = ORIENTED_EDGE ( 'NONE', *, *, #932, .F. ) ;
#1466 = ORIENTED_EDGE ( 'NONE', *, *, #1000, .F. ) ;
#1467 = PLANE ( 'NONE',  #1104 ) ;
#1468 = VERTEX_POINT ( 'NONE', #2118 ) ;
#1469 = ORIENTED_EDGE ( 'NONE', *, *, #1851, .F. ) ;
#1470 = CARTESIAN_POINT ( 'NONE',  ( 1.749513656040351917, -2.899999999999999467, -0.04763769514091053398 ) ) ;
#1471 = ADVANCED_FACE ( 'NONE', ( #598 ), #787, .F. ) ;
#1472 = PLANE ( 'NONE',  #18 ) ;
#1473 = DIRECTION ( 'NONE',  ( -0.6427876096865337008, 0.000000000000000000, 0.7660444431189827874 ) ) ;
#1474 = CARTESIAN_POINT ( 'NONE',  ( -3.799207111051019492, 0.7999999999999999334, -4.891928228904490084 ) ) ;
#1475 = ORIENTED_EDGE ( 'NONE', *, *, #1134, .F. ) ;
#1476 = FACE_OUTER_BOUND ( 'NONE', #901, .T. ) ;
#1477 = ADVANCED_FACE ( 'NONE', ( #607 ), #463, .F. ) ;
#1478 = CARTESIAN_POINT ( 'NONE',  ( 0.000000000000000000, -2.899999999999999911, 0.000000000000000000 ) ) ;
#1479 = AXIS2_PLACEMENT_3D ( 'NONE', #779, #1447, #182 ) ;
#1480 = EDGE_CURVE ( 'NONE', #1205, #1729, #1092, .T. ) ;
#1481 = VECTOR ( 'NONE', #1759, 1000.000000000000000 ) ;
#1482 = CARTESIAN_POINT ( 'NONE',  ( 0.000000000000000000, 1.199999999999999956, 0.000000000000000000 ) ) ;
#1483 = CARTESIAN_POINT ( 'NONE',  ( 0.5484827557301440448, -3.499999999999999556, 0.9500000000000005107 ) ) ;
#1484 = ORIENTED_EDGE ( 'NONE', *, *, #617, .T. ) ;
#1485 = AXIS2_PLACEMENT_3D ( 'NONE', #592, #627, #1629 ) ;
#1486 = LINE ( 'NONE', #1991, #720 ) ;
#1487 = CARTESIAN_POINT ( 'NONE',  ( 0.8750000000000000000, -2.900990137367849719, -1.515544456622767600 ) ) ;
#1488 = CARTESIAN_POINT ( 'NONE',  ( 0.9160122821899432388, -2.899999999999999467, 1.491304422828279685 ) ) ;
#1489 = VECTOR ( 'NONE', #118, 1000.000000000000000 ) ;
#1490 = CARTESIAN_POINT ( 'NONE',  ( -6.000000000000000000, 0.7999999999999999334, -1.154700538379252350 ) ) ;
#1491 = CARTESIAN_POINT ( 'NONE',  ( -5.283661508988117816, 0.7999999999999999334, -3.122824367120635269 ) ) ;
#1492 = DIRECTION ( 'NONE',  ( -0.3420201433256802592, 0.000000000000000000, -0.9396926207859042091 ) ) ;
#1493 = ORIENTED_EDGE ( 'NONE', *, *, #1232, .F. ) ;
#1494 = EDGE_CURVE ( 'NONE', #339, #608, #933, .T. ) ;
#1495 = DIRECTION ( 'NONE',  ( 0.000000000000000000, 0.000000000000000000, 1.000000000000000000 ) ) ;
#1496 = CARTESIAN_POINT ( 'NONE',  ( 0.5484827557301445999, -3.499999999999999556, -0.9500000000000002887 ) ) ;
#1497 = VERTEX_POINT ( 'NONE', #1112 ) ;
#1498 = CARTESIAN_POINT ( 'NONE',  ( -1.531965544764866435E-16, -2.899999999999999911, -1.550000000000000266 ) ) ;
#1499 = AXIS2_PLACEMENT_3D ( 'NONE', #701, #2003, #1190 ) ;
#1500 = FILL_AREA_STYLE_COLOUR ( '', #164 ) ;
#1501 = LINE ( 'NONE', #1211, #687 ) ;
#1502 = CARTESIAN_POINT ( 'NONE',  ( 2.351556185020884371, 1.199999999999999956, 5.976473749953321146 ) ) ;
#1503 = ORIENTED_EDGE ( 'NONE', *, *, #1316, .T. ) ;
#1504 = ADVANCED_FACE ( 'NONE', ( #751 ), #2080, .F. ) ;
#1505 = DIRECTION ( 'NONE',  ( 0.000000000000000000, 1.000000000000000000, 0.000000000000000000 ) ) ;
#1506 = PLANE ( 'NONE',  #680 ) ;
#1507 = DIRECTION ( 'NONE',  ( 0.6427876096865300370, 0.000000000000000000, -0.7660444431189858960 ) ) ;
#1508 = ORIENTED_EDGE ( 'NONE', *, *, #710, .T. ) ;
#1509 = CARTESIAN_POINT ( 'NONE',  ( 0.8750000000000000000, -2.900990137367849719, -1.515544456622767600 ) ) ;
#1510 = FILL_AREA_STYLE ('',( #1500 ) ) ;
#1511 = CARTESIAN_POINT ( 'NONE',  ( -4.589068798320347753, 0.7999999999999999334, 7.062055379169541069 ) ) ;
#1512 = CARTESIAN_POINT ( 'NONE',  ( 0.5484827557301440448, -7.900000000000000355, 0.9500000000000005107 ) ) ;
#1513 = ORIENTED_EDGE ( 'NONE', *, *, #1649, .T. ) ;
#1514 = AXIS2_PLACEMENT_3D ( 'NONE', #539, #696, #890 ) ;
#1515 = LINE ( 'NONE', #1016, #226 ) ;
#1516 = DIRECTION ( 'NONE',  ( 0.000000000000000000, 0.000000000000000000, 1.000000000000000000 ) ) ;
#1517 = ORIENTED_EDGE ( 'NONE', *, *, #269, .F. ) ;
#1518 = DIRECTION ( 'NONE',  ( -0.4999999999999999445, -0.000000000000000000, 0.8660254037844387076 ) ) ;
#1519 = VERTEX_POINT ( 'NONE', #1596 ) ;
#1520 = EDGE_CURVE ( 'NONE', #427, #1018, #922, .T. ) ;
#1521 = FACE_OUTER_BOUND ( 'NONE', #1788, .T. ) ;
#1522 = CIRCLE ( 'NONE', #1455, 1.750000000000000000 ) ;
#1523 = ADVANCED_FACE ( 'NONE', ( #1430 ), #2090, .F. ) ;
#1524 = FACE_OUTER_BOUND ( 'NONE', #1243, .T. ) ;
#1525 = ORIENTED_EDGE ( 'NONE', *, *, #439, .F. ) ;
#1526 = DIRECTION ( 'NONE',  ( 0.000000000000000000, 0.000000000000000000, -1.000000000000000000 ) ) ;
#1527 = LINE ( 'NONE', #1704, #1764 ) ;
#1528 = ORIENTED_EDGE ( 'NONE', *, *, #997, .F. ) ;
#1529 = LINE ( 'NONE', #693, #1442 ) ;
#1530 = VERTEX_POINT ( 'NONE', #941 ) ;
#1531 = CARTESIAN_POINT ( 'NONE',  ( 1.616580753730951781, -3.499999999999999556, 0.3000000000000002109 ) ) ;
#1532 = CARTESIAN_POINT ( 'NONE',  ( 1.750000000000000000, -2.900990137367849719, 9.180180153920025737E-16 ) ) ;
#1533 = APPLICATION_PROTOCOL_DEFINITION ( 'draft international standard', 'automotive_design', 1998, #1408 ) ;
#1534 = ORIENTED_EDGE ( 'NONE', *, *, #1185, .F. ) ;
#1535 = CARTESIAN_POINT ( 'NONE',  ( -5.283661508988076960, 0.7999999999999999334, 3.122824367120710320 ) ) ;
#1536 = CARTESIAN_POINT ( 'NONE',  ( 0.5484827557301440448, -3.499999999999999556, 0.9500000000000005107 ) ) ;
#1537 = ORIENTED_EDGE ( 'NONE', *, *, #1836, .F. ) ;
#1538 = VERTEX_POINT ( 'NONE', #1437 ) ;
#1539 = EDGE_LOOP ( 'NONE', ( #267, #1045, #501 ) ) ;
#1540 = CARTESIAN_POINT ( 'NONE',  ( 0.000000000000000000, -12.93153950114235506, 2.654832348694351030 ) ) ;
#1541 = ADVANCED_FACE ( 'NONE', ( #2099 ), #1937, .F. ) ;
#1542 = VECTOR ( 'NONE', #1518, 999.9999999999998863 ) ;
#1543 = EDGE_CURVE ( 'NONE', #19, #1799, #982, .T. ) ;
#1544 = CARTESIAN_POINT ( 'NONE',  ( -4.440676641944986791, 0.7999999999999999334, 6.654351280304055649 ) ) ;
#1545 = FACE_OUTER_BOUND ( 'NONE', #943, .T. ) ;
#1546 = FACE_OUTER_BOUND ( 'NONE', #645, .T. ) ;
#1547 = CARTESIAN_POINT ( 'NONE',  ( -0.8750000000000001110, -2.900990137367855937, -1.515544456622767600 ) ) ;
#1548 = FACE_OUTER_BOUND ( 'NONE', #1818, .T. ) ;
#1549 = AXIS2_PLACEMENT_3D ( 'NONE', #1708, #1907, #82 ) ;
#1550 = VERTEX_POINT ( 'NONE', #1 ) ;
#1551 = VERTEX_POINT ( 'NONE', #515 ) ;
#1552 = ORIENTED_EDGE ( 'NONE', *, *, #868, .T. ) ;
#1553 = VECTOR ( 'NONE', #909, 1000.000000000000000 ) ;
#1554 = AXIS2_PLACEMENT_3D ( 'NONE', #1095, #465, #95 ) ;
#1555 = LINE ( 'NONE', #1069, #1035 ) ;
#1556 = DIRECTION ( 'NONE',  ( -0.000000000000000000, -1.000000000000000000, -0.000000000000000000 ) ) ;
#1557 = EDGE_LOOP ( 'NONE', ( #1578, #568, #1582, #1034 ) ) ;
#1558 = DIRECTION ( 'NONE',  ( 0.1736481776669404620, 0.000000000000000000, 0.9848077530122062440 ) ) ;
#1559 = DIRECTION ( 'NONE',  ( -0.9848077530122076872, 0.000000000000000000, 0.1736481776669319410 ) ) ;
#1560 = ORIENTED_EDGE ( 'NONE', *, *, #752, .T. ) ;
#1561 = ORIENTED_EDGE ( 'NONE', *, *, #935, .T. ) ;
#1562 = ORIENTED_EDGE ( 'NONE', *, *, #1494, .F. ) ;
#1563 =( BOUNDED_CURVE ( )  B_SPLINE_CURVE ( 3, ( #1711, #2001, #2052, #555 ),
 .UNSPECIFIED., .F., .F. ) 
 B_SPLINE_CURVE_WITH_KNOTS ( ( 4, 4 ),
 ( 0.000000000000000000, 1.513338811669449502 ),
 .UNSPECIFIED. ) 
 CURVE ( )  GEOMETRIC_REPRESENTATION_ITEM ( )  RATIONAL_B_SPLINE_CURVE ( ( 1.000000000000000000, 0.8180843359977526541, 0.8180843359977526541, 1.000000000000000000 ) ) 
 REPRESENTATION_ITEM ( '' )  );
#1564 = DIRECTION ( 'NONE',  ( 0.000000000000000000, 1.000000000000000000, 0.000000000000000000 ) ) ;
#1565 = CARTESIAN_POINT ( 'NONE',  ( 0.9361374556340820163, -2.899999999999999911, 1.478562363973515037 ) ) ;
#1566 = AXIS2_PLACEMENT_3D ( 'NONE', #802, #1328, #478 ) ;
#1567 = EDGE_LOOP ( 'NONE', ( #415, #1791, #356, #366 ) ) ;
#1568 = EDGE_CURVE ( 'NONE', #940, #1189, #676, .T. ) ;
#1569 = CARTESIAN_POINT ( 'NONE',  ( -0.5484827557301445999, -7.900000000000000355, 0.9500000000000005107 ) ) ;
#1570 = LINE ( 'NONE', #572, #785 ) ;
#1571 = ORIENTED_EDGE ( 'NONE', *, *, #2133, .F. ) ;
#1572 = ORIENTED_EDGE ( 'NONE', *, *, #935, .F. ) ;
#1573 = ORIENTED_EDGE ( 'NONE', *, *, #2010, .T. ) ;
#1574 = EDGE_CURVE ( 'NONE', #2137, #1715, #152, .T. ) ;
#1575 = ADVANCED_FACE ( 'NONE', ( #1344 ), #1467, .F. ) ;
#1576 = DIRECTION ( 'NONE',  ( 0.8660254037844339337, 0.000000000000000000, -0.5000000000000081046 ) ) ;
#1577 = CARTESIAN_POINT ( 'NONE',  ( 0.000000000000000000, 0.7999999999999999334, 0.000000000000000000 ) ) ;
#1578 = ORIENTED_EDGE ( 'NONE', *, *, #963, .F. ) ;
#1579 = DIRECTION ( 'NONE',  ( 0.000000000000000000, 1.000000000000000000, 0.000000000000000000 ) ) ;
#1580 = CARTESIAN_POINT ( 'NONE',  ( 0.000000000000000000, 0.8000000000000003775, 2.654832348694351030 ) ) ;
#1581 = DIRECTION ( 'NONE',  ( 1.000000000000000000, -0.000000000000000000, -0.000000000000000000 ) ) ;
#1582 = ORIENTED_EDGE ( 'NONE', *, *, #1410, .T. ) ;
#1583 = ORIENTED_EDGE ( 'NONE', *, *, #282, .T. ) ;
#1584 = CARTESIAN_POINT ( 'NONE',  ( 5.697832172998507083, 1.199999999999999956, 3.217343966278387146 ) ) ;
#1585 = VECTOR ( 'NONE', #1985, 1000.000000000000000 ) ;
#1586 = EDGE_CURVE ( 'NONE', #2078, #1004, #1486, .T. ) ;
#1587 = AXIS2_PLACEMENT_3D ( 'NONE', #166, #829, #651 ) ;
#1588 = ADVANCED_FACE ( 'NONE', ( #1660, #1476 ), #836, .T. ) ;
#1589 = AXIS2_PLACEMENT_3D ( 'NONE', #1577, #240, #790 ) ;
#1590 = CARTESIAN_POINT ( 'NONE',  ( -0.8124038404635959276, -2.899999999999999911, -1.550000000000000266 ) ) ;
#1591 = DIRECTION ( 'NONE',  ( -0.4999999999999919509, 0.000000000000000000, 0.8660254037844432595 ) ) ;
#1592 = CIRCLE ( 'NONE', #212, 8.000000000000000000 ) ;
#1593 = LINE ( 'NONE', #1270, #163 ) ;
#1594 = ORIENTED_EDGE ( 'NONE', *, *, #637, .T. ) ;
#1595 = ORIENTED_EDGE ( 'NONE', *, *, #1740, .T. ) ;
#1596 = CARTESIAN_POINT ( 'NONE',  ( -4.440676641945077385, 1.199999999999999956, -6.654351280303993477 ) ) ;
#1597 = ORIENTED_EDGE ( 'NONE', *, *, #973, .T. ) ;
#1598 = EDGE_CURVE ( 'NONE', #1608, #803, #1135, .T. ) ;
#1599 = DIRECTION ( 'NONE',  ( 0.000000000000000000, 0.000000000000000000, 1.000000000000000000 ) ) ;
#1600 = CYLINDRICAL_SURFACE ( 'NONE', #1343, 0.5999999999999999778 ) ;
#1601 = CARTESIAN_POINT ( 'NONE',  ( 6.351556185020884371, 0.7999999999999999334, 5.976473749953301606 ) ) ;
#1602 = FACE_OUTER_BOUND ( 'NONE', #2033, .T. ) ;
#1603 = ORIENTED_EDGE ( 'NONE', *, *, #1665, .T. ) ;
#1604 = AXIS2_PLACEMENT_3D ( 'NONE', #241, #383, #1049 ) ;
#1605 = DIRECTION ( 'NONE',  ( 0.000000000000000000, 1.000000000000000000, 0.000000000000000000 ) ) ;
#1606 = CIRCLE ( 'NONE', #664, 4.854832348694350763 ) ;
#1607 = ORIENTED_EDGE ( 'NONE', *, *, #1304, .F. ) ;
#1608 = VERTEX_POINT ( 'NONE', #635 ) ;
#1609 = LINE ( 'NONE', #1290, #893 ) ;
#1610 = AXIS2_PLACEMENT_3D ( 'NONE', #1019, #367, #2 ) ;
#1611 = EDGE_CURVE ( 'NONE', #1497, #330, #990, .T. ) ;
#1612 = CARTESIAN_POINT ( 'NONE',  ( -0.8749999999999997780, -2.900990137367855937, 1.515544456622767600 ) ) ;
#1613 = CARTESIAN_POINT ( 'NONE',  ( -6.000000000000000000, 0.7999999999999999334, -1.154700538379252350 ) ) ;
#1614 = VERTEX_POINT ( 'NONE', #340 ) ;
#1615 = FACE_OUTER_BOUND ( 'NONE', #100, .T. ) ;
#1616 = ORIENTED_EDGE ( 'NONE', *, *, #564, .T. ) ;
#1617 = LINE ( 'NONE', #1257, #308 ) ;
#1618 = VECTOR ( 'NONE', #1005, 1000.000000000000227 ) ;
#1619 = VECTOR ( 'NONE', #1053, 1000.000000000000114 ) ;
#1620 = VECTOR ( 'NONE', #1139, 1000.000000000000227 ) ;
#1621 = FACE_OUTER_BOUND ( 'NONE', #2089, .T. ) ;
#1622 = FACE_OUTER_BOUND ( 'NONE', #1081, .T. ) ;
#1623 = CARTESIAN_POINT ( 'NONE',  ( -1.750000000000000000, -2.900990137367855937, 4.104011484404015420E-16 ) ) ;
#1624 = AXIS2_PLACEMENT_3D ( 'NONE', #1338, #1699, #1048 ) ;
#1625 = ORIENTED_EDGE ( 'NONE', *, *, #480, .T. ) ;
#1626 = EDGE_CURVE ( 'NONE', #1439, #314, #1974, .T. ) ;
#1627 = CARTESIAN_POINT ( 'NONE',  ( 1.748541296097678277, -2.899999999999999911, -0.07143763602648488253 ) ) ;
#1628 = ORIENTED_EDGE ( 'NONE', *, *, #2106, .T. ) ;
#1629 = DIRECTION ( 'NONE',  ( 0.000000000000000000, 0.000000000000000000, -1.000000000000000000 ) ) ;
#1630 = AXIS2_PLACEMENT_3D ( 'NONE', #1122, #792, #1473 ) ;
#1631 = DIRECTION ( 'NONE',  ( 0.9848077530122093526, 0.000000000000000000, 0.1736481776669228372 ) ) ;
#1632 = CARTESIAN_POINT ( 'NONE',  ( 0.000000000000000000, 0.000000000000000000, 0.000000000000000000 ) ) ;
#1633 = CARTESIAN_POINT ( 'NONE',  ( 2.351556185020782230, 0.7999999999999999334, -8.285874826711847163 ) ) ;
#1634 = EDGE_CURVE ( 'NONE', #570, #1067, #1070, .T. ) ;
#1635 = ORIENTED_EDGE ( 'NONE', *, *, #1023, .T. ) ;
#1636 = CARTESIAN_POINT ( 'NONE',  ( -7.708203932499369415, 1.199999999999999956, 2.140932538638538940 ) ) ;
#1637 = EDGE_CURVE ( 'NONE', #1880, #1252, #172, .T. ) ;
#1638 = EDGE_CURVE ( 'NONE', #1358, #750, #1964, .T. ) ;
#1639 = ORIENTED_EDGE ( 'NONE', *, *, #312, .T. ) ;
#1640 = ADVANCED_FACE ( 'NONE', ( #804 ), #1506, .F. ) ;
#1641 = CARTESIAN_POINT ( 'NONE',  ( 0.2889417060312441943, 1.199999999999999956, -6.340168333399118339 ) ) ;
#1642 = LINE ( 'NONE', #987, #821 ) ;
#1643 = CARTESIAN_POINT ( 'NONE',  ( 0.6815241508945470983, -2.920265942133605908, 1.180434455934594284 ) ) ;
#1644 = VERTEX_POINT ( 'NONE', #1627 ) ;
#1645 = CARTESIAN_POINT ( 'NONE',  ( 1.068097998000807847, -3.499999999999999556, -1.250000000000000000 ) ) ;
#1646 = FACE_OUTER_BOUND ( 'NONE', #109, .T. ) ;
#1647 = VERTEX_POINT ( 'NONE', #2129 ) ;
#1648 = DIRECTION ( 'NONE',  ( 0.000000000000000000, 0.000000000000000000, 1.000000000000000000 ) ) ;
#1649 = EDGE_CURVE ( 'NONE', #896, #1393, #974, .T. ) ;
#1650 = ADVANCED_FACE ( 'NONE', ( #158 ), #320, .F. ) ;
#1651 = VECTOR ( 'NONE', #131, 1000.000000000000000 ) ;
#1652 = LINE ( 'NONE', #1664, #1245 ) ;
#1653 = AXIS2_PLACEMENT_3D ( 'NONE', #401, #354, #195 ) ;
#1654 =( GEOMETRIC_REPRESENTATION_CONTEXT ( 3 ) GLOBAL_UNCERTAINTY_ASSIGNED_CONTEXT ( ( #1194 ) ) GLOBAL_UNIT_ASSIGNED_CONTEXT ( ( #978, #1157, #1977 ) ) REPRESENTATION_CONTEXT ( 'NONE', 'WORKASPACE' ) );
#1655 = CARTESIAN_POINT ( 'NONE',  ( 4.351556185020880818, 0.7999999999999999334, 4.821773211574059026 ) ) ;
#1656 = PLANE ( 'NONE',  #872 ) ;
#1657 = EDGE_LOOP ( 'NONE', ( #1595, #1761, #975, #1513 ) ) ;
#1658 = EDGE_CURVE ( 'NONE', #1538, #1004, #491, .T. ) ;
#1659 = VECTOR ( 'NONE', #723, 1000.000000000000000 ) ;
#1660 = FACE_BOUND ( 'NONE', #1952, .T. ) ;
#1661 = CARTESIAN_POINT ( 'NONE',  ( -4.440676641945078273, 1.199999999999999956, -6.654351280303994365 ) ) ;
#1662 = ORIENTED_EDGE ( 'NONE', *, *, #2022, .T. ) ;
#1663 = LINE ( 'NONE', #806, #161 ) ;
#1664 = CARTESIAN_POINT ( 'NONE',  ( 5.697832172998507083, 0.7999999999999999334, 3.217343966278387146 ) ) ;
#1665 = EDGE_CURVE ( 'NONE', #1614, #972, #1714, .T. ) ;
#1666 = DIRECTION ( 'NONE',  ( 0.000000000000000000, 1.000000000000000000, 0.000000000000000000 ) ) ;
#1667 = DIRECTION ( 'NONE',  ( 0.9396926207859042091, 0.000000000000000000, -0.3420201433256802592 ) ) ;
#1668 = ORIENTED_EDGE ( 'NONE', *, *, #2040, .F. ) ;
#1669 = CARTESIAN_POINT ( 'NONE',  ( 5.697832172998507083, 0.7999999999999999334, 3.217343966278387146 ) ) ;
#1670 = EDGE_LOOP ( 'NONE', ( #112, #920, #1879, #679 ) ) ;
#1671 = CARTESIAN_POINT ( 'NONE',  ( -1.985374379175191883, 1.199999999999999956, 5.939145044917966132 ) ) ;
#1672 = ORIENTED_EDGE ( 'NONE', *, *, #1418, .T. ) ;
#1673 = LINE ( 'NONE', #1686, #137 ) ;
#1674 = VECTOR ( 'NONE', #1028, 1000.000000000000114 ) ;
#1675 = CARTESIAN_POINT ( 'NONE',  ( -7.211730137151384668, 1.199999999999999956, -3.462794886923352244 ) ) ;
#1676 = PRODUCT ( '轮子1.9-2.9', '轮子1.9-2.9', '', ( #1748 ) ) ;
#1677 = CARTESIAN_POINT ( 'NONE',  ( -7.708203932499368527, 0.7999999999999999334, -2.140932538638539828 ) ) ;
#1678 = DIRECTION ( 'NONE',  ( 0.000000000000000000, 0.000000000000000000, 1.000000000000000000 ) ) ;
#1679 = ORIENTED_EDGE ( 'NONE', *, *, #361, .F. ) ;
#1680 = EDGE_CURVE ( 'NONE', #707, #489, #2043, .T. ) ;
#1681 = LINE ( 'NONE', #1692, #565 ) ;
#1682 = CARTESIAN_POINT ( 'NONE',  ( 5.697832172998464451, 0.7999999999999999334, -3.217343966278456424 ) ) ;
#1683 = ORIENTED_EDGE ( 'NONE', *, *, #345, .F. ) ;
#1684 = LINE ( 'NONE', #342, #495 ) ;
#1685 = ORIENTED_EDGE ( 'NONE', *, *, #1634, .F. ) ;
#1686 = CARTESIAN_POINT ( 'NONE',  ( 5.697832172998507083, 0.7999999999999999334, 3.217343966278387146 ) ) ;
#1687 = DIRECTION ( 'NONE',  ( 0.000000000000000000, 0.000000000000000000, -1.000000000000000000 ) ) ;
#1688 = CARTESIAN_POINT ( 'NONE',  ( 0.000000000000000000, -2.899999999999999911, 0.000000000000000000 ) ) ;
#1689 = CARTESIAN_POINT ( 'NONE',  ( -1.096965511460289200, -3.499999999999999556, -1.103143919893859257E-16 ) ) ;
#1690 = ORIENTED_EDGE ( 'NONE', *, *, #543, .F. ) ;
#1691 = AXIS2_PLACEMENT_3D ( 'NONE', #618, #1286, #1781 ) ;
#1692 = CARTESIAN_POINT ( 'NONE',  ( -1.782548876857001474, 1.199999999999999956, -0.6487947323005961442 ) ) ;
#1693 = CARTESIAN_POINT ( 'NONE',  ( 0.6815241508945476534, -2.920265942133605463, -1.180434455934594506 ) ) ;
#1694 = LINE ( 'NONE', #1345, #606 ) ;
#1695 = ORIENTED_EDGE ( 'NONE', *, *, #364, .T. ) ;
#1696 = EDGE_CURVE ( 'NONE', #750, #1395, #1071, .T. ) ;
#1697 = CARTESIAN_POINT ( 'NONE',  ( 0.000000000000000000, 1.199999999999999956, 0.000000000000000000 ) ) ;
#1698 = VECTOR ( 'NONE', #1250, 1000.000000000000000 ) ;
#1699 = DIRECTION ( 'NONE',  ( 0.000000000000000000, 1.000000000000000000, 0.000000000000000000 ) ) ;
#1700 = AXIS2_PLACEMENT_3D ( 'NONE', #1796, #309, #2146 ) ;
#1701 = ORIENTED_EDGE ( 'NONE', *, *, #2040, .T. ) ;
#1702 = CARTESIAN_POINT ( 'NONE',  ( 1.748541296097678499, -2.899999999999999911, 0.07143763602648531275 ) ) ;
#1703 = EDGE_CURVE ( 'NONE', #2006, #1126, #1527, .T. ) ;
#1704 = CARTESIAN_POINT ( 'NONE',  ( -5.283661508988076960, 1.199999999999999956, 3.122824367120710320 ) ) ;
#1705 = ORIENTED_EDGE ( 'NONE', *, *, #1911, .F. ) ;
#1706 = EDGE_LOOP ( 'NONE', ( #1739, #247, #1308, #1765 ) ) ;
#1707 = ORIENTED_EDGE ( 'NONE', *, *, #1665, .F. ) ;
#1708 = CARTESIAN_POINT ( 'NONE',  ( 0.000000000000000000, -2.899999999999999911, 0.000000000000000000 ) ) ;
#1709 = EDGE_CURVE ( 'NONE', #1395, #921, #333, .T. ) ;
#1710 = CARTESIAN_POINT ( 'NONE',  ( 0.000000000000000000, -2.899999999999999911, 0.000000000000000000 ) ) ;
#1711 = CARTESIAN_POINT ( 'NONE',  ( 1.096965511460288756, -3.499999999999999556, 2.216604151201382265E-16 ) ) ;
#1712 = ORIENTED_EDGE ( 'NONE', *, *, #808, .F. ) ;
#1713 = CARTESIAN_POINT ( 'NONE',  ( 2.351556185020803103, 0.7999999999999999334, -5.976473749953345127 ) ) ;
#1714 = LINE ( 'NONE', #1682, #1619 ) ;
#1715 = VERTEX_POINT ( 'NONE', #1536 ) ;
#1716 = ORIENTED_EDGE ( 'NONE', *, *, #736, .F. ) ;
#1717 = EDGE_LOOP ( 'NONE', ( #369, #1446 ) ) ;
#1718 = DIRECTION ( 'NONE',  ( 0.000000000000000000, 1.000000000000000000, 0.000000000000000000 ) ) ;
#1719 = CIRCLE ( 'NONE', #1060, 1.750000000000000000 ) ;
#1720 = B_SPLINE_CURVE_WITH_KNOTS ( 'NONE', 3,
 ( #1509, #682, #1846, #1996 ),
 .UNSPECIFIED., .F., .F.,
 ( 4, 4 ),
 ( 1.084202172485504434E-19, 7.145938727791169298E-05 ),
 .UNSPECIFIED. ) ;
#1721 = PRODUCT_DEFINITION ( '未知', '', #431, #368 ) ;
#1722 = CARTESIAN_POINT ( 'NONE',  ( 0.4546072919177358007, 0.7999999999999999334, 0.08015953119190680209 ) ) ;
#1723 = DIRECTION ( 'NONE',  ( -0.9848077530122086864, 0.000000000000000000, -0.1736481776669273613 ) ) ;
#1724 = VERTEX_POINT ( 'NONE', #558 ) ;
#1725 = DIRECTION ( 'NONE',  ( -1.000000000000000000, 0.000000000000000000, 0.000000000000000000 ) ) ;
#1726 = FACE_OUTER_BOUND ( 'NONE', #2087, .T. ) ;
#1727 = AXIS2_PLACEMENT_3D ( 'NONE', #1531, #708, #1221 ) ;
#1728 = VERTEX_POINT ( 'NONE', #1226 ) ;
#1729 = VERTEX_POINT ( 'NONE', #848 ) ;
#1730 = EDGE_LOOP ( 'NONE', ( #252, #71, #689, #2117 ) ) ;
#1731 = AXIS2_PLACEMENT_3D ( 'NONE', #535, #1890, #738 ) ;
#1732 = MECHANICAL_DESIGN_GEOMETRIC_PRESENTATION_REPRESENTATION (  '', ( #412 ), #1654 ) ;
#1733 = DIRECTION ( 'NONE',  ( -0.3420201433256803147, 0.000000000000000000, -0.9396926207859042091 ) ) ;
#1734 = ADVANCED_FACE ( 'NONE', ( #1726 ), #728, .T. ) ;
#1735 = AXIS2_PLACEMENT_3D ( 'NONE', #1336, #1803, #175 ) ;
#1736 = DIRECTION ( 'NONE',  ( -0.000000000000000000, 1.000000000000000000, 0.000000000000000000 ) ) ;
#1737 = EDGE_CURVE ( 'NONE', #120, #1728, #395, .T. ) ;
#1738 = ADVANCED_FACE ( 'NONE', ( #232 ), #1216, .F. ) ;
#1739 = ORIENTED_EDGE ( 'NONE', *, *, #576, .T. ) ;
#1740 = EDGE_CURVE ( 'NONE', #1393, #1933, #36, .T. ) ;
#1741 = FACE_OUTER_BOUND ( 'NONE', #1380, .T. ) ;
#1742 = PLANE ( 'NONE',  #1905 ) ;
#1743 = VERTEX_POINT ( 'NONE', #246 ) ;
#1744 = VERTEX_POINT ( 'NONE', #899 ) ;
#1745 = ORIENTED_EDGE ( 'NONE', *, *, #188, .F. ) ;
#1746 = DIRECTION ( 'NONE',  ( -1.000000000000000000, 0.000000000000000000, 0.000000000000000000 ) ) ;
#1747 = LINE ( 'NONE', #186, #1169 ) ;
#1748 = PRODUCT_CONTEXT ( 'NONE', #1408, 'mechanical' ) ;
#1749 = LINE ( 'NONE', #745, #961 ) ;
#1750 = CARTESIAN_POINT ( 'NONE',  ( 0.000000000000000000, 1.199999999999999956, 0.000000000000000000 ) ) ;
#1751 = DIRECTION ( 'NONE',  ( -0.5000000000000001110, 0.000000000000000000, 0.8660254037844387076 ) ) ;
#1752 = EDGE_CURVE ( 'NONE', #1832, #1647, #691, .T. ) ;
#1753 = EDGE_LOOP ( 'NONE', ( #1381, #1888, #761, #1811 ) ) ;
#1754 = EDGE_LOOP ( 'NONE', ( #2128, #1412, #1117, #220 ) ) ;
#1755 = PLANE ( 'NONE',  #1691 ) ;
#1756 = DIRECTION ( 'NONE',  ( -0.7660444431189801229, 0.000000000000000000, -0.6427876096865370315 ) ) ;
#1757 = CARTESIAN_POINT ( 'NONE',  ( 0.5484827557301440448, -3.499999999999999556, 1.550000000000000488 ) ) ;
#1758 = CARTESIAN_POINT ( 'NONE',  ( 6.685220383092297602, 1.199999999999999956, -4.394067412942964879 ) ) ;
#1759 = DIRECTION ( 'NONE',  ( -0.000000000000000000, 1.000000000000000000, -0.000000000000000000 ) ) ;
#1760 = ORIENTED_EDGE ( 'NONE', *, *, #1096, .F. ) ;
#1761 = ORIENTED_EDGE ( 'NONE', *, *, #1812, .F. ) ;
#1762 = VECTOR ( 'NONE', #1789, 1000.000000000000000 ) ;
#1763 = CARTESIAN_POINT ( 'NONE',  ( -3.799207111050955543, 0.7999999999999999334, 4.891928228904545151 ) ) ;
#1764 = VECTOR ( 'NONE', #1559, 1000.000000000000114 ) ;
#1765 = ORIENTED_EDGE ( 'NONE', *, *, #1969, .F. ) ;
#1766 = CIRCLE ( 'NONE', #1863, 8.000000000000000000 ) ;
#1767 = AXIS2_PLACEMENT_3D ( 'NONE', #1491, #1024, #1002 ) ;
#1768 = DIRECTION ( 'NONE',  ( -0.1736481776669227817, 0.000000000000000000, 0.9848077530122094636 ) ) ;
#1769 = CARTESIAN_POINT ( 'NONE',  ( -3.166435318698757939, 0.7999999999999999334, -7.346678662667716964 ) ) ;
#1770 = CARTESIAN_POINT ( 'NONE',  ( -5.283661508988116040, 1.199999999999999956, -3.122824367120634825 ) ) ;
#1771 = VECTOR ( 'NONE', #1298, 1000.000000000000114 ) ;
#1772 = VERTEX_POINT ( 'NONE', #57 ) ;
#1773 = EDGE_CURVE ( 'NONE', #1497, #1436, #1369, .T. ) ;
#1774 = CARTESIAN_POINT ( 'NONE',  ( -0.5484827557301449330, -3.499999999999999556, -1.550000000000000266 ) ) ;
#1775 = ORIENTED_EDGE ( 'NONE', *, *, #105, .F. ) ;
#1776 = ADVANCED_FACE ( 'NONE', ( #1017, #1548 ), #1357, .F. ) ;
#1777 = CARTESIAN_POINT ( 'NONE',  ( 0.2889417060313254626, 0.7999999999999999334, 6.340168333399120115 ) ) ;
#1778 = PLANE ( 'NONE',  #142 ) ;
#1779 = DIRECTION ( 'NONE',  ( -0.6427876096865369204, 0.000000000000000000, 0.7660444431189800119 ) ) ;
#1780 = ORIENTED_EDGE ( 'NONE', *, *, #436, .F. ) ;
#1781 = DIRECTION ( 'NONE',  ( -0.3420201433256713219, 0.000000000000000000, -0.9396926207859074287 ) ) ;
#1782 = VECTOR ( 'NONE', #1175, 1000.000000000000000 ) ;
#1783 = EDGE_LOOP ( 'NONE', ( #1508, #1288, #1716, #124 ) ) ;
#1784 = CARTESIAN_POINT ( 'NONE',  ( -1.096965511460289200, -3.499999999999999556, -1.103143919893859257E-16 ) ) ;
#1785 = EDGE_CURVE ( 'NONE', #403, #404, #456, .T. ) ;
#1786 = CARTESIAN_POINT ( 'NONE',  ( 4.351556185020880818, 1.199999999999999956, 4.821773211574059026 ) ) ;
#1787 = DIRECTION ( 'NONE',  ( 0.3420201433256587764, 0.000000000000000000, -0.9396926207859119806 ) ) ;
#1788 = EDGE_LOOP ( 'NONE', ( #674, #1475, #616, #1878, #1537, #1044 ) ) ;
#1789 = DIRECTION ( 'NONE',  ( -0.000000000000000000, -1.000000000000000000, -0.000000000000000000 ) ) ;
#1790 = ORIENTED_EDGE ( 'NONE', *, *, #808, .T. ) ;
#1791 = ORIENTED_EDGE ( 'NONE', *, *, #956, .T. ) ;
#1792 = CARTESIAN_POINT ( 'NONE',  ( 0.000000000000000000, -2.899999999999999911, 1.750000000000000000 ) ) ;
#1793 = VECTOR ( 'NONE', #669, 1000.000000000000000 ) ;
#1794 = ADVANCED_FACE ( 'NONE', ( #1191 ), #1042, .T. ) ;
#1795 = PLANE ( 'NONE',  #1906 ) ;
#1796 = CARTESIAN_POINT ( 'NONE',  ( 0.5484827557301445999, -7.900000000000000355, -0.9500000000000002887 ) ) ;
#1797 = EDGE_CURVE ( 'NONE', #59, #1358, #376, .T. ) ;
#1798 = DIRECTION ( 'NONE',  ( -0.5000000000000000000, 0.000000000000000000, 0.8660254037844385966 ) ) ;
#1799 = VERTEX_POINT ( 'NONE', #928 ) ;
#1800 = ADVANCED_FACE ( 'NONE', ( #1109 ), #1946, .F. ) ;
#1801 = DIRECTION ( 'NONE',  ( 0.4999999999999995559, 0.000000000000000000, 0.8660254037844389297 ) ) ;
#1802 = EDGE_LOOP ( 'NONE', ( #1561, #668, #248, #877 ) ) ;
#1803 = DIRECTION ( 'NONE',  ( -1.000000000000000000, 0.000000000000000000, 4.829470157119430162E-15 ) ) ;
#1804 = FACE_OUTER_BOUND ( 'NONE', #103, .T. ) ;
#1805 = DIRECTION ( 'NONE',  ( 0.000000000000000000, 0.000000000000000000, 1.000000000000000000 ) ) ;
#1806 = CARTESIAN_POINT ( 'NONE',  ( -1.748541296097678055, -2.899999999999999911, 0.07143763602648585398 ) ) ;
#1807 = ORIENTED_EDGE ( 'NONE', *, *, #576, .F. ) ;
#1808 = ADVANCED_FACE ( 'NONE', ( #919 ), #1742, .F. ) ;
#1809 = DIRECTION ( 'NONE',  ( -0.000000000000000000, 1.000000000000000000, -0.000000000000000000 ) ) ;
#1810 = FACE_OUTER_BOUND ( 'NONE', #1066, .T. ) ;
#1811 = ORIENTED_EDGE ( 'NONE', *, *, #1386, .T. ) ;
#1812 = EDGE_CURVE ( 'NONE', #1916, #1933, #454, .T. ) ;
#1813 = CARTESIAN_POINT ( 'NONE',  ( -7.708203932499368527, 0.7999999999999999334, 2.140932538638538940 ) ) ;
#1814 = DIRECTION ( 'NONE',  ( -0.6427876096865337008, 0.000000000000000000, 0.7660444431189827874 ) ) ;
#1815 = FACE_OUTER_BOUND ( 'NONE', #767, .T. ) ;
#1816 = CARTESIAN_POINT ( 'NONE',  ( -5.283661508988076960, 1.199999999999999956, 3.122824367120710320 ) ) ;
#1817 = VECTOR ( 'NONE', #15, 999.9999999999998863 ) ;
#1818 = EDGE_LOOP ( 'NONE', ( #875, #32 ) ) ;
#1819 = DIRECTION ( 'NONE',  ( -0.000000000000000000, 1.000000000000000000, -0.000000000000000000 ) ) ;
#1820 = DIRECTION ( 'NONE',  ( -0.000000000000000000, -1.000000000000000000, -0.000000000000000000 ) ) ;
#1821 = ORIENTED_EDGE ( 'NONE', *, *, #1637, .T. ) ;
#1822 = LINE ( 'NONE', #332, #1793 ) ;
#1823 = EDGE_CURVE ( 'NONE', #365, #23, #1411, .T. ) ;
#1824 = VECTOR ( 'NONE', #10, 1000.000000000000114 ) ;
#1825 = VECTOR ( 'NONE', #1751, 999.9999999999998863 ) ;
#1826 = VECTOR ( 'NONE', #125, 1000.000000000000000 ) ;
#1827 = CARTESIAN_POINT ( 'NONE',  ( 0.000000000000000000, 0.7999999999999999334, 0.000000000000000000 ) ) ;
#1828 = DIRECTION ( 'NONE',  ( -0.8660254037844387076, 0.000000000000000000, -0.5000000000000001110 ) ) ;
#1829 = ORIENTED_EDGE ( 'NONE', *, *, #105, .T. ) ;
#1830 = VECTOR ( 'NONE', #421, 1000.000000000000000 ) ;
#1831 = CARTESIAN_POINT ( 'NONE',  ( 0.5484827557301445999, -7.900000000000000355, -0.9500000000000002887 ) ) ;
#1832 = VERTEX_POINT ( 'NONE', #585 ) ;
#1833 = CYLINDRICAL_SURFACE ( 'NONE', #778, 1.750000000000000000 ) ;
#1834 = ORIENTED_EDGE ( 'NONE', *, *, #1406, .T. ) ;
#1835 = CARTESIAN_POINT ( 'NONE',  ( -0.5484827557301448220, -3.499999999999999556, -0.9500000000000001776 ) ) ;
#1836 = EDGE_CURVE ( 'NONE', #1910, #1715, #255, .T. ) ;
#1837 = PRESENTATION_STYLE_ASSIGNMENT (( #474 ) ) ;
#1838 = CARTESIAN_POINT ( 'NONE',  ( 3.251231938101386262E-16, 0.8000000000000003775, -2.654832348694351030 ) ) ;
#1839 = FACE_OUTER_BOUND ( 'NONE', #1754, .T. ) ;
#1840 = ORIENTED_EDGE ( 'NONE', *, *, #477, .T. ) ;
#1841 = LINE ( 'NONE', #362, #1674 ) ;
#1842 = DIRECTION ( 'NONE',  ( -0.9848077530122070211, 0.000000000000000000, 0.1736481776669361321 ) ) ;
#1843 = EDGE_LOOP ( 'NONE', ( #575, #2056, #811, #1679 ) ) ;
#1844 = PLANE ( 'NONE',  #2061 ) ;
#1845 = ORIENTED_EDGE ( 'NONE', *, *, #879, .T. ) ;
#1846 = CARTESIAN_POINT ( 'NONE',  ( 0.8335013738504079006, -2.899999999999999467, -1.538942117969190893 ) ) ;
#1847 = AXIS2_PLACEMENT_3D ( 'NONE', #845, #62, #724 ) ;
#1848 = DIRECTION ( 'NONE',  ( 0.000000000000000000, 1.000000000000000000, 0.000000000000000000 ) ) ;
#1849 = CARTESIAN_POINT ( 'NONE',  ( 6.487693860267877533, 0.7999999999999999334, -1.047216816013464280 ) ) ;
#1850 = ORIENTED_EDGE ( 'NONE', *, *, #424, .T. ) ;
#1851 = EDGE_CURVE ( 'NONE', #1252, #1551, #1570, .T. ) ;
#1852 = DIRECTION ( 'NONE',  ( 0.8660254037844338226, 0.000000000000000000, -0.5000000000000082157 ) ) ;
#1853 = CARTESIAN_POINT ( 'NONE',  ( 0.8543799780400008759, -2.900305353333383795, 1.527449431852068829 ) ) ;
#1854 = ORIENTED_EDGE ( 'NONE', *, *, #1649, .F. ) ;
#1855 = DIRECTION ( 'NONE',  ( 0.000000000000000000, 1.000000000000000000, 0.000000000000000000 ) ) ;
#1856 = EDGE_LOOP ( 'NONE', ( #1845, #2038, #110, #1760 ) ) ;
#1857 = DIRECTION ( 'NONE',  ( 0.000000000000000000, 1.000000000000000000, 0.000000000000000000 ) ) ;
#1858 = EDGE_CURVE ( 'NONE', #99, #120, #445, .T. ) ;
#1859 = CARTESIAN_POINT ( 'NONE',  ( 6.685220383092297602, 0.7999999999999999334, -4.394067412942964879 ) ) ;
#1860 = FACE_OUTER_BOUND ( 'NONE', #455, .T. ) ;
#1861 = CARTESIAN_POINT ( 'NONE',  ( -5.283661508988076960, 0.7999999999999999334, 3.122824367120710320 ) ) ;
#1862 = VECTOR ( 'NONE', #762, 1000.000000000000000 ) ;
#1863 = AXIS2_PLACEMENT_3D ( 'NONE', #1407, #1367, #1248 ) ;
#1864 = EDGE_CURVE ( 'NONE', #921, #59, #949, .T. ) ;
#1865 = CARTESIAN_POINT ( 'NONE',  ( 6.487693860267890855, 0.7999999999999999334, 1.047216816013384788 ) ) ;
#1866 = DIRECTION ( 'NONE',  ( 0.000000000000000000, 0.000000000000000000, 1.000000000000000000 ) ) ;
#1867 = EDGE_CURVE ( 'NONE', #1179, #1018, #1162, .T. ) ;
#1868 = VERTEX_POINT ( 'NONE', #1238 ) ;
#1869 = VERTEX_POINT ( 'NONE', #2096 ) ;
#1870 = CIRCLE ( 'NONE', #726, 1.750000000000000000 ) ;
#1871 = CARTESIAN_POINT ( 'NONE',  ( -0.9361374556340827935, -2.899999999999999911, 1.478562363973514149 ) ) ;
#1872 = AXIS2_PLACEMENT_3D ( 'NONE', #1750, #264, #1108 ) ;
#1873 = CARTESIAN_POINT ( 'NONE',  ( -3.799207111050955543, 1.199999999999999956, 4.891928228904545151 ) ) ;
#1874 = DIRECTION ( 'NONE',  ( 0.8660254037844387076, 0.000000000000000000, -0.4999999999999998335 ) ) ;
#1875 = DIRECTION ( 'NONE',  ( -0.000000000000000000, 1.000000000000000000, -0.000000000000000000 ) ) ;
#1876 = FACE_OUTER_BOUND ( 'NONE', #1717, .T. ) ;
#1877 = CARTESIAN_POINT ( 'NONE',  ( 0.2889417060313254626, 0.7999999999999999334, 6.340168333399120115 ) ) ;
#1878 = ORIENTED_EDGE ( 'NONE', *, *, #2044, .T. ) ;
#1879 = ORIENTED_EDGE ( 'NONE', *, *, #1287, .F. ) ;
#1880 = VERTEX_POINT ( 'NONE', #1900 ) ;
#1881 = EDGE_CURVE ( 'NONE', #1869, #950, #960, .T. ) ;
#1882 = PLANE ( 'NONE',  #1549 ) ;
#1883 = EDGE_CURVE ( 'NONE', #1119, #1608, #2086, .T. ) ;
#1884 = VECTOR ( 'NONE', #1988, 1000.000000000000000 ) ;
#1885 = VECTOR ( 'NONE', #727, 1000.000000000000000 ) ;
#1886 = CARTESIAN_POINT ( 'NONE',  ( -5.283661508988117816, 0.7999999999999999334, -3.122824367120635269 ) ) ;
#1887 = CARTESIAN_POINT ( 'NONE',  ( -0.5484827557301445999, -7.900000000000000355, 0.9500000000000005107 ) ) ;
#1888 = ORIENTED_EDGE ( 'NONE', *, *, #1186, .F. ) ;
#1889 = DIRECTION ( 'NONE',  ( -0.000000000000000000, -1.000000000000000000, -0.000000000000000000 ) ) ;
#1890 = DIRECTION ( 'NONE',  ( 0.000000000000000000, -1.000000000000000000, 0.000000000000000000 ) ) ;
#1891 = ORIENTED_EDGE ( 'NONE', *, *, #422, .T. ) ;
#1892 = ORIENTED_EDGE ( 'NONE', *, *, #543, .T. ) ;
#1893 = CARTESIAN_POINT ( 'NONE',  ( 0.8124038404635957056, -2.899999999999999911, -1.550000000000000266 ) ) ;
#1894 = VECTOR ( 'NONE', #1371, 1000.000000000000000 ) ;
#1895 = EDGE_CURVE ( 'NONE', #1068, #1174, #2110, .T. ) ;
#1896 = FACE_OUTER_BOUND ( 'NONE', #1730, .T. ) ;
#1897 = ORIENTED_EDGE ( 'NONE', *, *, #1059, .F. ) ;
#1898 = VERTEX_POINT ( 'NONE', #1924 ) ;
#1899 = CARTESIAN_POINT ( 'NONE',  ( -3.799207111051019492, 0.7999999999999999334, -4.891928228904490084 ) ) ;
#1900 = CARTESIAN_POINT ( 'NONE',  ( 2.351556185020803103, 1.199999999999999956, -5.976473749953346015 ) ) ;
#1901 = VECTOR ( 'NONE', #1809, 1000.000000000000000 ) ;
#1902 = B_SPLINE_CURVE_WITH_KNOTS ( 'NONE', 3,
 ( #1021, #985, #1470, #484 ),
 .UNSPECIFIED., .F., .F.,
 ( 4, 4 ),
 ( 1.032724191177174710E-19, 7.145938727791148969E-05 ),
 .UNSPECIFIED. ) ;
#1903 = ORIENTED_EDGE ( 'NONE', *, *, #1347, .T. ) ;
#1904 = ORIENTED_EDGE ( 'NONE', *, *, #239, .F. ) ;
#1905 = AXIS2_PLACEMENT_3D ( 'NONE', #87, #1086, #426 ) ;
#1906 = AXIS2_PLACEMENT_3D ( 'NONE', #601, #1579, #946 ) ;
#1907 = DIRECTION ( 'NONE',  ( 0.000000000000000000, -1.000000000000000000, 0.000000000000000000 ) ) ;
#1908 = CIRCLE ( 'NONE', #1309, 8.000000000000000000 ) ;
#1909 = DIRECTION ( 'NONE',  ( 0.000000000000000000, -0.000000000000000000, -1.000000000000000000 ) ) ;
#1910 = VERTEX_POINT ( 'NONE', #435 ) ;
#1911 = EDGE_CURVE ( 'NONE', #604, #1992, #1099, .T. ) ;
#1912 = CARTESIAN_POINT ( 'NONE',  ( 0.5484827557301440448, -3.499999999999999556, 0.9500000000000005107 ) ) ;
#1913 = AXIS2_PLACEMENT_3D ( 'NONE', #1655, #948, #155 ) ;
#1914 = DIRECTION ( 'NONE',  ( 0.000000000000000000, 0.000000000000000000, 1.000000000000000000 ) ) ;
#1915 = ORIENTED_EDGE ( 'NONE', *, *, #1457, .F. ) ;
#1916 = VERTEX_POINT ( 'NONE', #613 ) ;
#1917 = ORIENTED_EDGE ( 'NONE', *, *, #958, .T. ) ;
#1918 = LINE ( 'NONE', #1927, #504 ) ;
#1919 = ORIENTED_EDGE ( 'NONE', *, *, #910, .F. ) ;
#1920 = LINE ( 'NONE', #1886, #650 ) ;
#1921 = LINE ( 'NONE', #917, #508 ) ;
#1922 = B_SPLINE_CURVE_WITH_KNOTS ( 'NONE', 3,
 ( #1152, #502, #173, #826 ),
 .UNSPECIFIED., .F., .F.,
 ( 4, 4 ),
 ( 0.000000000000000000, 7.145938727791269587E-05 ),
 .UNSPECIFIED. ) ;
#1923 = CARTESIAN_POINT ( 'NONE',  ( 2.351556185020803103, 0.7999999999999999334, -5.976473749953345127 ) ) ;
#1924 = CARTESIAN_POINT ( 'NONE',  ( 0.000000000000000000, 0.000000000000000000, 1.750000000000000000 ) ) ;
#1925 = ORIENTED_EDGE ( 'NONE', *, *, #4, .F. ) ;
#1926 = ORIENTED_EDGE ( 'NONE', *, *, #1087, .T. ) ;
#1927 = CARTESIAN_POINT ( 'NONE',  ( 4.351556185020880818, 0.7999999999999999334, 4.821773211574059026 ) ) ;
#1928 = APPLICATION_PROTOCOL_DEFINITION ( 'draft international standard', 'automotive_design', 1998, #1272 ) ;
#1929 = CARTESIAN_POINT ( 'NONE',  ( 0.000000000000000000, -2.899999999999999911, 0.000000000000000000 ) ) ;
#1930 = EDGE_CURVE ( 'NONE', #2098, #930, #1283, .T. ) ;
#1931 = DIRECTION ( 'NONE',  ( 0.8660254037844388186, 0.000000000000000000, -0.4999999999999998335 ) ) ;
#1932 = DIRECTION ( 'NONE',  ( -0.9848077530122076872, 0.000000000000000000, 0.1736481776669319410 ) ) ;
#1933 = VERTEX_POINT ( 'NONE', #275 ) ;
#1934 = EDGE_LOOP ( 'NONE', ( #410, #1153, #633, #327 ) ) ;
#1935 = AXIS2_PLACEMENT_3D ( 'NONE', #1301, #648, #1310 ) ;
#1936 = EDGE_CURVE ( 'NONE', #1799, #2137, #1593, .T. ) ;
#1937 = PLANE ( 'NONE',  #1479 ) ;
#1938 = VECTOR ( 'NONE', #874, 1000.000000000000000 ) ;
#1939 = VERTEX_POINT ( 'NONE', #765 ) ;
#1940 = VECTOR ( 'NONE', #686, 1000.000000000000000 ) ;
#1941 = B_SPLINE_CURVE_WITH_KNOTS ( 'NONE', 3,
 ( #162, #817, #1488, #659 ),
 .UNSPECIFIED., .F., .F.,
 ( 4, 4 ),
 ( 0.000000000000000000, 7.145938727791134061E-05 ),
 .UNSPECIFIED. ) ;
#1942 =( BOUNDED_CURVE ( )  B_SPLINE_CURVE ( 3, ( #2113, #452, #1259, #1784 ),
 .UNSPECIFIED., .F., .F. ) 
 B_SPLINE_CURVE_WITH_KNOTS ( ( 4, 4 ),
 ( 1.628253841920345391, 3.141592653589793116 ),
 .UNSPECIFIED. ) 
 CURVE ( )  GEOMETRIC_REPRESENTATION_ITEM ( )  RATIONAL_B_SPLINE_CURVE ( ( 1.000000000000000000, 0.8180843359977529872, 0.8180843359977529872, 1.000000000000000000 ) ) 
 REPRESENTATION_ITEM ( '' )  );
#1943 = VERTEX_POINT ( 'NONE', #1770 ) ;
#1944 = DIRECTION ( 'NONE',  ( 0.000000000000000000, -1.000000000000000000, 0.000000000000000000 ) ) ;
#1945 = CARTESIAN_POINT ( 'NONE',  ( 9.797174393178825657E-16, 1.199999999999999956, 8.000000000000000000 ) ) ;
#1946 = CYLINDRICAL_SURFACE ( 'NONE', #813, 4.854832348694350763 ) ;
#1947 = VERTEX_POINT ( 'NONE', #1434 ) ;
#1948 = CARTESIAN_POINT ( 'NONE',  ( -0.8749999999999997780, -2.900990137367855937, 1.515544456622767600 ) ) ;
#1949 = FACE_OUTER_BOUND ( 'NONE', #1265, .T. ) ;
#1950 = DIRECTION ( 'NONE',  ( 0.000000000000000000, 1.000000000000000000, 0.000000000000000000 ) ) ;
#1951 = DIRECTION ( 'NONE',  ( -0.9848077530122070211, 0.000000000000000000, 0.1736481776669362154 ) ) ;
#1952 = EDGE_LOOP ( 'NONE', ( #438, #605 ) ) ;
#1953 = DIRECTION ( 'NONE',  ( -0.9396926207859105373, 0.000000000000000000, -0.3420201433256631063 ) ) ;
#1954 = ORIENTED_EDGE ( 'NONE', *, *, #1351, .F. ) ;
#1955 = ADVANCED_FACE ( 'NONE', ( #1602 ), #119, .F. ) ;
#1956 = DIRECTION ( 'NONE',  ( 0.000000000000000000, 1.000000000000000000, 0.000000000000000000 ) ) ;
#1957 = EDGE_CURVE ( 'NONE', #740, #634, #831, .T. ) ;
#1958 = ADVANCED_FACE ( 'NONE', ( #1132 ), #1159, .F. ) ;
#1959 = EDGE_CURVE ( 'NONE', #636, #942, #914, .T. ) ;
#1960 = LINE ( 'NONE', #757, #722 ) ;
#1961 = FACE_OUTER_BOUND ( 'NONE', #1273, .T. ) ;
#1962 = CARTESIAN_POINT ( 'NONE',  ( 0.2889417060312441943, 0.7999999999999999334, -6.340168333399118339 ) ) ;
#1963 = ORIENTED_EDGE ( 'NONE', *, *, #9, .T. ) ;
#1964 = LINE ( 'NONE', #470, #1618 ) ;
#1965 = ORIENTED_EDGE ( 'NONE', *, *, #160, .T. ) ;
#1966 = CARTESIAN_POINT ( 'NONE',  ( 0.000000000000000000, -12.93153950114235506, 0.000000000000000000 ) ) ;
#1967 = AXIS2_PLACEMENT_3D ( 'NONE', #1313, #1168, #1648 ) ;
#1968 = CARTESIAN_POINT ( 'NONE',  ( -3.469828777112403007, 0.7999999999999999334, -7.708248906701753889 ) ) ;
#1969 = EDGE_CURVE ( 'NONE', #1111, #1550, #2115, .T. ) ;
#1970 = FACE_OUTER_BOUND ( 'NONE', #1802, .T. ) ;
#1971 = CARTESIAN_POINT ( 'NONE',  ( 0.000000000000000000, 0.8000000000000003775, 0.000000000000000000 ) ) ;
#1972 = ORIENTED_EDGE ( 'NONE', *, *, #954, .F. ) ;
#1973 = ADVANCED_FACE ( 'NONE', ( #632 ), #1656, .F. ) ;
#1974 = LINE ( 'NONE', #313, #1997 ) ;
#1975 = ORIENTED_EDGE ( 'NONE', *, *, #422, .F. ) ;
#1976 = CARTESIAN_POINT ( 'NONE',  ( -6.000000000000000000, 0.7999999999999999334, 1.154700538379251684 ) ) ;
#1977 =( NAMED_UNIT ( * ) SI_UNIT ( $, .STERADIAN. ) SOLID_ANGLE_UNIT ( ) );
#1978 = DIRECTION ( 'NONE',  ( 0.000000000000000000, 1.000000000000000000, 0.000000000000000000 ) ) ;
#1979 = CARTESIAN_POINT ( 'NONE',  ( -0.8124038404635950394, -2.899999999999999911, 1.550000000000000488 ) ) ;
#1980 = ORIENTED_EDGE ( 'NONE', *, *, #1420, .T. ) ;
#1981 = EDGE_CURVE ( 'NONE', #1101, #1898, #1123, .T. ) ;
#1982 = CARTESIAN_POINT ( 'NONE',  ( -7.557977594194635884, 0.7999999999999999334, -3.523847655601768825 ) ) ;
#1983 = CARTESIAN_POINT ( 'NONE',  ( -1.748541296097678055, -2.899999999999999911, 0.07143763602648585398 ) ) ;
#1984 = VECTOR ( 'NONE', #1951, 1000.000000000000000 ) ;
#1985 = DIRECTION ( 'NONE',  ( 0.000000000000000000, 0.000000000000000000, -1.000000000000000000 ) ) ;
#1986 = DIRECTION ( 'NONE',  ( 0.4999999999999998890, 0.000000000000000000, -0.8660254037844385966 ) ) ;
#1987 = LINE ( 'NONE', #476, #481 ) ;
#1988 = DIRECTION ( 'NONE',  ( -0.000000000000000000, 1.000000000000000000, -0.000000000000000000 ) ) ;
#1989 = VECTOR ( 'NONE', #850, 1000.000000000000000 ) ;
#1990 = ORIENTED_EDGE ( 'NONE', *, *, #1867, .F. ) ;
#1991 = CARTESIAN_POINT ( 'NONE',  ( -0.5484827557301445999, -3.499999999999999556, 0.9500000000000005107 ) ) ;
#1992 = VERTEX_POINT ( 'NONE', #150 ) ;
#1993 = CARTESIAN_POINT ( 'NONE',  ( 2.351556185020788448, 1.199999999999999956, -7.646579856948495291 ) ) ;
#1994 = EDGE_LOOP ( 'NONE', ( #1560, #1528, #1707, #242 ) ) ;
#1995 = EDGE_CURVE ( 'NONE', #211, #561, #310, .T. ) ;
#1996 = CARTESIAN_POINT ( 'NONE',  ( 0.8124038404635957056, -2.899999999999999911, -1.550000000000000266 ) ) ;
#1997 = VECTOR ( 'NONE', #666, 1000.000000000000000 ) ;
#1998 = DIRECTION ( 'NONE',  ( 0.000000000000000000, -1.000000000000000000, 0.000000000000000000 ) ) ;
#1999 = AXIS2_PLACEMENT_3D ( 'NONE', #55, #713, #1376 ) ;
#2000 = CARTESIAN_POINT ( 'NONE',  ( -0.9361374556340830155, -2.899999999999999911, -1.478562363973513927 ) ) ;
#2001 = CARTESIAN_POINT ( 'NONE',  ( 1.096965511460288756, -3.164336076989803015, 7.948398860141312153E-16 ) ) ;
#2002 = ORIENTED_EDGE ( 'NONE', *, *, #1275, .T. ) ;
#2003 = DIRECTION ( 'NONE',  ( 0.000000000000000000, -1.000000000000000000, 0.000000000000000000 ) ) ;
#2004 = CIRCLE ( 'NONE', #1589, 8.000000000000000000 ) ;
#2005 = DIRECTION ( 'NONE',  ( -0.000000000000000000, 1.000000000000000000, -0.000000000000000000 ) ) ;
#2006 = VERTEX_POINT ( 'NONE', #1816 ) ;
#2007 = DIRECTION ( 'NONE',  ( 0.000000000000000000, -1.000000000000000000, 0.000000000000000000 ) ) ;
#2008 = ORIENTED_EDGE ( 'NONE', *, *, #564, .F. ) ;
#2009 = DIRECTION ( 'NONE',  ( 0.000000000000000000, 1.000000000000000000, 0.000000000000000000 ) ) ;
#2010 = EDGE_CURVE ( 'NONE', #677, #707, #169, .T. ) ;
#2011 = FACE_OUTER_BOUND ( 'NONE', #846, .T. ) ;
#2012 = DIRECTION ( 'NONE',  ( -0.000000000000000000, 1.000000000000000000, -0.000000000000000000 ) ) ;
#2013 = DIRECTION ( 'NONE',  ( 0.1736481776669273613, 0.000000000000000000, -0.9848077530122086864 ) ) ;
#2014 = ORIENTED_EDGE ( 'NONE', *, *, #2094, .F. ) ;
#2015 = DIRECTION ( 'NONE',  ( -0.4999999999999995559, -0.000000000000000000, -0.8660254037844389297 ) ) ;
#2016 = CARTESIAN_POINT ( 'NONE',  ( 0.8124038404635950394, -2.899999999999999911, 1.550000000000000488 ) ) ;
#2017 = ORIENTED_EDGE ( 'NONE', *, *, #973, .F. ) ;
#2018 = FACE_OUTER_BOUND ( 'NONE', #1285, .T. ) ;
#2019 = ORIENTED_EDGE ( 'NONE', *, *, #2091, .T. ) ;
#2020 = CARTESIAN_POINT ( 'NONE',  ( 0.000000000000000000, 1.199999999999999956, 0.000000000000000000 ) ) ;
#2021 = VECTOR ( 'NONE', #624, 1000.000000000000000 ) ;
#2022 = EDGE_CURVE ( 'NONE', #780, #99, #843, .T. ) ;
#2023 = ADVANCED_FACE ( 'NONE', ( #140 ), #1003, .F. ) ;
#2024 = EDGE_CURVE ( 'NONE', #942, #636, #115, .T. ) ;
#2025 = ADVANCED_FACE ( 'NONE', ( #959 ), #467, .T. ) ;
#2026 = CARTESIAN_POINT ( 'NONE',  ( 5.945454896225562775E-16, 1.199999999999999956, -4.854832348694350763 ) ) ;
#2027 = DIRECTION ( 'NONE',  ( 0.3420201433256675472, 0.000000000000000000, -0.9396926207859088720 ) ) ;
#2028 = ORIENTED_EDGE ( 'NONE', *, *, #685, .F. ) ;
#2029 = CARTESIAN_POINT ( 'NONE',  ( 5.697832172998507083, 0.7999999999999999334, 3.217343966278387146 ) ) ;
#2030 = CARTESIAN_POINT ( 'NONE',  ( 0.000000000000000000, 0.7999999999999999334, 0.000000000000000000 ) ) ;
#2031 = ORIENTED_EDGE ( 'NONE', *, *, #180, .F. ) ;
#2032 = LINE ( 'NONE', #658, #1233 ) ;
#2033 = EDGE_LOOP ( 'NONE', ( #1346, #423, #748, #287 ) ) ;
#2034 = CARTESIAN_POINT ( 'NONE',  ( -0.8956200219599985690, -2.900305353333383795, 1.503639481393466593 ) ) ;
#2035 = VECTOR ( 'NONE', #2005, 1000.000000000000000 ) ;
#2036 = CARTESIAN_POINT ( 'NONE',  ( 0.2889417060313252406, 1.199999999999999956, 6.340168333399120115 ) ) ;
#2037 = LINE ( 'NONE', #1689, #629 ) ;
#2038 = ORIENTED_EDGE ( 'NONE', *, *, #473, .F. ) ;
#2039 = AXIS2_PLACEMENT_3D ( 'NONE', #1262, #759, #1914 ) ;
#2040 = EDGE_CURVE ( 'NONE', #538, #339, #566, .T. ) ;
#2041 = AXIS2_PLACEMENT_3D ( 'NONE', #1297, #781, #622 ) ;
#2042 = CARTESIAN_POINT ( 'NONE',  ( -0.8543799780400016530, -2.900305353333383795, -1.527449431852068606 ) ) ;
#2043 = LINE ( 'NONE', #219, #65 ) ;
#2044 = EDGE_CURVE ( 'NONE', #1728, #1715, #670, .T. ) ;
#2045 = ORIENTED_EDGE ( 'NONE', *, *, #1969, .T. ) ;
#2046 = ORIENTED_EDGE ( 'NONE', *, *, #1936, .T. ) ;
#2047 = ORIENTED_EDGE ( 'NONE', *, *, #1611, .T. ) ;
#2048 = VECTOR ( 'NONE', #672, 1000.000000000000000 ) ;
#2049 = LINE ( 'NONE', #553, #611 ) ;
#2050 = ADVANCED_BREP_SHAPE_REPRESENTATION ( '轮子1.9-2.9', ( #225, #1363 ), #1184 ) ;
#2051 = DIRECTION ( 'NONE',  ( 0.3420201433256630508, 0.000000000000000000, -0.9396926207859104263 ) ) ;
#2052 = CARTESIAN_POINT ( 'NONE',  ( 1.363048301789094641, -2.920265942133605463, 8.539221340700408594E-16 ) ) ;
#2053 = EDGE_LOOP ( 'NONE', ( #1277, #1160, #1217, #37 ) ) ;
#2054 = LINE ( 'NONE', #557, #1885 ) ;
#2055 = DIRECTION ( 'NONE',  ( 0.000000000000000000, 1.000000000000000000, 0.000000000000000000 ) ) ;
#2056 = ORIENTED_EDGE ( 'NONE', *, *, #578, .F. ) ;
#2057 = ORIENTED_EDGE ( 'NONE', *, *, #1349, .F. ) ;
#2058 = ORIENTED_EDGE ( 'NONE', *, *, #2022, .F. ) ;
#2059 = EDGE_CURVE ( 'NONE', #1189, #896, #971, .T. ) ;
#2060 = CARTESIAN_POINT ( 'NONE',  ( -0.9160122821899443490, -2.899999999999999467, -1.491304422828279019 ) ) ;
#2061 = AXIS2_PLACEMENT_3D ( 'NONE', #355, #38, #714 ) ;
#2062 = CARTESIAN_POINT ( 'NONE',  ( 0.2889417060313254626, 0.7999999999999999334, 6.340168333399120115 ) ) ;
#2063 = ORIENTED_EDGE ( 'NONE', *, *, #1415, .T. ) ;
#2064 = VERTEX_POINT ( 'NONE', #326 ) ;
#2065 = DIRECTION ( 'NONE',  ( -0.6427876096865405842, 0.000000000000000000, -0.7660444431189771253 ) ) ;
#2066 = CARTESIAN_POINT ( 'NONE',  ( 0.3747125296810477346, 1.199999999999999956, 2.125100357163014486 ) ) ;
#2067 = ORIENTED_EDGE ( 'NONE', *, *, #63, .F. ) ;
#2068 = ORIENTED_EDGE ( 'NONE', *, *, #63, .T. ) ;
#2069 = UNCERTAINTY_MEASURE_WITH_UNIT (LENGTH_MEASURE( 1.000000000000000082E-05 ), #1267, 'distance_accuracy_value', 'NONE');
#2070 = CARTESIAN_POINT ( 'NONE',  ( 0.000000000000000000, 1.199999999999999956, 0.000000000000000000 ) ) ;
#2071 = EDGE_CURVE ( 'NONE', #940, #1393, #662, .T. ) ;
#2072 = DIRECTION ( 'NONE',  ( -0.000000000000000000, -1.000000000000000000, -0.000000000000000000 ) ) ;
#2073 = SURFACE_STYLE_USAGE ( .BOTH. , #756 ) ;
#2074 = ORIENTED_EDGE ( 'NONE', *, *, #1696, .T. ) ;
#2075 = PLANE ( 'NONE',  #1040 ) ;
#2076 = DIRECTION ( 'NONE',  ( 0.000000000000000000, 0.000000000000000000, 1.000000000000000000 ) ) ;
#2077 = ORIENTED_EDGE ( 'NONE', *, *, #1823, .F. ) ;
#2078 = VERTEX_POINT ( 'NONE', #699 ) ;
#2079 = ORIENTED_EDGE ( 'NONE', *, *, #2106, .F. ) ;
#2080 = PLANE ( 'NONE',  #202 ) ;
#2081 =( BOUNDED_CURVE ( )  B_SPLINE_CURVE ( 3, ( #1948, #1103, #457, #1294 ),
 .UNSPECIFIED., .F., .F. ) 
 B_SPLINE_CURVE_WITH_KNOTS ( ( 4, 4 ),
 ( 1.628253841920346279, 3.141592653589793116 ),
 .UNSPECIFIED. ) 
 CURVE ( )  GEOMETRIC_REPRESENTATION_ITEM ( )  RATIONAL_B_SPLINE_CURVE ( ( 1.000000000000000000, 0.8180843359977532092, 0.8180843359977532092, 1.000000000000000000 ) ) 
 REPRESENTATION_ITEM ( '' )  );
#2082 = VECTOR ( 'NONE', #737, 1000.000000000000000 ) ;
#2083 = EDGE_CURVE ( 'NONE', #1743, #1724, #673, .T. ) ;
#2084 = LINE ( 'NONE', #744, #818 ) ;
#2085 = CARTESIAN_POINT ( 'NONE',  ( 9.797174393178825657E-16, 0.000000000000000000, 8.000000000000000000 ) ) ;
#2086 = LINE ( 'NONE', #1251, #28 ) ;
#2087 = EDGE_LOOP ( 'NONE', ( #1254, #888 ) ) ;
#2088 = EDGE_CURVE ( 'NONE', #2098, #1111, #289, .T. ) ;
#2089 = EDGE_LOOP ( 'NONE', ( #1177, #389, #1583, #2130 ) ) ;
#2090 = CYLINDRICAL_SURFACE ( 'NONE', #1161, 0.5999999999999998668 ) ;
#2091 = EDGE_CURVE ( 'NONE', #1004, #1289, #2037, .T. ) ;
#2092 = AXIS2_PLACEMENT_3D ( 'NONE', #1971, #301, #7 ) ;
#2093 = CARTESIAN_POINT ( 'NONE',  ( 0.5484827557301440448, -7.900000000000000355, 0.9500000000000005107 ) ) ;
#2094 = EDGE_CURVE ( 'NONE', #1910, #559, #1563, .T. ) ;
#2095 = FACE_OUTER_BOUND ( 'NONE', #1753, .T. ) ;
#2096 = CARTESIAN_POINT ( 'NONE',  ( 0.000000000000000000, 1.199999999999999956, 2.654832348694351030 ) ) ;
#2097 = VERTEX_POINT ( 'NONE', #228 ) ;
#2098 = VERTEX_POINT ( 'NONE', #512 ) ;
#2099 = FACE_OUTER_BOUND ( 'NONE', #1994, .T. ) ;
#2100 = ORIENTED_EDGE ( 'NONE', *, *, #288, .F. ) ;
#2101 = VECTOR ( 'NONE', #1332, 1000.000000000000000 ) ;
#2102 = CARTESIAN_POINT ( 'NONE',  ( 6.487693860267877533, 0.7999999999999999334, -1.047216816013464280 ) ) ;
#2103 = LINE ( 'NONE', #1945, #2082 ) ;
#2104 = CARTESIAN_POINT ( 'NONE',  ( 0.000000000000000000, 1.199999999999999956, 0.000000000000000000 ) ) ;
#2105 = VERTEX_POINT ( 'NONE', #532 ) ;
#2106 = EDGE_CURVE ( 'NONE', #1079, #677, #661, .T. ) ;
#2107 = CIRCLE ( 'NONE', #1129, 8.000000000000000000 ) ;
#2108 = FACE_OUTER_BOUND ( 'NONE', #859, .T. ) ;
#2109 = ORIENTED_EDGE ( 'NONE', *, *, #1995, .T. ) ;
#2110 = CIRCLE ( 'NONE', #2039, 8.000000000000000000 ) ;
#2111 = VERTEX_POINT ( 'NONE', #1887 ) ;
#2112 = VECTOR ( 'NONE', #1556, 1000.000000000000000 ) ;
#2113 = CARTESIAN_POINT ( 'NONE',  ( -1.750000000000000000, -2.900990137367855937, 4.104011484404015420E-16 ) ) ;
#2114 = DIRECTION ( 'NONE',  ( 0.000000000000000000, -0.000000000000000000, -1.000000000000000000 ) ) ;
#2115 = LINE ( 'NONE', #988, #352 ) ;
#2116 = ADVANCED_FACE ( 'NONE', ( #397 ), #883, .F. ) ;
#2117 = ORIENTED_EDGE ( 'NONE', *, *, #424, .F. ) ;
#2118 = CARTESIAN_POINT ( 'NONE',  ( -4.440676641944988567, 1.199999999999999956, 6.654351280304058314 ) ) ;
#2119 = ADVANCED_FACE ( 'NONE', ( #1545 ), #1062, .F. ) ;
#2120 = ORIENTED_EDGE ( 'NONE', *, *, #685, .T. ) ;
#2121 = ORIENTED_EDGE ( 'NONE', *, *, #439, .T. ) ;
#2122 = ADVANCED_FACE ( 'NONE', ( #1860 ), #1388, .F. ) ;
#2123 = LINE ( 'NONE', #1405, #1110 ) ;
#2124 = DIRECTION ( 'NONE',  ( 1.000000000000000000, 0.000000000000000000, -9.883648675902360361E-17 ) ) ;
#2125 = FACE_OUTER_BOUND ( 'NONE', #2053, .T. ) ;
#2126 = AXIS2_PLACEMENT_3D ( 'NONE', #350, #1366, #2027 ) ;
#2127 = CARTESIAN_POINT ( 'NONE',  ( -1.749513656040351917, -2.899999999999999467, 0.04763769514091163726 ) ) ;
#2128 = ORIENTED_EDGE ( 'NONE', *, *, #954, .T. ) ;
#2129 = CARTESIAN_POINT ( 'NONE',  ( 2.143131898507868297E-16, 0.000000000000000000, -1.750000000000000000 ) ) ;
#2130 = ORIENTED_EDGE ( 'NONE', *, *, #1275, .F. ) ;
#2131 = FACE_OUTER_BOUND ( 'NONE', #278, .T. ) ;
#2132 = ADVANCED_FACE ( 'NONE', ( #1839 ), #1212, .F. ) ;
#2133 = EDGE_CURVE ( 'NONE', #341, #2097, #944, .T. ) ;
#2134 = CARTESIAN_POINT ( 'NONE',  ( -1.096965511460289200, -7.900000000000000355, -1.103143919893859257E-16 ) ) ;
#2135 = PLANE ( 'NONE',  #1700 ) ;
#2136 = DIRECTION ( 'NONE',  ( 0.8660254037844387076, 0.000000000000000000, -0.4999999999999998335 ) ) ;
#2137 = VERTEX_POINT ( 'NONE', #1512 ) ;
#2138 = DIRECTION ( 'NONE',  ( 0.000000000000000000, 1.000000000000000000, 0.000000000000000000 ) ) ;
#2139 = ORIENTED_EDGE ( 'NONE', *, *, #1256, .T. ) ;
#2140 = ORIENTED_EDGE ( 'NONE', *, *, #506, .F. ) ;
#2141 = DIRECTION ( 'NONE',  ( 0.000000000000000000, -1.000000000000000000, 0.000000000000000000 ) ) ;
#2142 = VECTOR ( 'NONE', #1156, 1000.000000000000000 ) ;
#2143 = CIRCLE ( 'NONE', #1163, 8.000000000000000000 ) ;
#2144 = LINE ( 'NONE', #27, #1940 ) ;
#2145 = CIRCLE ( 'NONE', #35, 8.000000000000000000 ) ;
#2146 = DIRECTION ( 'NONE',  ( 0.4999999999999995559, 0.000000000000000000, 0.8660254037844389297 ) ) ;
#2147 = CARTESIAN_POINT ( 'NONE',  ( 8.762009945474403594, 0.7999999999999999334, 0.6461935275322104877 ) ) ;
#2148 = VERTEX_POINT ( 'NONE', #31 ) ;
#2149 = ORIENTED_EDGE ( 'NONE', *, *, #840, .T. ) ;
#2150 = VECTOR ( 'NONE', #2065, 999.9999999999998863 ) ;
ENDSEC;
END-ISO-10303-21;
